run_id,generated_at_utc,as_of_utc,as_of_et,target_date,target_type,scheduled_departure,checkpoint_at,hours_to_departure,cadence_band,is_final_t4,embargo_cutoff,latest_feature_timestamp,model_version,p_b6_cancel,p_b6_severe_delay_operates,p_sq23_disruption,p_pair_success,p_miss_sq23,p_itinerary_disruption,p_reach_sin_within_6h,previous_probability,delta_probability_pp,delta_log_odds,alert_threshold,alert_status,confidence_low,confidence_high,confidence_label,data_quality_flags,source_manifest_ref,actual_outcome,score_brier,supersedes_run_id
39f0bc4d6a1c346c,2026-08-11T12:00:00Z,2026-07-31T20:30:00Z,2026-07-31T16:30:00-04:00,2026-08-05,PAIR,2026-08-05T20:30:00Z,2026-07-31T20:30:00Z,120,6h,false,2026-08-05T17:30:00Z,,0.1.0-prior-only,0.027923,0.043107,0.017986,0.933149,0.038774,0.048133,0.973527,,,,0.200000,no-alert,0.000000,0.166851,low,schedule_unverified;no_eligible_observations;prior_only,data/source_manifest.json,,,
6a3a957c31b87dba,2026-08-11T12:00:00Z,2026-08-01T02:30:00Z,2026-07-31T22:30:00-04:00,2026-08-05,PAIR,2026-08-05T20:30:00Z,2026-08-01T02:30:00Z,114,6h,false,2026-08-05T17:30:00Z,,0.1.0-prior-only,0.028092,0.043321,0.018059,0.933122,0.038789,0.048152,0.973516,0.066851,0.0027,0.000437,0.200000,no-alert,0.000000,0.166878,low,schedule_unverified;no_eligible_observations;prior_only,data/source_manifest.json,,,
f703921abb11bc1b,2026-08-11T12:00:00Z,2026-08-01T08:30:00Z,2026-08-01T04:30:00-04:00,2026-08-05,PAIR,2026-08-05T20:30:00Z,2026-08-01T08:30:00Z,108,6h,false,2026-08-05T17:30:00Z,,0.1.0-prior-only,0.028262,0.043536,0.018133,0.933094,0.038805,0.048172,0.973505,0.066878,0.0027,0.000439,0.200000,no-alert,0.000000,0.166906,low,schedule_unverified;no_eligible_observations;prior_only,data/source_manifest.json,,,
3cffb78d33f9e02e,2026-08-11T12:00:00Z,2026-08-01T14:30:00Z,2026-08-01T10:30:00-04:00,2026-08-05,PAIR,2026-08-05T20:30:00Z,2026-08-01T14:30:00Z,102,6h,false,2026-08-05T17:30:00Z,,0.1.0-prior-only,0.028432,0.043752,0.018207,0.933067,0.038821,0.048192,0.973494,0.066906,0.0028,0.000441,0.200000,no-alert,0.000000,0.166933,low,schedule_unverified;no_eligible_observations;prior_only,data/source_manifest.json,,,
55aad65757114020,2026-08-11T12:00:00Z,2026-08-01T20:30:00Z,2026-08-01T16:30:00-04:00,2026-08-05,PAIR,2026-08-05T20:30:00Z,2026-08-01T20:30:00Z,96,6h,false,2026-08-05T17:30:00Z,,0.1.0-prior-only,0.028604,0.043969,0.018281,0.933039,0.038837,0.048212,0.973483,0.066933,0.0028,0.000444,0.200000,no-alert,0.000000,0.166961,low,schedule_unverified;no_eligible_observations;prior_only,data/source_manifest.json,,,
cb7b02bc82af77aa,2026-08-11T12:00:00Z,2026-08-02T02:30:00Z,2026-08-01T22:30:00-04:00,2026-08-05,PAIR,2026-08-05T20:30:00Z,2026-08-02T02:30:00Z,90,6h,false,2026-08-05T17:30:00Z,,0.1.0-prior-only,0.028777,0.044187,0.018355,0.933011,0.038853,0.048232,0.973472,0.066961,0.0028,0.000446,0.200000,no-alert,0.000000,0.166989,low,schedule_unverified;no_eligible_observations;prior_only,data/source_manifest.json,,,
62290e6954d9dc20,2026-08-11T12:00:00Z,2026-08-02T08:30:00Z,2026-08-02T04:30:00-04:00,2026-08-05,PAIR,2026-08-05T20:30:00Z,2026-08-02T08:30:00Z,84,6h,false,2026-08-05T17:30:00Z,,0.1.0-prior-only,0.028951,0.044406,0.018430,0.932983,0.038870,0.048252,0.973461,0.066989,0.0028,0.000448,0.200000,no-alert,0.000000,0.167017,low,schedule_unverified;no_eligible_observations;prior_only,data/source_manifest.json,,,
1dde09cf655a93d4,2026-08-11T12:00:00Z,2026-08-02T14:30:00Z,2026-08-02T10:30:00-04:00,2026-08-05,PAIR,2026-08-05T20:30:00Z,2026-08-02T14:30:00Z,78,6h,false,2026-08-05T17:30:00Z,,0.1.0-prior-only,0.029126,0.044626,0.018505,0.932955,0.038886,0.048272,0.973450,0.067017,0.0028,0.000451,0.200000,no-alert,0.000000,0.167045,low,schedule_unverified;no_eligible_observations;prior_only,data/source_manifest.json,,,
e514faafef9a1f64,2026-08-11T12:00:00Z,2026-08-02T20:30:00Z,2026-08-02T16:30:00-04:00,2026-08-05,PAIR,2026-08-05T20:30:00Z,2026-08-02T20:30:00Z,72,6h,false,2026-08-05T17:30:00Z,,0.1.0-prior-only,0.029302,0.044847,0.018580,0.932927,0.038902,0.048293,0.973439,0.067045,0.0028,0.000453,0.200000,no-alert,0.000000,0.167073,low,schedule_unverified;no_eligible_observations;prior_only,data/source_manifest.json,,,
c136f3d1b0e6cd42,2026-08-11T12:00:00Z,2026-08-03T02:30:00Z,2026-08-02T22:30:00-04:00,2026-08-05,PAIR,2026-08-05T20:30:00Z,2026-08-03T02:30:00Z,66,6h,false,2026-08-05T17:30:00Z,,0.1.0-prior-only,0.029479,0.045069,0.018656,0.932898,0.038919,0.048313,0.973428,0.067073,0.0028,0.000455,0.200000,no-alert,0.000000,0.167102,low,schedule_unverified;no_eligible_observations;prior_only,data/source_manifest.json,,,
6eff69b84f4ce124,2026-08-11T12:00:00Z,2026-08-03T08:30:00Z,2026-08-03T04:30:00-04:00,2026-08-05,PAIR,2026-08-05T20:30:00Z,2026-08-03T08:30:00Z,60,6h,false,2026-08-05T17:30:00Z,,0.1.0-prior-only,0.029658,0.045292,0.018732,0.932870,0.038936,0.048334,0.973416,0.067102,0.0029,0.000457,0.200000,no-alert,0.000000,0.167130,low,schedule_unverified;no_eligible_observations;prior_only,data/source_manifest.json,,,
3f4816f79c69af93,2026-08-11T12:00:00Z,2026-08-03T14:30:00Z,2026-08-03T10:30:00-04:00,2026-08-05,PAIR,2026-08-05T20:30:00Z,2026-08-03T14:30:00Z,54,6h,false,2026-08-05T17:30:00Z,,0.1.0-prior-only,0.029837,0.045516,0.018808,0.932841,0.038952,0.048355,0.973405,0.067130,0.0029,0.000460,0.200000,no-alert,0.000000,0.167159,low,schedule_unverified;no_eligible_observations;prior_only,data/source_manifest.json,,,
e6c68e9cf14b861f,2026-08-11T12:00:00Z,2026-08-03T20:30:00Z,2026-08-03T16:30:00-04:00,2026-08-05,PAIR,2026-08-05T20:30:00Z,2026-08-03T20:30:00Z,48,6h,false,2026-08-05T17:30:00Z,,0.1.0-prior-only,0.030017,0.045741,0.018885,0.932812,0.038969,0.048375,0.973393,0.067159,0.0029,0.000462,0.200000,no-alert,0.000000,0.167188,low,schedule_unverified;no_eligible_observations;prior_only,data/source_manifest.json,,,
48dcebe05022d834,2026-08-11T12:00:00Z,2026-08-03T22:30:00Z,2026-08-03T18:30:00-04:00,2026-08-05,PAIR,2026-08-05T20:30:00Z,2026-08-03T22:30:00Z,46,2h,false,2026-08-05T17:30:00Z,,0.1.0-prior-only,0.030077,0.045817,0.018910,0.932802,0.038975,0.048382,0.973390,0.067188,0.0010,0.000155,0.200000,no-alert,0.000000,0.167198,low,schedule_unverified;no_eligible_observations;prior_only,data/source_manifest.json,,,
f50581a473a91098,2026-08-11T12:00:00Z,2026-08-04T00:30:00Z,2026-08-03T20:30:00-04:00,2026-08-05,PAIR,2026-08-05T20:30:00Z,2026-08-04T00:30:00Z,44,2h,false,2026-08-05T17:30:00Z,,0.1.0-prior-only,0.030138,0.045892,0.018936,0.932792,0.038980,0.048389,0.973386,0.067198,0.0010,0.000155,0.200000,no-alert,0.000000,0.167208,low,schedule_unverified;no_eligible_observations;prior_only,data/source_manifest.json,,,
eb4ccfd6e994183d,2026-08-11T12:00:00Z,2026-08-04T02:30:00Z,2026-08-03T22:30:00-04:00,2026-08-05,PAIR,2026-08-05T20:30:00Z,2026-08-04T02:30:00Z,42,2h,false,2026-08-05T17:30:00Z,,0.1.0-prior-only,0.030198,0.045968,0.018961,0.932783,0.038986,0.048396,0.973382,0.067208,0.0010,0.000155,0.200000,no-alert,0.000000,0.167217,low,schedule_unverified;no_eligible_observations;prior_only,data/source_manifest.json,,,
b3386ab1be5154fb,2026-08-11T12:00:00Z,2026-08-04T04:30:00Z,2026-08-04T00:30:00-04:00,2026-08-05,PAIR,2026-08-05T20:30:00Z,2026-08-04T04:30:00Z,40,2h,false,2026-08-05T17:30:00Z,,0.1.0-prior-only,0.030259,0.046043,0.018987,0.932773,0.038992,0.048403,0.973378,0.067217,0.0010,0.000155,0.200000,no-alert,0.000000,0.167227,low,schedule_unverified;no_eligible_observations;prior_only,data/source_manifest.json,,,
afe5d2dd9f8eb776,2026-08-11T12:00:00Z,2026-08-04T06:30:00Z,2026-08-04T02:30:00-04:00,2026-08-05,PAIR,2026-08-05T20:30:00Z,2026-08-04T06:30:00Z,38,2h,false,2026-08-05T17:30:00Z,,0.1.0-prior-only,0.030320,0.046119,0.019013,0.932763,0.038997,0.048410,0.973374,0.067227,0.0010,0.000156,0.200000,no-alert,0.000000,0.167237,low,schedule_unverified;no_eligible_observations;prior_only,data/source_manifest.json,,,
7580ebe752ea5701,2026-08-11T12:00:00Z,2026-08-04T08:30:00Z,2026-08-04T04:30:00-04:00,2026-08-05,PAIR,2026-08-05T20:30:00Z,2026-08-04T08:30:00Z,36,2h,false,2026-08-05T17:30:00Z,,0.1.0-prior-only,0.030380,0.046195,0.019039,0.932753,0.039003,0.048418,0.973370,0.067237,0.0010,0.000156,0.200000,no-alert,0.000000,0.167247,low,schedule_unverified;no_eligible_observations;prior_only,data/source_manifest.json,,,
2cf833f4d8067062,2026-08-11T12:00:00Z,2026-08-04T10:30:00Z,2026-08-04T06:30:00-04:00,2026-08-05,PAIR,2026-08-05T20:30:00Z,2026-08-04T10:30:00Z,34,2h,false,2026-08-05T17:30:00Z,,0.1.0-prior-only,0.030441,0.046271,0.019064,0.932744,0.039009,0.048425,0.973366,0.067247,0.0010,0.000156,0.200000,no-alert,0.000000,0.167256,low,schedule_unverified;no_eligible_observations;prior_only,data/source_manifest.json,,,
89c578a6afcd134a,2026-08-11T12:00:00Z,2026-08-04T12:30:00Z,2026-08-04T08:30:00-04:00,2026-08-05,PAIR,2026-08-05T20:30:00Z,2026-08-04T12:30:00Z,32,2h,false,2026-08-05T17:30:00Z,,0.1.0-prior-only,0.030503,0.046347,0.019090,0.932734,0.039014,0.048432,0.973363,0.067256,0.0010,0.000156,0.200000,no-alert,0.000000,0.167266,low,schedule_unverified;no_eligible_observations;prior_only,data/source_manifest.json,,,
5cdeac6949780a4a,2026-08-11T12:00:00Z,2026-08-04T14:30:00Z,2026-08-04T10:30:00-04:00,2026-08-05,PAIR,2026-08-05T20:30:00Z,2026-08-04T14:30:00Z,30,2h,false,2026-08-05T17:30:00Z,,0.1.0-prior-only,0.030564,0.046424,0.019116,0.932724,0.039020,0.048439,0.973359,0.067266,0.0010,0.000157,0.200000,no-alert,0.000000,0.167276,low,schedule_unverified;no_eligible_observations;prior_only,data/source_manifest.json,,,
25e80496815ad429,2026-08-11T12:00:00Z,2026-08-04T16:30:00Z,2026-08-04T12:30:00-04:00,2026-08-05,PAIR,2026-08-05T20:30:00Z,2026-08-04T16:30:00Z,28,2h,false,2026-08-05T17:30:00Z,,0.1.0-prior-only,0.030625,0.046500,0.019142,0.932714,0.039026,0.048446,0.973355,0.067276,0.0010,0.000157,0.200000,no-alert,0.000000,0.167286,low,schedule_unverified;no_eligible_observations;prior_only,data/source_manifest.json,,,
bb5925356d251121,2026-08-11T12:00:00Z,2026-08-04T18:30:00Z,2026-08-04T14:30:00-04:00,2026-08-05,PAIR,2026-08-05T20:30:00Z,2026-08-04T18:30:00Z,26,2h,false,2026-08-05T17:30:00Z,,0.1.0-prior-only,0.030687,0.046576,0.019168,0.932704,0.039032,0.048453,0.973351,0.067286,0.0010,0.000157,0.200000,no-alert,0.000000,0.167296,low,schedule_unverified;no_eligible_observations;prior_only,data/source_manifest.json,,,
4ee6244d6046bd83,2026-08-11T12:00:00Z,2026-08-04T20:30:00Z,2026-08-04T16:30:00-04:00,2026-08-05,PAIR,2026-08-05T20:30:00Z,2026-08-04T20:30:00Z,24,2h,false,2026-08-05T17:30:00Z,,0.1.0-prior-only,0.030748,0.046653,0.019194,0.932694,0.039037,0.048460,0.973347,0.067296,0.0010,0.000157,0.200000,no-alert,0.000000,0.167306,low,schedule_unverified;no_eligible_observations;prior_only,data/source_manifest.json,,,
c8c30f42cbbaaf19,2026-08-11T12:00:00Z,2026-08-04T22:30:00Z,2026-08-04T18:30:00-04:00,2026-08-05,PAIR,2026-08-05T20:30:00Z,2026-08-04T22:30:00Z,22,2h,false,2026-08-05T17:30:00Z,,0.1.0-prior-only,0.030810,0.046730,0.019220,0.932684,0.039043,0.048467,0.973343,0.067306,0.0010,0.000158,0.200000,no-alert,0.000000,0.167316,low,schedule_unverified;no_eligible_observations;prior_only,data/source_manifest.json,,,
dc258ecf0c97b86f,2026-08-11T12:00:00Z,2026-08-05T00:30:00Z,2026-08-04T20:30:00-04:00,2026-08-05,PAIR,2026-08-05T20:30:00Z,2026-08-05T00:30:00Z,20,2h,false,2026-08-05T17:30:00Z,,0.1.0-prior-only,0.030872,0.046807,0.019246,0.932675,0.039049,0.048474,0.973339,0.067316,0.0010,0.000158,0.200000,no-alert,0.000000,0.167325,low,schedule_unverified;no_eligible_observations;prior_only,data/source_manifest.json,,,
48780973e3f22188,2026-08-11T12:00:00Z,2026-08-05T02:30:00Z,2026-08-04T22:30:00-04:00,2026-08-05,PAIR,2026-08-05T20:30:00Z,2026-08-05T02:30:00Z,18,2h,false,2026-08-05T17:30:00Z,,0.1.0-prior-only,0.030934,0.046884,0.019272,0.932665,0.039055,0.048481,0.973335,0.067325,0.0010,0.000158,0.200000,no-alert,0.000000,0.167335,low,schedule_unverified;no_eligible_observations;prior_only,data/source_manifest.json,,,
fcd15e14125f32fc,2026-08-11T12:00:00Z,2026-08-05T04:30:00Z,2026-08-05T00:30:00-04:00,2026-08-05,PAIR,2026-08-05T20:30:00Z,2026-08-05T04:30:00Z,16,2h,false,2026-08-05T17:30:00Z,,0.1.0-prior-only,0.030996,0.046961,0.019298,0.932655,0.039060,0.048489,0.973331,0.067335,0.0010,0.000159,0.200000,no-alert,0.000000,0.167345,low,schedule_unverified;no_eligible_observations;prior_only,data/source_manifest.json,,,
6745efb070709eba,2026-08-11T12:00:00Z,2026-08-05T06:30:00Z,2026-08-05T02:30:00-04:00,2026-08-05,PAIR,2026-08-05T20:30:00Z,2026-08-05T06:30:00Z,14,2h,false,2026-08-05T17:30:00Z,,0.1.0-prior-only,0.031058,0.047038,0.019324,0.932645,0.039066,0.048496,0.973327,0.067345,0.0010,0.000159,0.200000,no-alert,0.000000,0.167355,low,schedule_unverified;no_eligible_observations;prior_only,data/source_manifest.json,,,
3778833c39bc1384,2026-08-11T12:00:00Z,2026-08-05T08:30:00Z,2026-08-05T04:30:00-04:00,2026-08-05,PAIR,2026-08-05T20:30:00Z,2026-08-05T08:30:00Z,12,2h,false,2026-08-05T17:30:00Z,,0.1.0-prior-only,0.031120,0.047115,0.019350,0.932635,0.039072,0.048503,0.973323,0.067355,0.0010,0.000159,0.200000,no-alert,0.000000,0.167365,low,schedule_unverified;no_eligible_observations;prior_only,data/source_manifest.json,,,
444df91c5a41679c,2026-08-11T12:00:00Z,2026-08-05T10:30:00Z,2026-08-05T06:30:00-04:00,2026-08-05,PAIR,2026-08-05T20:30:00Z,2026-08-05T10:30:00Z,10,2h,false,2026-08-05T17:30:00Z,,0.1.0-prior-only,0.031183,0.047193,0.019376,0.932625,0.039078,0.048510,0.973319,0.067365,0.0010,0.000159,0.200000,no-alert,0.000000,0.167375,low,schedule_unverified;no_eligible_observations;prior_only,data/source_manifest.json,,,
f8219dcec3103bf2,2026-08-11T12:00:00Z,2026-08-05T12:30:00Z,2026-08-05T08:30:00-04:00,2026-08-05,PAIR,2026-08-05T20:30:00Z,2026-08-05T12:30:00Z,8,2h,false,2026-08-05T17:30:00Z,,0.1.0-prior-only,0.031245,0.047270,0.019403,0.932615,0.039083,0.048517,0.973315,0.067375,0.0010,0.000160,0.200000,no-alert,0.000000,0.167385,low,schedule_unverified;no_eligible_observations;prior_only,data/source_manifest.json,,,
443b1a9486dc1281,2026-08-11T12:00:00Z,2026-08-05T14:30:00Z,2026-08-05T10:30:00-04:00,2026-08-05,PAIR,2026-08-05T20:30:00Z,2026-08-05T14:30:00Z,6,2h,false,2026-08-05T17:30:00Z,,0.1.0-prior-only,0.031308,0.047348,0.019429,0.932605,0.039089,0.048525,0.973311,0.067385,0.0010,0.000160,0.200000,no-alert,0.000000,0.167395,low,schedule_unverified;no_eligible_observations;prior_only,data/source_manifest.json,,,
eaeea487d4db4ea1,2026-08-11T12:00:00Z,2026-08-05T16:30:00Z,2026-08-05T12:30:00-04:00,2026-08-05,PAIR,2026-08-05T20:30:00Z,2026-08-05T16:30:00Z,4,2h,true,2026-08-05T17:30:00Z,,0.1.0-prior-only,0.031371,0.047426,0.019455,0.932595,0.039095,0.048532,0.973307,0.067395,0.0010,0.000160,0.200000,no-alert,0.000000,0.167405,low,schedule_unverified;no_eligible_observations;prior_only,data/source_manifest.json,,,
38bb9b05ccc6ed83,2026-08-11T12:00:00Z,2026-08-01T20:30:00Z,2026-08-01T16:30:00-04:00,2026-08-06,PAIR,2026-08-06T20:30:00Z,2026-08-01T20:30:00Z,120,6h,false,2026-08-06T17:30:00Z,,0.1.0-prior-only,0.027923,0.043107,0.017986,0.933149,0.038774,0.048133,0.973527,,,,0.200000,no-alert,0.000000,0.166851,low,schedule_unverified;no_eligible_observations;prior_only,data/source_manifest.json,,,
9c20f83b8e7c23f7,2026-08-11T12:00:00Z,2026-08-02T02:30:00Z,2026-08-01T22:30:00-04:00,2026-08-06,PAIR,2026-08-06T20:30:00Z,2026-08-02T02:30:00Z,114,6h,false,2026-08-06T17:30:00Z,,0.1.0-prior-only,0.028092,0.043321,0.018059,0.933122,0.038789,0.048152,0.973516,0.066851,0.0027,0.000437,0.200000,no-alert,0.000000,0.166878,low,schedule_unverified;no_eligible_observations;prior_only,data/source_manifest.json,,,
97c7157ff0ee89b0,2026-08-11T12:00:00Z,2026-08-02T08:30:00Z,2026-08-02T04:30:00-04:00,2026-08-06,PAIR,2026-08-06T20:30:00Z,2026-08-02T08:30:00Z,108,6h,false,2026-08-06T17:30:00Z,,0.1.0-prior-only,0.028262,0.043536,0.018133,0.933094,0.038805,0.048172,0.973505,0.066878,0.0027,0.000439,0.200000,no-alert,0.000000,0.166906,low,schedule_unverified;no_eligible_observations;prior_only,data/source_manifest.json,,,
b8585cf401846e82,2026-08-11T12:00:00Z,2026-08-02T14:30:00Z,2026-08-02T10:30:00-04:00,2026-08-06,PAIR,2026-08-06T20:30:00Z,2026-08-02T14:30:00Z,102,6h,false,2026-08-06T17:30:00Z,,0.1.0-prior-only,0.028432,0.043752,0.018207,0.933067,0.038821,0.048192,0.973494,0.066906,0.0028,0.000441,0.200000,no-alert,0.000000,0.166933,low,schedule_unverified;no_eligible_observations;prior_only,data/source_manifest.json,,,
89b465b41ac5244e,2026-08-11T12:00:00Z,2026-08-02T20:30:00Z,2026-08-02T16:30:00-04:00,2026-08-06,PAIR,2026-08-06T20:30:00Z,2026-08-02T20:30:00Z,96,6h,false,2026-08-06T17:30:00Z,,0.1.0-prior-only,0.028604,0.043969,0.018281,0.933039,0.038837,0.048212,0.973483,0.066933,0.0028,0.000444,0.200000,no-alert,0.000000,0.166961,low,schedule_unverified;no_eligible_observations;prior_only,data/source_manifest.json,,,
8c04df5680575c51,2026-08-11T12:00:00Z,2026-08-03T02:30:00Z,2026-08-02T22:30:00-04:00,2026-08-06,PAIR,2026-08-06T20:30:00Z,2026-08-03T02:30:00Z,90,6h,false,2026-08-06T17:30:00Z,,0.1.0-prior-only,0.028777,0.044187,0.018355,0.933011,0.038853,0.048232,0.973472,0.066961,0.0028,0.000446,0.200000,no-alert,0.000000,0.166989,low,schedule_unverified;no_eligible_observations;prior_only,data/source_manifest.json,,,
b299e42a93127fb7,2026-08-11T12:00:00Z,2026-08-03T08:30:00Z,2026-08-03T04:30:00-04:00,2026-08-06,PAIR,2026-08-06T20:30:00Z,2026-08-03T08:30:00Z,84,6h,false,2026-08-06T17:30:00Z,,0.1.0-prior-only,0.028951,0.044406,0.018430,0.932983,0.038870,0.048252,0.973461,0.066989,0.0028,0.000448,0.200000,no-alert,0.000000,0.167017,low,schedule_unverified;no_eligible_observations;prior_only,data/source_manifest.json,,,
51b49ea2fdf4311d,2026-08-11T12:00:00Z,2026-08-03T14:30:00Z,2026-08-03T10:30:00-04:00,2026-08-06,PAIR,2026-08-06T20:30:00Z,2026-08-03T14:30:00Z,78,6h,false,2026-08-06T17:30:00Z,,0.1.0-prior-only,0.029126,0.044626,0.018505,0.932955,0.038886,0.048272,0.973450,0.067017,0.0028,0.000451,0.200000,no-alert,0.000000,0.167045,low,schedule_unverified;no_eligible_observations;prior_only,data/source_manifest.json,,,
78128384e59df4ad,2026-08-11T12:00:00Z,2026-08-03T20:30:00Z,2026-08-03T16:30:00-04:00,2026-08-06,PAIR,2026-08-06T20:30:00Z,2026-08-03T20:30:00Z,72,6h,false,2026-08-06T17:30:00Z,,0.1.0-prior-only,0.029302,0.044847,0.018580,0.932927,0.038902,0.048293,0.973439,0.067045,0.0028,0.000453,0.200000,no-alert,0.000000,0.167073,low,schedule_unverified;no_eligible_observations;prior_only,data/source_manifest.json,,,
858b02999b06f0bf,2026-08-11T12:00:00Z,2026-08-04T02:30:00Z,2026-08-03T22:30:00-04:00,2026-08-06,PAIR,2026-08-06T20:30:00Z,2026-08-04T02:30:00Z,66,6h,false,2026-08-06T17:30:00Z,,0.1.0-prior-only,0.029479,0.045069,0.018656,0.932898,0.038919,0.048313,0.973428,0.067073,0.0028,0.000455,0.200000,no-alert,0.000000,0.167102,low,schedule_unverified;no_eligible_observations;prior_only,data/source_manifest.json,,,
0432cbec797ccfae,2026-08-11T12:00:00Z,2026-08-04T08:30:00Z,2026-08-04T04:30:00-04:00,2026-08-06,PAIR,2026-08-06T20:30:00Z,2026-08-04T08:30:00Z,60,6h,false,2026-08-06T17:30:00Z,,0.1.0-prior-only,0.029658,0.045292,0.018732,0.932870,0.038936,0.048334,0.973416,0.067102,0.0029,0.000457,0.200000,no-alert,0.000000,0.167130,low,schedule_unverified;no_eligible_observations;prior_only,data/source_manifest.json,,,
f6e7c497ef4c1397,2026-08-11T12:00:00Z,2026-08-04T14:30:00Z,2026-08-04T10:30:00-04:00,2026-08-06,PAIR,2026-08-06T20:30:00Z,2026-08-04T14:30:00Z,54,6h,false,2026-08-06T17:30:00Z,,0.1.0-prior-only,0.029837,0.045516,0.018808,0.932841,0.038952,0.048355,0.973405,0.067130,0.0029,0.000460,0.200000,no-alert,0.000000,0.167159,low,schedule_unverified;no_eligible_observations;prior_only,data/source_manifest.json,,,
d40a6a2022f1c53d,2026-08-11T12:00:00Z,2026-08-04T20:30:00Z,2026-08-04T16:30:00-04:00,2026-08-06,PAIR,2026-08-06T20:30:00Z,2026-08-04T20:30:00Z,48,6h,false,2026-08-06T17:30:00Z,,0.1.0-prior-only,0.030017,0.045741,0.018885,0.932812,0.038969,0.048375,0.973393,0.067159,0.0029,0.000462,0.200000,no-alert,0.000000,0.167188,low,schedule_unverified;no_eligible_observations;prior_only,data/source_manifest.json,,,
00e07edc7b0346be,2026-08-11T12:00:00Z,2026-08-04T22:30:00Z,2026-08-04T18:30:00-04:00,2026-08-06,PAIR,2026-08-06T20:30:00Z,2026-08-04T22:30:00Z,46,2h,false,2026-08-06T17:30:00Z,,0.1.0-prior-only,0.030077,0.045817,0.018910,0.932802,0.038975,0.048382,0.973390,0.067188,0.0010,0.000155,0.200000,no-alert,0.000000,0.167198,low,schedule_unverified;no_eligible_observations;prior_only,data/source_manifest.json,,,
09f54ae0f3f8e662,2026-08-11T12:00:00Z,2026-08-05T00:30:00Z,2026-08-04T20:30:00-04:00,2026-08-06,PAIR,2026-08-06T20:30:00Z,2026-08-05T00:30:00Z,44,2h,false,2026-08-06T17:30:00Z,,0.1.0-prior-only,0.030138,0.045892,0.018936,0.932792,0.038980,0.048389,0.973386,0.067198,0.0010,0.000155,0.200000,no-alert,0.000000,0.167208,low,schedule_unverified;no_eligible_observations;prior_only,data/source_manifest.json,,,
79373615135edd1d,2026-08-11T12:00:00Z,2026-08-05T02:30:00Z,2026-08-04T22:30:00-04:00,2026-08-06,PAIR,2026-08-06T20:30:00Z,2026-08-05T02:30:00Z,42,2h,false,2026-08-06T17:30:00Z,,0.1.0-prior-only,0.030198,0.045968,0.018961,0.932783,0.038986,0.048396,0.973382,0.067208,0.0010,0.000155,0.200000,no-alert,0.000000,0.167217,low,schedule_unverified;no_eligible_observations;prior_only,data/source_manifest.json,,,
528cb7843c2abce1,2026-08-11T12:00:00Z,2026-08-05T04:30:00Z,2026-08-05T00:30:00-04:00,2026-08-06,PAIR,2026-08-06T20:30:00Z,2026-08-05T04:30:00Z,40,2h,false,2026-08-06T17:30:00Z,,0.1.0-prior-only,0.030259,0.046043,0.018987,0.932773,0.038992,0.048403,0.973378,0.067217,0.0010,0.000155,0.200000,no-alert,0.000000,0.167227,low,schedule_unverified;no_eligible_observations;prior_only,data/source_manifest.json,,,
eec69461773f4113,2026-08-11T12:00:00Z,2026-08-05T06:30:00Z,2026-08-05T02:30:00-04:00,2026-08-06,PAIR,2026-08-06T20:30:00Z,2026-08-05T06:30:00Z,38,2h,false,2026-08-06T17:30:00Z,,0.1.0-prior-only,0.030320,0.046119,0.019013,0.932763,0.038997,0.048410,0.973374,0.067227,0.0010,0.000156,0.200000,no-alert,0.000000,0.167237,low,schedule_unverified;no_eligible_observations;prior_only,data/source_manifest.json,,,
a41a44cea61407fb,2026-08-11T12:00:00Z,2026-08-05T08:30:00Z,2026-08-05T04:30:00-04:00,2026-08-06,PAIR,2026-08-06T20:30:00Z,2026-08-05T08:30:00Z,36,2h,false,2026-08-06T17:30:00Z,,0.1.0-prior-only,0.030380,0.046195,0.019039,0.932753,0.039003,0.048418,0.973370,0.067237,0.0010,0.000156,0.200000,no-alert,0.000000,0.167247,low,schedule_unverified;no_eligible_observations;prior_only,data/source_manifest.json,,,
98bda1044c25347f,2026-08-11T12:00:00Z,2026-08-05T10:30:00Z,2026-08-05T06:30:00-04:00,2026-08-06,PAIR,2026-08-06T20:30:00Z,2026-08-05T10:30:00Z,34,2h,false,2026-08-06T17:30:00Z,,0.1.0-prior-only,0.030441,0.046271,0.019064,0.932744,0.039009,0.048425,0.973366,0.067247,0.0010,0.000156,0.200000,no-alert,0.000000,0.167256,low,schedule_unverified;no_eligible_observations;prior_only,data/source_manifest.json,,,
77721c581660167b,2026-08-11T12:00:00Z,2026-08-05T12:30:00Z,2026-08-05T08:30:00-04:00,2026-08-06,PAIR,2026-08-06T20:30:00Z,2026-08-05T12:30:00Z,32,2h,false,2026-08-06T17:30:00Z,,0.1.0-prior-only,0.030503,0.046347,0.019090,0.932734,0.039014,0.048432,0.973363,0.067256,0.0010,0.000156,0.200000,no-alert,0.000000,0.167266,low,schedule_unverified;no_eligible_observations;prior_only,data/source_manifest.json,,,
0c2c0852e58d2427,2026-08-11T12:00:00Z,2026-08-05T14:30:00Z,2026-08-05T10:30:00-04:00,2026-08-06,PAIR,2026-08-06T20:30:00Z,2026-08-05T14:30:00Z,30,2h,false,2026-08-06T17:30:00Z,,0.1.0-prior-only,0.030564,0.046424,0.019116,0.932724,0.039020,0.048439,0.973359,0.067266,0.0010,0.000157,0.200000,no-alert,0.000000,0.167276,low,schedule_unverified;no_eligible_observations;prior_only,data/source_manifest.json,,,
3bdfe8ca2caac294,2026-08-11T12:00:00Z,2026-08-05T16:30:00Z,2026-08-05T12:30:00-04:00,2026-08-06,PAIR,2026-08-06T20:30:00Z,2026-08-05T16:30:00Z,28,2h,false,2026-08-06T17:30:00Z,,0.1.0-prior-only,0.030625,0.046500,0.019142,0.932714,0.039026,0.048446,0.973355,0.067276,0.0010,0.000157,0.200000,no-alert,0.000000,0.167286,low,schedule_unverified;no_eligible_observations;prior_only,data/source_manifest.json,,,
7005c50e8f18beea,2026-08-11T12:00:00Z,2026-08-05T18:30:00Z,2026-08-05T14:30:00-04:00,2026-08-06,PAIR,2026-08-06T20:30:00Z,2026-08-05T18:30:00Z,26,2h,false,2026-08-06T17:30:00Z,,0.1.0-prior-only,0.030687,0.046576,0.019168,0.932704,0.039032,0.048453,0.973351,0.067286,0.0010,0.000157,0.200000,no-alert,0.000000,0.167296,low,schedule_unverified;no_eligible_observations;prior_only,data/source_manifest.json,,,
233c5a5c94b0e080,2026-08-11T12:00:00Z,2026-08-05T20:30:00Z,2026-08-05T16:30:00-04:00,2026-08-06,PAIR,2026-08-06T20:30:00Z,2026-08-05T20:30:00Z,24,2h,false,2026-08-06T17:30:00Z,,0.1.0-prior-only,0.030748,0.046653,0.019194,0.932694,0.039037,0.048460,0.973347,0.067296,0.0010,0.000157,0.200000,no-alert,0.000000,0.167306,low,schedule_unverified;no_eligible_observations;prior_only,data/source_manifest.json,,,
a762d475d30ad73e,2026-08-11T12:00:00Z,2026-08-05T22:30:00Z,2026-08-05T18:30:00-04:00,2026-08-06,PAIR,2026-08-06T20:30:00Z,2026-08-05T22:30:00Z,22,2h,false,2026-08-06T17:30:00Z,,0.1.0-prior-only,0.030810,0.046730,0.019220,0.932684,0.039043,0.048467,0.973343,0.067306,0.0010,0.000158,0.200000,no-alert,0.000000,0.167316,low,schedule_unverified;no_eligible_observations;prior_only,data/source_manifest.json,,,
f4b9b90cc8154c38,2026-08-11T12:00:00Z,2026-08-06T00:30:00Z,2026-08-05T20:30:00-04:00,2026-08-06,PAIR,2026-08-06T20:30:00Z,2026-08-06T00:30:00Z,20,2h,false,2026-08-06T17:30:00Z,,0.1.0-prior-only,0.030872,0.046807,0.019246,0.932675,0.039049,0.048474,0.973339,0.067316,0.0010,0.000158,0.200000,no-alert,0.000000,0.167325,low,schedule_unverified;no_eligible_observations;prior_only,data/source_manifest.json,,,
90ab06eaebd718e3,2026-08-11T12:00:00Z,2026-08-06T02:30:00Z,2026-08-05T22:30:00-04:00,2026-08-06,PAIR,2026-08-06T20:30:00Z,2026-08-06T02:30:00Z,18,2h,false,2026-08-06T17:30:00Z,,0.1.0-prior-only,0.030934,0.046884,0.019272,0.932665,0.039055,0.048481,0.973335,0.067325,0.0010,0.000158,0.200000,no-alert,0.000000,0.167335,low,schedule_unverified;no_eligible_observations;prior_only,data/source_manifest.json,,,
367afc68f75dcecb,2026-08-11T12:00:00Z,2026-08-06T04:30:00Z,2026-08-06T00:30:00-04:00,2026-08-06,PAIR,2026-08-06T20:30:00Z,2026-08-06T04:30:00Z,16,2h,false,2026-08-06T17:30:00Z,,0.1.0-prior-only,0.030996,0.046961,0.019298,0.932655,0.039060,0.048489,0.973331,0.067335,0.0010,0.000159,0.200000,no-alert,0.000000,0.167345,low,schedule_unverified;no_eligible_observations;prior_only,data/source_manifest.json,,,
db1d1f259e65d91e,2026-08-11T12:00:00Z,2026-08-06T06:30:00Z,2026-08-06T02:30:00-04:00,2026-08-06,PAIR,2026-08-06T20:30:00Z,2026-08-06T06:30:00Z,14,2h,false,2026-08-06T17:30:00Z,,0.1.0-prior-only,0.031058,0.047038,0.019324,0.932645,0.039066,0.048496,0.973327,0.067345,0.0010,0.000159,0.200000,no-alert,0.000000,0.167355,low,schedule_unverified;no_eligible_observations;prior_only,data/source_manifest.json,,,
ac7185be03c4e191,2026-08-11T12:00:00Z,2026-08-06T08:30:00Z,2026-08-06T04:30:00-04:00,2026-08-06,PAIR,2026-08-06T20:30:00Z,2026-08-06T08:30:00Z,12,2h,false,2026-08-06T17:30:00Z,,0.1.0-prior-only,0.031120,0.047115,0.019350,0.932635,0.039072,0.048503,0.973323,0.067355,0.0010,0.000159,0.200000,no-alert,0.000000,0.167365,low,schedule_unverified;no_eligible_observations;prior_only,data/source_manifest.json,,,
bfa07b43308da205,2026-08-11T12:00:00Z,2026-08-06T10:30:00Z,2026-08-06T06:30:00-04:00,2026-08-06,PAIR,2026-08-06T20:30:00Z,2026-08-06T10:30:00Z,10,2h,false,2026-08-06T17:30:00Z,,0.1.0-prior-only,0.031183,0.047193,0.019376,0.932625,0.039078,0.048510,0.973319,0.067365,0.0010,0.000159,0.200000,no-alert,0.000000,0.167375,low,schedule_unverified;no_eligible_observations;prior_only,data/source_manifest.json,,,
baf650b68e3439ff,2026-08-11T12:00:00Z,2026-08-06T12:30:00Z,2026-08-06T08:30:00-04:00,2026-08-06,PAIR,2026-08-06T20:30:00Z,2026-08-06T12:30:00Z,8,2h,false,2026-08-06T17:30:00Z,,0.1.0-prior-only,0.031245,0.047270,0.019403,0.932615,0.039083,0.048517,0.973315,0.067375,0.0010,0.000160,0.200000,no-alert,0.000000,0.167385,low,schedule_unverified;no_eligible_observations;prior_only,data/source_manifest.json,,,
956ee11dd614a232,2026-08-11T12:00:00Z,2026-08-06T14:30:00Z,2026-08-06T10:30:00-04:00,2026-08-06,PAIR,2026-08-06T20:30:00Z,2026-08-06T14:30:00Z,6,2h,false,2026-08-06T17:30:00Z,,0.1.0-prior-only,0.031308,0.047348,0.019429,0.932605,0.039089,0.048525,0.973311,0.067385,0.0010,0.000160,0.200000,no-alert,0.000000,0.167395,low,schedule_unverified;no_eligible_observations;prior_only,data/source_manifest.json,,,
4a92fbd9545b02e6,2026-08-11T12:00:00Z,2026-08-06T16:30:00Z,2026-08-06T12:30:00-04:00,2026-08-06,PAIR,2026-08-06T20:30:00Z,2026-08-06T16:30:00Z,4,2h,true,2026-08-06T17:30:00Z,,0.1.0-prior-only,0.031371,0.047426,0.019455,0.932595,0.039095,0.048532,0.973307,0.067395,0.0010,0.000160,0.200000,no-alert,0.000000,0.167405,low,schedule_unverified;no_eligible_observations;prior_only,data/source_manifest.json,,,
5938eb97e86c75ba,2026-08-11T12:00:00Z,2026-08-02T20:30:00Z,2026-08-02T16:30:00-04:00,2026-08-07,PAIR,2026-08-07T20:30:00Z,2026-08-02T20:30:00Z,120,6h,false,2026-08-07T17:30:00Z,,0.1.0-prior-only,0.027923,0.043107,0.017986,0.933149,0.038774,0.048133,0.973527,,,,0.200000,no-alert,0.000000,0.166851,low,schedule_unverified;no_eligible_observations;prior_only,data/source_manifest.json,,,
d4e66e38fdd79366,2026-08-11T12:00:00Z,2026-08-03T02:30:00Z,2026-08-02T22:30:00-04:00,2026-08-07,PAIR,2026-08-07T20:30:00Z,2026-08-03T02:30:00Z,114,6h,false,2026-08-07T17:30:00Z,,0.1.0-prior-only,0.028092,0.043321,0.018059,0.933122,0.038789,0.048152,0.973516,0.066851,0.0027,0.000437,0.200000,no-alert,0.000000,0.166878,low,schedule_unverified;no_eligible_observations;prior_only,data/source_manifest.json,,,
354b8aa856383ea5,2026-08-11T12:00:00Z,2026-08-03T08:30:00Z,2026-08-03T04:30:00-04:00,2026-08-07,PAIR,2026-08-07T20:30:00Z,2026-08-03T08:30:00Z,108,6h,false,2026-08-07T17:30:00Z,,0.1.0-prior-only,0.028262,0.043536,0.018133,0.933094,0.038805,0.048172,0.973505,0.066878,0.0027,0.000439,0.200000,no-alert,0.000000,0.166906,low,schedule_unverified;no_eligible_observations;prior_only,data/source_manifest.json,,,
5fecd69b494690dc,2026-08-11T12:00:00Z,2026-08-03T14:30:00Z,2026-08-03T10:30:00-04:00,2026-08-07,PAIR,2026-08-07T20:30:00Z,2026-08-03T14:30:00Z,102,6h,false,2026-08-07T17:30:00Z,,0.1.0-prior-only,0.028432,0.043752,0.018207,0.933067,0.038821,0.048192,0.973494,0.066906,0.0028,0.000441,0.200000,no-alert,0.000000,0.166933,low,schedule_unverified;no_eligible_observations;prior_only,data/source_manifest.json,,,
cce08d87abc7c92f,2026-08-11T12:00:00Z,2026-08-03T20:30:00Z,2026-08-03T16:30:00-04:00,2026-08-07,PAIR,2026-08-07T20:30:00Z,2026-08-03T20:30:00Z,96,6h,false,2026-08-07T17:30:00Z,,0.1.0-prior-only,0.028604,0.043969,0.018281,0.933039,0.038837,0.048212,0.973483,0.066933,0.0028,0.000444,0.200000,no-alert,0.000000,0.166961,low,schedule_unverified;no_eligible_observations;prior_only,data/source_manifest.json,,,
3249a97a423c4129,2026-08-11T12:00:00Z,2026-08-04T02:30:00Z,2026-08-03T22:30:00-04:00,2026-08-07,PAIR,2026-08-07T20:30:00Z,2026-08-04T02:30:00Z,90,6h,false,2026-08-07T17:30:00Z,,0.1.0-prior-only,0.028777,0.044187,0.018355,0.933011,0.038853,0.048232,0.973472,0.066961,0.0028,0.000446,0.200000,no-alert,0.000000,0.166989,low,schedule_unverified;no_eligible_observations;prior_only,data/source_manifest.json,,,
7f63420a6f55e613,2026-08-11T12:00:00Z,2026-08-04T08:30:00Z,2026-08-04T04:30:00-04:00,2026-08-07,PAIR,2026-08-07T20:30:00Z,2026-08-04T08:30:00Z,84,6h,false,2026-08-07T17:30:00Z,,0.1.0-prior-only,0.028951,0.044406,0.018430,0.932983,0.038870,0.048252,0.973461,0.066989,0.0028,0.000448,0.200000,no-alert,0.000000,0.167017,low,schedule_unverified;no_eligible_observations;prior_only,data/source_manifest.json,,,
dc522b0603e751e3,2026-08-11T12:00:00Z,2026-08-04T14:30:00Z,2026-08-04T10:30:00-04:00,2026-08-07,PAIR,2026-08-07T20:30:00Z,2026-08-04T14:30:00Z,78,6h,false,2026-08-07T17:30:00Z,,0.1.0-prior-only,0.029126,0.044626,0.018505,0.932955,0.038886,0.048272,0.973450,0.067017,0.0028,0.000451,0.200000,no-alert,0.000000,0.167045,low,schedule_unverified;no_eligible_observations;prior_only,data/source_manifest.json,,,
facba79668b1ef71,2026-08-11T12:00:00Z,2026-08-04T20:30:00Z,2026-08-04T16:30:00-04:00,2026-08-07,PAIR,2026-08-07T20:30:00Z,2026-08-04T20:30:00Z,72,6h,false,2026-08-07T17:30:00Z,,0.1.0-prior-only,0.029302,0.044847,0.018580,0.932927,0.038902,0.048293,0.973439,0.067045,0.0028,0.000453,0.200000,no-alert,0.000000,0.167073,low,schedule_unverified;no_eligible_observations;prior_only,data/source_manifest.json,,,
c10f7e8dbc7733ce,2026-08-11T12:00:00Z,2026-08-05T02:30:00Z,2026-08-04T22:30:00-04:00,2026-08-07,PAIR,2026-08-07T20:30:00Z,2026-08-05T02:30:00Z,66,6h,false,2026-08-07T17:30:00Z,,0.1.0-prior-only,0.029479,0.045069,0.018656,0.932898,0.038919,0.048313,0.973428,0.067073,0.0028,0.000455,0.200000,no-alert,0.000000,0.167102,low,schedule_unverified;no_eligible_observations;prior_only,data/source_manifest.json,,,
f8f285b8f0b3d4a5,2026-08-11T12:00:00Z,2026-08-05T08:30:00Z,2026-08-05T04:30:00-04:00,2026-08-07,PAIR,2026-08-07T20:30:00Z,2026-08-05T08:30:00Z,60,6h,false,2026-08-07T17:30:00Z,,0.1.0-prior-only,0.029658,0.045292,0.018732,0.932870,0.038936,0.048334,0.973416,0.067102,0.0029,0.000457,0.200000,no-alert,0.000000,0.167130,low,schedule_unverified;no_eligible_observations;prior_only,data/source_manifest.json,,,
502d14766b56c7d6,2026-08-11T12:00:00Z,2026-08-05T14:30:00Z,2026-08-05T10:30:00-04:00,2026-08-07,PAIR,2026-08-07T20:30:00Z,2026-08-05T14:30:00Z,54,6h,false,2026-08-07T17:30:00Z,,0.1.0-prior-only,0.029837,0.045516,0.018808,0.932841,0.038952,0.048355,0.973405,0.067130,0.0029,0.000460,0.200000,no-alert,0.000000,0.167159,low,schedule_unverified;no_eligible_observations;prior_only,data/source_manifest.json,,,
3e6e1d1251349f11,2026-08-11T12:00:00Z,2026-08-05T20:30:00Z,2026-08-05T16:30:00-04:00,2026-08-07,PAIR,2026-08-07T20:30:00Z,2026-08-05T20:30:00Z,48,6h,false,2026-08-07T17:30:00Z,,0.1.0-prior-only,0.030017,0.045741,0.018885,0.932812,0.038969,0.048375,0.973393,0.067159,0.0029,0.000462,0.200000,no-alert,0.000000,0.167188,low,schedule_unverified;no_eligible_observations;prior_only,data/source_manifest.json,,,
d98a78c03ae66ffc,2026-08-11T12:00:00Z,2026-08-05T22:30:00Z,2026-08-05T18:30:00-04:00,2026-08-07,PAIR,2026-08-07T20:30:00Z,2026-08-05T22:30:00Z,46,2h,false,2026-08-07T17:30:00Z,,0.1.0-prior-only,0.030077,0.045817,0.018910,0.932802,0.038975,0.048382,0.973390,0.067188,0.0010,0.000155,0.200000,no-alert,0.000000,0.167198,low,schedule_unverified;no_eligible_observations;prior_only,data/source_manifest.json,,,
95e8b349b0a3bf58,2026-08-11T12:00:00Z,2026-08-06T00:30:00Z,2026-08-05T20:30:00-04:00,2026-08-07,PAIR,2026-08-07T20:30:00Z,2026-08-06T00:30:00Z,44,2h,false,2026-08-07T17:30:00Z,,0.1.0-prior-only,0.030138,0.045892,0.018936,0.932792,0.038980,0.048389,0.973386,0.067198,0.0010,0.000155,0.200000,no-alert,0.000000,0.167208,low,schedule_unverified;no_eligible_observations;prior_only,data/source_manifest.json,,,
b5ff8943a585b220,2026-08-11T12:00:00Z,2026-08-06T02:30:00Z,2026-08-05T22:30:00-04:00,2026-08-07,PAIR,2026-08-07T20:30:00Z,2026-08-06T02:30:00Z,42,2h,false,2026-08-07T17:30:00Z,,0.1.0-prior-only,0.030198,0.045968,0.018961,0.932783,0.038986,0.048396,0.973382,0.067208,0.0010,0.000155,0.200000,no-alert,0.000000,0.167217,low,schedule_unverified;no_eligible_observations;prior_only,data/source_manifest.json,,,
46cb171549009359,2026-08-11T12:00:00Z,2026-08-06T04:30:00Z,2026-08-06T00:30:00-04:00,2026-08-07,PAIR,2026-08-07T20:30:00Z,2026-08-06T04:30:00Z,40,2h,false,2026-08-07T17:30:00Z,,0.1.0-prior-only,0.030259,0.046043,0.018987,0.932773,0.038992,0.048403,0.973378,0.067217,0.0010,0.000155,0.200000,no-alert,0.000000,0.167227,low,schedule_unverified;no_eligible_observations;prior_only,data/source_manifest.json,,,
29b4aabf0d21b308,2026-08-11T12:00:00Z,2026-08-06T06:30:00Z,2026-08-06T02:30:00-04:00,2026-08-07,PAIR,2026-08-07T20:30:00Z,2026-08-06T06:30:00Z,38,2h,false,2026-08-07T17:30:00Z,,0.1.0-prior-only,0.030320,0.046119,0.019013,0.932763,0.038997,0.048410,0.973374,0.067227,0.0010,0.000156,0.200000,no-alert,0.000000,0.167237,low,schedule_unverified;no_eligible_observations;prior_only,data/source_manifest.json,,,
e76466796987c9d1,2026-08-11T12:00:00Z,2026-08-06T08:30:00Z,2026-08-06T04:30:00-04:00,2026-08-07,PAIR,2026-08-07T20:30:00Z,2026-08-06T08:30:00Z,36,2h,false,2026-08-07T17:30:00Z,,0.1.0-prior-only,0.030380,0.046195,0.019039,0.932753,0.039003,0.048418,0.973370,0.067237,0.0010,0.000156,0.200000,no-alert,0.000000,0.167247,low,schedule_unverified;no_eligible_observations;prior_only,data/source_manifest.json,,,
032b5327f0469fe4,2026-08-11T12:00:00Z,2026-08-06T10:30:00Z,2026-08-06T06:30:00-04:00,2026-08-07,PAIR,2026-08-07T20:30:00Z,2026-08-06T10:30:00Z,34,2h,false,2026-08-07T17:30:00Z,,0.1.0-prior-only,0.030441,0.046271,0.019064,0.932744,0.039009,0.048425,0.973366,0.067247,0.0010,0.000156,0.200000,no-alert,0.000000,0.167256,low,schedule_unverified;no_eligible_observations;prior_only,data/source_manifest.json,,,
e750a1531537e915,2026-08-11T12:00:00Z,2026-08-06T12:30:00Z,2026-08-06T08:30:00-04:00,2026-08-07,PAIR,2026-08-07T20:30:00Z,2026-08-06T12:30:00Z,32,2h,false,2026-08-07T17:30:00Z,,0.1.0-prior-only,0.030503,0.046347,0.019090,0.932734,0.039014,0.048432,0.973363,0.067256,0.0010,0.000156,0.200000,no-alert,0.000000,0.167266,low,schedule_unverified;no_eligible_observations;prior_only,data/source_manifest.json,,,
8b99686bf4b712f1,2026-08-11T12:00:00Z,2026-08-06T14:30:00Z,2026-08-06T10:30:00-04:00,2026-08-07,PAIR,2026-08-07T20:30:00Z,2026-08-06T14:30:00Z,30,2h,false,2026-08-07T17:30:00Z,,0.1.0-prior-only,0.030564,0.046424,0.019116,0.932724,0.039020,0.048439,0.973359,0.067266,0.0010,0.000157,0.200000,no-alert,0.000000,0.167276,low,schedule_unverified;no_eligible_observations;prior_only,data/source_manifest.json,,,
ace78c841434903c,2026-08-11T12:00:00Z,2026-08-06T16:30:00Z,2026-08-06T12:30:00-04:00,2026-08-07,PAIR,2026-08-07T20:30:00Z,2026-08-06T16:30:00Z,28,2h,false,2026-08-07T17:30:00Z,,0.1.0-prior-only,0.030625,0.046500,0.019142,0.932714,0.039026,0.048446,0.973355,0.067276,0.0010,0.000157,0.200000,no-alert,0.000000,0.167286,low,schedule_unverified;no_eligible_observations;prior_only,data/source_manifest.json,,,
a2a87598dce199bf,2026-08-11T12:00:00Z,2026-08-06T18:30:00Z,2026-08-06T14:30:00-04:00,2026-08-07,PAIR,2026-08-07T20:30:00Z,2026-08-06T18:30:00Z,26,2h,false,2026-08-07T17:30:00Z,,0.1.0-prior-only,0.030687,0.046576,0.019168,0.932704,0.039032,0.048453,0.973351,0.067286,0.0010,0.000157,0.200000,no-alert,0.000000,0.167296,low,schedule_unverified;no_eligible_observations;prior_only,data/source_manifest.json,,,
f181ef8e2bfbc286,2026-08-11T12:00:00Z,2026-08-06T20:30:00Z,2026-08-06T16:30:00-04:00,2026-08-07,PAIR,2026-08-07T20:30:00Z,2026-08-06T20:30:00Z,24,2h,false,2026-08-07T17:30:00Z,,0.1.0-prior-only,0.030748,0.046653,0.019194,0.932694,0.039037,0.048460,0.973347,0.067296,0.0010,0.000157,0.200000,no-alert,0.000000,0.167306,low,schedule_unverified;no_eligible_observations;prior_only,data/source_manifest.json,,,
a51b531fae50a7f0,2026-08-11T12:00:00Z,2026-08-06T22:30:00Z,2026-08-06T18:30:00-04:00,2026-08-07,PAIR,2026-08-07T20:30:00Z,2026-08-06T22:30:00Z,22,2h,false,2026-08-07T17:30:00Z,,0.1.0-prior-only,0.030810,0.046730,0.019220,0.932684,0.039043,0.048467,0.973343,0.067306,0.0010,0.000158,0.200000,no-alert,0.000000,0.167316,low,schedule_unverified;no_eligible_observations;prior_only,data/source_manifest.json,,,
225cff486e33ad12,2026-08-11T12:00:00Z,2026-08-07T00:30:00Z,2026-08-06T20:30:00-04:00,2026-08-07,PAIR,2026-08-07T20:30:00Z,2026-08-07T00:30:00Z,20,2h,false,2026-08-07T17:30:00Z,,0.1.0-prior-only,0.030872,0.046807,0.019246,0.932675,0.039049,0.048474,0.973339,0.067316,0.0010,0.000158,0.200000,no-alert,0.000000,0.167325,low,schedule_unverified;no_eligible_observations;prior_only,data/source_manifest.json,,,
536f5b10bff4a9d5,2026-08-11T12:00:00Z,2026-08-07T02:30:00Z,2026-08-06T22:30:00-04:00,2026-08-07,PAIR,2026-08-07T20:30:00Z,2026-08-07T02:30:00Z,18,2h,false,2026-08-07T17:30:00Z,,0.1.0-prior-only,0.030934,0.046884,0.019272,0.932665,0.039055,0.048481,0.973335,0.067325,0.0010,0.000158,0.200000,no-alert,0.000000,0.167335,low,schedule_unverified;no_eligible_observations;prior_only,data/source_manifest.json,,,
7aa83a43da109c2e,2026-08-11T12:00:00Z,2026-08-07T04:30:00Z,2026-08-07T00:30:00-04:00,2026-08-07,PAIR,2026-08-07T20:30:00Z,2026-08-07T04:30:00Z,16,2h,false,2026-08-07T17:30:00Z,,0.1.0-prior-only,0.030996,0.046961,0.019298,0.932655,0.039060,0.048489,0.973331,0.067335,0.0010,0.000159,0.200000,no-alert,0.000000,0.167345,low,schedule_unverified;no_eligible_observations;prior_only,data/source_manifest.json,,,
2ae925574503e719,2026-08-11T12:00:00Z,2026-08-07T06:30:00Z,2026-08-07T02:30:00-04:00,2026-08-07,PAIR,2026-08-07T20:30:00Z,2026-08-07T06:30:00Z,14,2h,false,2026-08-07T17:30:00Z,,0.1.0-prior-only,0.031058,0.047038,0.019324,0.932645,0.039066,0.048496,0.973327,0.067345,0.0010,0.000159,0.200000,no-alert,0.000000,0.167355,low,schedule_unverified;no_eligible_observations;prior_only,data/source_manifest.json,,,
b9593b93c829bd0d,2026-08-11T12:00:00Z,2026-08-07T08:30:00Z,2026-08-07T04:30:00-04:00,2026-08-07,PAIR,2026-08-07T20:30:00Z,2026-08-07T08:30:00Z,12,2h,false,2026-08-07T17:30:00Z,,0.1.0-prior-only,0.031120,0.047115,0.019350,0.932635,0.039072,0.048503,0.973323,0.067355,0.0010,0.000159,0.200000,no-alert,0.000000,0.167365,low,schedule_unverified;no_eligible_observations;prior_only,data/source_manifest.json,,,
ba1bee1c6f0cf074,2026-08-11T12:00:00Z,2026-08-07T10:30:00Z,2026-08-07T06:30:00-04:00,2026-08-07,PAIR,2026-08-07T20:30:00Z,2026-08-07T10:30:00Z,10,2h,false,2026-08-07T17:30:00Z,,0.1.0-prior-only,0.031183,0.047193,0.019376,0.932625,0.039078,0.048510,0.973319,0.067365,0.0010,0.000159,0.200000,no-alert,0.000000,0.167375,low,schedule_unverified;no_eligible_observations;prior_only,data/source_manifest.json,,,
016a3356053fc634,2026-08-11T12:00:00Z,2026-08-07T12:30:00Z,2026-08-07T08:30:00-04:00,2026-08-07,PAIR,2026-08-07T20:30:00Z,2026-08-07T12:30:00Z,8,2h,false,2026-08-07T17:30:00Z,,0.1.0-prior-only,0.031245,0.047270,0.019403,0.932615,0.039083,0.048517,0.973315,0.067375,0.0010,0.000160,0.200000,no-alert,0.000000,0.167385,low,schedule_unverified;no_eligible_observations;prior_only,data/source_manifest.json,,,
03bcb058d9132ad1,2026-08-11T12:00:00Z,2026-08-07T14:30:00Z,2026-08-07T10:30:00-04:00,2026-08-07,PAIR,2026-08-07T20:30:00Z,2026-08-07T14:30:00Z,6,2h,false,2026-08-07T17:30:00Z,,0.1.0-prior-only,0.031308,0.047348,0.019429,0.932605,0.039089,0.048525,0.973311,0.067385,0.0010,0.000160,0.200000,no-alert,0.000000,0.167395,low,schedule_unverified;no_eligible_observations;prior_only,data/source_manifest.json,,,
4ea013f6b4443048,2026-08-11T12:00:00Z,2026-08-07T16:30:00Z,2026-08-07T12:30:00-04:00,2026-08-07,PAIR,2026-08-07T20:30:00Z,2026-08-07T16:30:00Z,4,2h,true,2026-08-07T17:30:00Z,,0.1.0-prior-only,0.031371,0.047426,0.019455,0.932595,0.039095,0.048532,0.973307,0.067395,0.0010,0.000160,0.200000,no-alert,0.000000,0.167405,low,schedule_unverified;no_eligible_observations;prior_only,data/source_manifest.json,,,
db7b0677620291bb,2026-08-11T12:00:00Z,2026-08-03T20:30:00Z,2026-08-03T16:30:00-04:00,2026-08-08,PAIR,2026-08-08T20:30:00Z,2026-08-03T20:30:00Z,120,6h,false,2026-08-08T17:30:00Z,,0.1.0-prior-only,0.027923,0.043107,0.017986,0.933149,0.038774,0.048133,0.973527,,,,0.200000,no-alert,0.000000,0.166851,low,schedule_unverified;no_eligible_observations;prior_only,data/source_manifest.json,,,
bc5dbac4e1351d88,2026-08-11T12:00:00Z,2026-08-04T02:30:00Z,2026-08-03T22:30:00-04:00,2026-08-08,PAIR,2026-08-08T20:30:00Z,2026-08-04T02:30:00Z,114,6h,false,2026-08-08T17:30:00Z,,0.1.0-prior-only,0.028092,0.043321,0.018059,0.933122,0.038789,0.048152,0.973516,0.066851,0.0027,0.000437,0.200000,no-alert,0.000000,0.166878,low,schedule_unverified;no_eligible_observations;prior_only,data/source_manifest.json,,,
905db3546897be7e,2026-08-11T12:00:00Z,2026-08-04T08:30:00Z,2026-08-04T04:30:00-04:00,2026-08-08,PAIR,2026-08-08T20:30:00Z,2026-08-04T08:30:00Z,108,6h,false,2026-08-08T17:30:00Z,,0.1.0-prior-only,0.028262,0.043536,0.018133,0.933094,0.038805,0.048172,0.973505,0.066878,0.0027,0.000439,0.200000,no-alert,0.000000,0.166906,low,schedule_unverified;no_eligible_observations;prior_only,data/source_manifest.json,,,
3ec0625f234a6634,2026-08-11T12:00:00Z,2026-08-04T14:30:00Z,2026-08-04T10:30:00-04:00,2026-08-08,PAIR,2026-08-08T20:30:00Z,2026-08-04T14:30:00Z,102,6h,false,2026-08-08T17:30:00Z,,0.1.0-prior-only,0.028432,0.043752,0.018207,0.933067,0.038821,0.048192,0.973494,0.066906,0.0028,0.000441,0.200000,no-alert,0.000000,0.166933,low,schedule_unverified;no_eligible_observations;prior_only,data/source_manifest.json,,,
0d110c8e280278bb,2026-08-11T12:00:00Z,2026-08-04T20:30:00Z,2026-08-04T16:30:00-04:00,2026-08-08,PAIR,2026-08-08T20:30:00Z,2026-08-04T20:30:00Z,96,6h,false,2026-08-08T17:30:00Z,,0.1.0-prior-only,0.028604,0.043969,0.018281,0.933039,0.038837,0.048212,0.973483,0.066933,0.0028,0.000444,0.200000,no-alert,0.000000,0.166961,low,schedule_unverified;no_eligible_observations;prior_only,data/source_manifest.json,,,
f51aade9441c1f9d,2026-08-11T12:00:00Z,2026-08-05T02:30:00Z,2026-08-04T22:30:00-04:00,2026-08-08,PAIR,2026-08-08T20:30:00Z,2026-08-05T02:30:00Z,90,6h,false,2026-08-08T17:30:00Z,,0.1.0-prior-only,0.028777,0.044187,0.018355,0.933011,0.038853,0.048232,0.973472,0.066961,0.0028,0.000446,0.200000,no-alert,0.000000,0.166989,low,schedule_unverified;no_eligible_observations;prior_only,data/source_manifest.json,,,
c6cd9d9c6a5b28eb,2026-08-11T12:00:00Z,2026-08-05T08:30:00Z,2026-08-05T04:30:00-04:00,2026-08-08,PAIR,2026-08-08T20:30:00Z,2026-08-05T08:30:00Z,84,6h,false,2026-08-08T17:30:00Z,,0.1.0-prior-only,0.028951,0.044406,0.018430,0.932983,0.038870,0.048252,0.973461,0.066989,0.0028,0.000448,0.200000,no-alert,0.000000,0.167017,low,schedule_unverified;no_eligible_observations;prior_only,data/source_manifest.json,,,
939c8cad1147f19e,2026-08-11T12:00:00Z,2026-08-05T14:30:00Z,2026-08-05T10:30:00-04:00,2026-08-08,PAIR,2026-08-08T20:30:00Z,2026-08-05T14:30:00Z,78,6h,false,2026-08-08T17:30:00Z,,0.1.0-prior-only,0.029126,0.044626,0.018505,0.932955,0.038886,0.048272,0.973450,0.067017,0.0028,0.000451,0.200000,no-alert,0.000000,0.167045,low,schedule_unverified;no_eligible_observations;prior_only,data/source_manifest.json,,,
799c579cec2c43ce,2026-08-11T12:00:00Z,2026-08-05T20:30:00Z,2026-08-05T16:30:00-04:00,2026-08-08,PAIR,2026-08-08T20:30:00Z,2026-08-05T20:30:00Z,72,6h,false,2026-08-08T17:30:00Z,,0.1.0-prior-only,0.029302,0.044847,0.018580,0.932927,0.038902,0.048293,0.973439,0.067045,0.0028,0.000453,0.200000,no-alert,0.000000,0.167073,low,schedule_unverified;no_eligible_observations;prior_only,data/source_manifest.json,,,
ff540a8d85cdb5c7,2026-08-11T12:00:00Z,2026-08-06T02:30:00Z,2026-08-05T22:30:00-04:00,2026-08-08,PAIR,2026-08-08T20:30:00Z,2026-08-06T02:30:00Z,66,6h,false,2026-08-08T17:30:00Z,,0.1.0-prior-only,0.029479,0.045069,0.018656,0.932898,0.038919,0.048313,0.973428,0.067073,0.0028,0.000455,0.200000,no-alert,0.000000,0.167102,low,schedule_unverified;no_eligible_observations;prior_only,data/source_manifest.json,,,
d52885f1e676b2bf,2026-08-11T12:00:00Z,2026-08-06T08:30:00Z,2026-08-06T04:30:00-04:00,2026-08-08,PAIR,2026-08-08T20:30:00Z,2026-08-06T08:30:00Z,60,6h,false,2026-08-08T17:30:00Z,,0.1.0-prior-only,0.029658,0.045292,0.018732,0.932870,0.038936,0.048334,0.973416,0.067102,0.0029,0.000457,0.200000,no-alert,0.000000,0.167130,low,schedule_unverified;no_eligible_observations;prior_only,data/source_manifest.json,,,
5b98c33513a78828,2026-08-11T12:00:00Z,2026-08-06T14:30:00Z,2026-08-06T10:30:00-04:00,2026-08-08,PAIR,2026-08-08T20:30:00Z,2026-08-06T14:30:00Z,54,6h,false,2026-08-08T17:30:00Z,,0.1.0-prior-only,0.029837,0.045516,0.018808,0.932841,0.038952,0.048355,0.973405,0.067130,0.0029,0.000460,0.200000,no-alert,0.000000,0.167159,low,schedule_unverified;no_eligible_observations;prior_only,data/source_manifest.json,,,
7ceefe6528282149,2026-08-11T12:00:00Z,2026-08-06T20:30:00Z,2026-08-06T16:30:00-04:00,2026-08-08,PAIR,2026-08-08T20:30:00Z,2026-08-06T20:30:00Z,48,6h,false,2026-08-08T17:30:00Z,,0.1.0-prior-only,0.030017,0.045741,0.018885,0.932812,0.038969,0.048375,0.973393,0.067159,0.0029,0.000462,0.200000,no-alert,0.000000,0.167188,low,schedule_unverified;no_eligible_observations;prior_only,data/source_manifest.json,,,
9c2003edcb8277ee,2026-08-11T12:00:00Z,2026-08-06T22:30:00Z,2026-08-06T18:30:00-04:00,2026-08-08,PAIR,2026-08-08T20:30:00Z,2026-08-06T22:30:00Z,46,2h,false,2026-08-08T17:30:00Z,,0.1.0-prior-only,0.030077,0.045817,0.018910,0.932802,0.038975,0.048382,0.973390,0.067188,0.0010,0.000155,0.200000,no-alert,0.000000,0.167198,low,schedule_unverified;no_eligible_observations;prior_only,data/source_manifest.json,,,
02ce2081f55de467,2026-08-11T12:00:00Z,2026-08-07T00:30:00Z,2026-08-06T20:30:00-04:00,2026-08-08,PAIR,2026-08-08T20:30:00Z,2026-08-07T00:30:00Z,44,2h,false,2026-08-08T17:30:00Z,,0.1.0-prior-only,0.030138,0.045892,0.018936,0.932792,0.038980,0.048389,0.973386,0.067198,0.0010,0.000155,0.200000,no-alert,0.000000,0.167208,low,schedule_unverified;no_eligible_observations;prior_only,data/source_manifest.json,,,
8bc396cf66ed89be,2026-08-11T12:00:00Z,2026-08-07T02:30:00Z,2026-08-06T22:30:00-04:00,2026-08-08,PAIR,2026-08-08T20:30:00Z,2026-08-07T02:30:00Z,42,2h,false,2026-08-08T17:30:00Z,,0.1.0-prior-only,0.030198,0.045968,0.018961,0.932783,0.038986,0.048396,0.973382,0.067208,0.0010,0.000155,0.200000,no-alert,0.000000,0.167217,low,schedule_unverified;no_eligible_observations;prior_only,data/source_manifest.json,,,
4288a18b74f5c836,2026-08-11T12:00:00Z,2026-08-07T04:30:00Z,2026-08-07T00:30:00-04:00,2026-08-08,PAIR,2026-08-08T20:30:00Z,2026-08-07T04:30:00Z,40,2h,false,2026-08-08T17:30:00Z,,0.1.0-prior-only,0.030259,0.046043,0.018987,0.932773,0.038992,0.048403,0.973378,0.067217,0.0010,0.000155,0.200000,no-alert,0.000000,0.167227,low,schedule_unverified;no_eligible_observations;prior_only,data/source_manifest.json,,,
ac6aba9313783574,2026-08-11T12:00:00Z,2026-08-07T06:30:00Z,2026-08-07T02:30:00-04:00,2026-08-08,PAIR,2026-08-08T20:30:00Z,2026-08-07T06:30:00Z,38,2h,false,2026-08-08T17:30:00Z,,0.1.0-prior-only,0.030320,0.046119,0.019013,0.932763,0.038997,0.048410,0.973374,0.067227,0.0010,0.000156,0.200000,no-alert,0.000000,0.167237,low,schedule_unverified;no_eligible_observations;prior_only,data/source_manifest.json,,,
7b77458d0e382c85,2026-08-11T12:00:00Z,2026-08-07T08:30:00Z,2026-08-07T04:30:00-04:00,2026-08-08,PAIR,2026-08-08T20:30:00Z,2026-08-07T08:30:00Z,36,2h,false,2026-08-08T17:30:00Z,,0.1.0-prior-only,0.030380,0.046195,0.019039,0.932753,0.039003,0.048418,0.973370,0.067237,0.0010,0.000156,0.200000,no-alert,0.000000,0.167247,low,schedule_unverified;no_eligible_observations;prior_only,data/source_manifest.json,,,
b9fd38633190e06b,2026-08-11T12:00:00Z,2026-08-07T10:30:00Z,2026-08-07T06:30:00-04:00,2026-08-08,PAIR,2026-08-08T20:30:00Z,2026-08-07T10:30:00Z,34,2h,false,2026-08-08T17:30:00Z,,0.1.0-prior-only,0.030441,0.046271,0.019064,0.932744,0.039009,0.048425,0.973366,0.067247,0.0010,0.000156,0.200000,no-alert,0.000000,0.167256,low,schedule_unverified;no_eligible_observations;prior_only,data/source_manifest.json,,,
4a657db545799007,2026-08-11T12:00:00Z,2026-08-07T12:30:00Z,2026-08-07T08:30:00-04:00,2026-08-08,PAIR,2026-08-08T20:30:00Z,2026-08-07T12:30:00Z,32,2h,false,2026-08-08T17:30:00Z,,0.1.0-prior-only,0.030503,0.046347,0.019090,0.932734,0.039014,0.048432,0.973363,0.067256,0.0010,0.000156,0.200000,no-alert,0.000000,0.167266,low,schedule_unverified;no_eligible_observations;prior_only,data/source_manifest.json,,,
bf8b3d26311149ff,2026-08-11T12:00:00Z,2026-08-07T14:30:00Z,2026-08-07T10:30:00-04:00,2026-08-08,PAIR,2026-08-08T20:30:00Z,2026-08-07T14:30:00Z,30,2h,false,2026-08-08T17:30:00Z,,0.1.0-prior-only,0.030564,0.046424,0.019116,0.932724,0.039020,0.048439,0.973359,0.067266,0.0010,0.000157,0.200000,no-alert,0.000000,0.167276,low,schedule_unverified;no_eligible_observations;prior_only,data/source_manifest.json,,,
e31aa42b3c270606,2026-08-11T12:00:00Z,2026-08-07T16:30:00Z,2026-08-07T12:30:00-04:00,2026-08-08,PAIR,2026-08-08T20:30:00Z,2026-08-07T16:30:00Z,28,2h,false,2026-08-08T17:30:00Z,,0.1.0-prior-only,0.030625,0.046500,0.019142,0.932714,0.039026,0.048446,0.973355,0.067276,0.0010,0.000157,0.200000,no-alert,0.000000,0.167286,low,schedule_unverified;no_eligible_observations;prior_only,data/source_manifest.json,,,
084e7d4287bf1f68,2026-08-11T12:00:00Z,2026-08-07T18:30:00Z,2026-08-07T14:30:00-04:00,2026-08-08,PAIR,2026-08-08T20:30:00Z,2026-08-07T18:30:00Z,26,2h,false,2026-08-08T17:30:00Z,,0.1.0-prior-only,0.030687,0.046576,0.019168,0.932704,0.039032,0.048453,0.973351,0.067286,0.0010,0.000157,0.200000,no-alert,0.000000,0.167296,low,schedule_unverified;no_eligible_observations;prior_only,data/source_manifest.json,,,
4b19d2878e72c1f2,2026-08-11T12:00:00Z,2026-08-07T20:30:00Z,2026-08-07T16:30:00-04:00,2026-08-08,PAIR,2026-08-08T20:30:00Z,2026-08-07T20:30:00Z,24,2h,false,2026-08-08T17:30:00Z,,0.1.0-prior-only,0.030748,0.046653,0.019194,0.932694,0.039037,0.048460,0.973347,0.067296,0.0010,0.000157,0.200000,no-alert,0.000000,0.167306,low,schedule_unverified;no_eligible_observations;prior_only,data/source_manifest.json,,,
f75111686c9ddccc,2026-08-11T12:00:00Z,2026-08-07T22:30:00Z,2026-08-07T18:30:00-04:00,2026-08-08,PAIR,2026-08-08T20:30:00Z,2026-08-07T22:30:00Z,22,2h,false,2026-08-08T17:30:00Z,,0.1.0-prior-only,0.030810,0.046730,0.019220,0.932684,0.039043,0.048467,0.973343,0.067306,0.0010,0.000158,0.200000,no-alert,0.000000,0.167316,low,schedule_unverified;no_eligible_observations;prior_only,data/source_manifest.json,,,
0bafded7491c4949,2026-08-11T12:00:00Z,2026-08-08T00:30:00Z,2026-08-07T20:30:00-04:00,2026-08-08,PAIR,2026-08-08T20:30:00Z,2026-08-08T00:30:00Z,20,2h,false,2026-08-08T17:30:00Z,,0.1.0-prior-only,0.030872,0.046807,0.019246,0.932675,0.039049,0.048474,0.973339,0.067316,0.0010,0.000158,0.200000,no-alert,0.000000,0.167325,low,schedule_unverified;no_eligible_observations;prior_only,data/source_manifest.json,,,
583684a9862bcdf2,2026-08-11T12:00:00Z,2026-08-08T02:30:00Z,2026-08-07T22:30:00-04:00,2026-08-08,PAIR,2026-08-08T20:30:00Z,2026-08-08T02:30:00Z,18,2h,false,2026-08-08T17:30:00Z,,0.1.0-prior-only,0.030934,0.046884,0.019272,0.932665,0.039055,0.048481,0.973335,0.067325,0.0010,0.000158,0.200000,no-alert,0.000000,0.167335,low,schedule_unverified;no_eligible_observations;prior_only,data/source_manifest.json,,,
cf13e37a82b56656,2026-08-11T12:00:00Z,2026-08-08T04:30:00Z,2026-08-08T00:30:00-04:00,2026-08-08,PAIR,2026-08-08T20:30:00Z,2026-08-08T04:30:00Z,16,2h,false,2026-08-08T17:30:00Z,,0.1.0-prior-only,0.030996,0.046961,0.019298,0.932655,0.039060,0.048489,0.973331,0.067335,0.0010,0.000159,0.200000,no-alert,0.000000,0.167345,low,schedule_unverified;no_eligible_observations;prior_only,data/source_manifest.json,,,
85201eb441d441e2,2026-08-11T12:00:00Z,2026-08-08T06:30:00Z,2026-08-08T02:30:00-04:00,2026-08-08,PAIR,2026-08-08T20:30:00Z,2026-08-08T06:30:00Z,14,2h,false,2026-08-08T17:30:00Z,,0.1.0-prior-only,0.031058,0.047038,0.019324,0.932645,0.039066,0.048496,0.973327,0.067345,0.0010,0.000159,0.200000,no-alert,0.000000,0.167355,low,schedule_unverified;no_eligible_observations;prior_only,data/source_manifest.json,,,
8e51cb7a91fc278c,2026-08-11T12:00:00Z,2026-08-08T08:30:00Z,2026-08-08T04:30:00-04:00,2026-08-08,PAIR,2026-08-08T20:30:00Z,2026-08-08T08:30:00Z,12,2h,false,2026-08-08T17:30:00Z,,0.1.0-prior-only,0.031120,0.047115,0.019350,0.932635,0.039072,0.048503,0.973323,0.067355,0.0010,0.000159,0.200000,no-alert,0.000000,0.167365,low,schedule_unverified;no_eligible_observations;prior_only,data/source_manifest.json,,,
30cf2950d5061c00,2026-08-11T12:00:00Z,2026-08-08T10:30:00Z,2026-08-08T06:30:00-04:00,2026-08-08,PAIR,2026-08-08T20:30:00Z,2026-08-08T10:30:00Z,10,2h,false,2026-08-08T17:30:00Z,,0.1.0-prior-only,0.031183,0.047193,0.019376,0.932625,0.039078,0.048510,0.973319,0.067365,0.0010,0.000159,0.200000,no-alert,0.000000,0.167375,low,schedule_unverified;no_eligible_observations;prior_only,data/source_manifest.json,,,
9dc70cc71c5f843f,2026-08-11T12:00:00Z,2026-08-08T12:30:00Z,2026-08-08T08:30:00-04:00,2026-08-08,PAIR,2026-08-08T20:30:00Z,2026-08-08T12:30:00Z,8,2h,false,2026-08-08T17:30:00Z,,0.1.0-prior-only,0.031245,0.047270,0.019403,0.932615,0.039083,0.048517,0.973315,0.067375,0.0010,0.000160,0.200000,no-alert,0.000000,0.167385,low,schedule_unverified;no_eligible_observations;prior_only,data/source_manifest.json,,,
e37cca532e3ffa11,2026-08-11T12:00:00Z,2026-08-08T14:30:00Z,2026-08-08T10:30:00-04:00,2026-08-08,PAIR,2026-08-08T20:30:00Z,2026-08-08T14:30:00Z,6,2h,false,2026-08-08T17:30:00Z,,0.1.0-prior-only,0.031308,0.047348,0.019429,0.932605,0.039089,0.048525,0.973311,0.067385,0.0010,0.000160,0.200000,no-alert,0.000000,0.167395,low,schedule_unverified;no_eligible_observations;prior_only,data/source_manifest.json,,,
d2f50e4cd2347df0,2026-08-11T12:00:00Z,2026-08-08T16:30:00Z,2026-08-08T12:30:00-04:00,2026-08-08,PAIR,2026-08-08T20:30:00Z,2026-08-08T16:30:00Z,4,2h,true,2026-08-08T17:30:00Z,,0.1.0-prior-only,0.031371,0.047426,0.019455,0.932595,0.039095,0.048532,0.973307,0.067395,0.0010,0.000160,0.200000,no-alert,0.000000,0.167405,low,schedule_unverified;no_eligible_observations;prior_only,data/source_manifest.json,,,
0c801fdfab963c95,2026-08-11T12:00:00Z,2026-08-04T20:30:00Z,2026-08-04T16:30:00-04:00,2026-08-09,PAIR,2026-08-09T20:30:00Z,2026-08-04T20:30:00Z,120,6h,false,2026-08-09T17:30:00Z,,0.1.0-prior-only,0.027923,0.043107,0.017986,0.933149,0.038774,0.048133,0.973527,,,,0.200000,no-alert,0.000000,0.166851,low,schedule_unverified;no_eligible_observations;prior_only,data/source_manifest.json,,,
7b82b4bdc31bf3cd,2026-08-11T12:00:00Z,2026-08-05T02:30:00Z,2026-08-04T22:30:00-04:00,2026-08-09,PAIR,2026-08-09T20:30:00Z,2026-08-05T02:30:00Z,114,6h,false,2026-08-09T17:30:00Z,,0.1.0-prior-only,0.028092,0.043321,0.018059,0.933122,0.038789,0.048152,0.973516,0.066851,0.0027,0.000437,0.200000,no-alert,0.000000,0.166878,low,schedule_unverified;no_eligible_observations;prior_only,data/source_manifest.json,,,
380b56d509c56da9,2026-08-11T12:00:00Z,2026-08-05T08:30:00Z,2026-08-05T04:30:00-04:00,2026-08-09,PAIR,2026-08-09T20:30:00Z,2026-08-05T08:30:00Z,108,6h,false,2026-08-09T17:30:00Z,,0.1.0-prior-only,0.028262,0.043536,0.018133,0.933094,0.038805,0.048172,0.973505,0.066878,0.0027,0.000439,0.200000,no-alert,0.000000,0.166906,low,schedule_unverified;no_eligible_observations;prior_only,data/source_manifest.json,,,
a0759b392518eb75,2026-08-11T12:00:00Z,2026-08-05T14:30:00Z,2026-08-05T10:30:00-04:00,2026-08-09,PAIR,2026-08-09T20:30:00Z,2026-08-05T14:30:00Z,102,6h,false,2026-08-09T17:30:00Z,,0.1.0-prior-only,0.028432,0.043752,0.018207,0.933067,0.038821,0.048192,0.973494,0.066906,0.0028,0.000441,0.200000,no-alert,0.000000,0.166933,low,schedule_unverified;no_eligible_observations;prior_only,data/source_manifest.json,,,
b6b47a9fa072e5a0,2026-08-11T12:00:00Z,2026-08-05T20:30:00Z,2026-08-05T16:30:00-04:00,2026-08-09,PAIR,2026-08-09T20:30:00Z,2026-08-05T20:30:00Z,96,6h,false,2026-08-09T17:30:00Z,,0.1.0-prior-only,0.028604,0.043969,0.018281,0.933039,0.038837,0.048212,0.973483,0.066933,0.0028,0.000444,0.200000,no-alert,0.000000,0.166961,low,schedule_unverified;no_eligible_observations;prior_only,data/source_manifest.json,,,
1f26808406bf317d,2026-08-11T12:00:00Z,2026-08-06T02:30:00Z,2026-08-05T22:30:00-04:00,2026-08-09,PAIR,2026-08-09T20:30:00Z,2026-08-06T02:30:00Z,90,6h,false,2026-08-09T17:30:00Z,,0.1.0-prior-only,0.028777,0.044187,0.018355,0.933011,0.038853,0.048232,0.973472,0.066961,0.0028,0.000446,0.200000,no-alert,0.000000,0.166989,low,schedule_unverified;no_eligible_observations;prior_only,data/source_manifest.json,,,
33a3cb289e2ebe25,2026-08-11T12:00:00Z,2026-08-06T08:30:00Z,2026-08-06T04:30:00-04:00,2026-08-09,PAIR,2026-08-09T20:30:00Z,2026-08-06T08:30:00Z,84,6h,false,2026-08-09T17:30:00Z,,0.1.0-prior-only,0.028951,0.044406,0.018430,0.932983,0.038870,0.048252,0.973461,0.066989,0.0028,0.000448,0.200000,no-alert,0.000000,0.167017,low,schedule_unverified;no_eligible_observations;prior_only,data/source_manifest.json,,,
24809bc129b66c07,2026-08-11T12:00:00Z,2026-08-06T14:30:00Z,2026-08-06T10:30:00-04:00,2026-08-09,PAIR,2026-08-09T20:30:00Z,2026-08-06T14:30:00Z,78,6h,false,2026-08-09T17:30:00Z,,0.1.0-prior-only,0.029126,0.044626,0.018505,0.932955,0.038886,0.048272,0.973450,0.067017,0.0028,0.000451,0.200000,no-alert,0.000000,0.167045,low,schedule_unverified;no_eligible_observations;prior_only,data/source_manifest.json,,,
49a66dc0da7b8dbf,2026-08-11T12:00:00Z,2026-08-06T20:30:00Z,2026-08-06T16:30:00-04:00,2026-08-09,PAIR,2026-08-09T20:30:00Z,2026-08-06T20:30:00Z,72,6h,false,2026-08-09T17:30:00Z,,0.1.0-prior-only,0.029302,0.044847,0.018580,0.932927,0.038902,0.048293,0.973439,0.067045,0.0028,0.000453,0.200000,no-alert,0.000000,0.167073,low,schedule_unverified;no_eligible_observations;prior_only,data/source_manifest.json,,,
e9e60e052cf83d1a,2026-08-11T12:00:00Z,2026-08-07T02:30:00Z,2026-08-06T22:30:00-04:00,2026-08-09,PAIR,2026-08-09T20:30:00Z,2026-08-07T02:30:00Z,66,6h,false,2026-08-09T17:30:00Z,,0.1.0-prior-only,0.029479,0.045069,0.018656,0.932898,0.038919,0.048313,0.973428,0.067073,0.0028,0.000455,0.200000,no-alert,0.000000,0.167102,low,schedule_unverified;no_eligible_observations;prior_only,data/source_manifest.json,,,
675c2dd61ee70191,2026-08-11T12:00:00Z,2026-08-07T08:30:00Z,2026-08-07T04:30:00-04:00,2026-08-09,PAIR,2026-08-09T20:30:00Z,2026-08-07T08:30:00Z,60,6h,false,2026-08-09T17:30:00Z,,0.1.0-prior-only,0.029658,0.045292,0.018732,0.932870,0.038936,0.048334,0.973416,0.067102,0.0029,0.000457,0.200000,no-alert,0.000000,0.167130,low,schedule_unverified;no_eligible_observations;prior_only,data/source_manifest.json,,,
d2db1d81d5f6772c,2026-08-11T12:00:00Z,2026-08-07T14:30:00Z,2026-08-07T10:30:00-04:00,2026-08-09,PAIR,2026-08-09T20:30:00Z,2026-08-07T14:30:00Z,54,6h,false,2026-08-09T17:30:00Z,,0.1.0-prior-only,0.029837,0.045516,0.018808,0.932841,0.038952,0.048355,0.973405,0.067130,0.0029,0.000460,0.200000,no-alert,0.000000,0.167159,low,schedule_unverified;no_eligible_observations;prior_only,data/source_manifest.json,,,
c563884609355915,2026-08-11T12:00:00Z,2026-08-07T20:30:00Z,2026-08-07T16:30:00-04:00,2026-08-09,PAIR,2026-08-09T20:30:00Z,2026-08-07T20:30:00Z,48,6h,false,2026-08-09T17:30:00Z,,0.1.0-prior-only,0.030017,0.045741,0.018885,0.932812,0.038969,0.048375,0.973393,0.067159,0.0029,0.000462,0.200000,no-alert,0.000000,0.167188,low,schedule_unverified;no_eligible_observations;prior_only,data/source_manifest.json,,,
77b6fed0259960f1,2026-08-11T12:00:00Z,2026-08-07T22:30:00Z,2026-08-07T18:30:00-04:00,2026-08-09,PAIR,2026-08-09T20:30:00Z,2026-08-07T22:30:00Z,46,2h,false,2026-08-09T17:30:00Z,,0.1.0-prior-only,0.030077,0.045817,0.018910,0.932802,0.038975,0.048382,0.973390,0.067188,0.0010,0.000155,0.200000,no-alert,0.000000,0.167198,low,schedule_unverified;no_eligible_observations;prior_only,data/source_manifest.json,,,
8d8c8d8ed7b36025,2026-08-11T12:00:00Z,2026-08-08T00:30:00Z,2026-08-07T20:30:00-04:00,2026-08-09,PAIR,2026-08-09T20:30:00Z,2026-08-08T00:30:00Z,44,2h,false,2026-08-09T17:30:00Z,,0.1.0-prior-only,0.030138,0.045892,0.018936,0.932792,0.038980,0.048389,0.973386,0.067198,0.0010,0.000155,0.200000,no-alert,0.000000,0.167208,low,schedule_unverified;no_eligible_observations;prior_only,data/source_manifest.json,,,
0ee0c7080d983261,2026-08-11T12:00:00Z,2026-08-08T02:30:00Z,2026-08-07T22:30:00-04:00,2026-08-09,PAIR,2026-08-09T20:30:00Z,2026-08-08T02:30:00Z,42,2h,false,2026-08-09T17:30:00Z,,0.1.0-prior-only,0.030198,0.045968,0.018961,0.932783,0.038986,0.048396,0.973382,0.067208,0.0010,0.000155,0.200000,no-alert,0.000000,0.167217,low,schedule_unverified;no_eligible_observations;prior_only,data/source_manifest.json,,,
6e6d5f9ac3ef6310,2026-08-11T12:00:00Z,2026-08-08T04:30:00Z,2026-08-08T00:30:00-04:00,2026-08-09,PAIR,2026-08-09T20:30:00Z,2026-08-08T04:30:00Z,40,2h,false,2026-08-09T17:30:00Z,,0.1.0-prior-only,0.030259,0.046043,0.018987,0.932773,0.038992,0.048403,0.973378,0.067217,0.0010,0.000155,0.200000,no-alert,0.000000,0.167227,low,schedule_unverified;no_eligible_observations;prior_only,data/source_manifest.json,,,
7e50e38180709ac9,2026-08-11T12:00:00Z,2026-08-08T06:30:00Z,2026-08-08T02:30:00-04:00,2026-08-09,PAIR,2026-08-09T20:30:00Z,2026-08-08T06:30:00Z,38,2h,false,2026-08-09T17:30:00Z,,0.1.0-prior-only,0.030320,0.046119,0.019013,0.932763,0.038997,0.048410,0.973374,0.067227,0.0010,0.000156,0.200000,no-alert,0.000000,0.167237,low,schedule_unverified;no_eligible_observations;prior_only,data/source_manifest.json,,,
093e60de485be0a2,2026-08-11T12:00:00Z,2026-08-08T08:30:00Z,2026-08-08T04:30:00-04:00,2026-08-09,PAIR,2026-08-09T20:30:00Z,2026-08-08T08:30:00Z,36,2h,false,2026-08-09T17:30:00Z,,0.1.0-prior-only,0.030380,0.046195,0.019039,0.932753,0.039003,0.048418,0.973370,0.067237,0.0010,0.000156,0.200000,no-alert,0.000000,0.167247,low,schedule_unverified;no_eligible_observations;prior_only,data/source_manifest.json,,,
4593a135157a6f9c,2026-08-11T12:00:00Z,2026-08-08T10:30:00Z,2026-08-08T06:30:00-04:00,2026-08-09,PAIR,2026-08-09T20:30:00Z,2026-08-08T10:30:00Z,34,2h,false,2026-08-09T17:30:00Z,,0.1.0-prior-only,0.030441,0.046271,0.019064,0.932744,0.039009,0.048425,0.973366,0.067247,0.0010,0.000156,0.200000,no-alert,0.000000,0.167256,low,schedule_unverified;no_eligible_observations;prior_only,data/source_manifest.json,,,
5e30e909c4f04e81,2026-08-11T12:00:00Z,2026-08-08T12:30:00Z,2026-08-08T08:30:00-04:00,2026-08-09,PAIR,2026-08-09T20:30:00Z,2026-08-08T12:30:00Z,32,2h,false,2026-08-09T17:30:00Z,,0.1.0-prior-only,0.030503,0.046347,0.019090,0.932734,0.039014,0.048432,0.973363,0.067256,0.0010,0.000156,0.200000,no-alert,0.000000,0.167266,low,schedule_unverified;no_eligible_observations;prior_only,data/source_manifest.json,,,
309476304b67acda,2026-08-11T12:00:00Z,2026-08-08T14:30:00Z,2026-08-08T10:30:00-04:00,2026-08-09,PAIR,2026-08-09T20:30:00Z,2026-08-08T14:30:00Z,30,2h,false,2026-08-09T17:30:00Z,,0.1.0-prior-only,0.030564,0.046424,0.019116,0.932724,0.039020,0.048439,0.973359,0.067266,0.0010,0.000157,0.200000,no-alert,0.000000,0.167276,low,schedule_unverified;no_eligible_observations;prior_only,data/source_manifest.json,,,
6ad942da3cfff75a,2026-08-11T12:00:00Z,2026-08-08T16:30:00Z,2026-08-08T12:30:00-04:00,2026-08-09,PAIR,2026-08-09T20:30:00Z,2026-08-08T16:30:00Z,28,2h,false,2026-08-09T17:30:00Z,,0.1.0-prior-only,0.030625,0.046500,0.019142,0.932714,0.039026,0.048446,0.973355,0.067276,0.0010,0.000157,0.200000,no-alert,0.000000,0.167286,low,schedule_unverified;no_eligible_observations;prior_only,data/source_manifest.json,,,
7ff3a1821792722c,2026-08-11T12:00:00Z,2026-08-08T18:30:00Z,2026-08-08T14:30:00-04:00,2026-08-09,PAIR,2026-08-09T20:30:00Z,2026-08-08T18:30:00Z,26,2h,false,2026-08-09T17:30:00Z,,0.1.0-prior-only,0.030687,0.046576,0.019168,0.932704,0.039032,0.048453,0.973351,0.067286,0.0010,0.000157,0.200000,no-alert,0.000000,0.167296,low,schedule_unverified;no_eligible_observations;prior_only,data/source_manifest.json,,,
4d6220093a90ac3a,2026-08-11T12:00:00Z,2026-08-08T20:30:00Z,2026-08-08T16:30:00-04:00,2026-08-09,PAIR,2026-08-09T20:30:00Z,2026-08-08T20:30:00Z,24,2h,false,2026-08-09T17:30:00Z,,0.1.0-prior-only,0.030748,0.046653,0.019194,0.932694,0.039037,0.048460,0.973347,0.067296,0.0010,0.000157,0.200000,no-alert,0.000000,0.167306,low,schedule_unverified;no_eligible_observations;prior_only,data/source_manifest.json,,,
ae7561990c863369,2026-08-11T12:00:00Z,2026-08-08T22:30:00Z,2026-08-08T18:30:00-04:00,2026-08-09,PAIR,2026-08-09T20:30:00Z,2026-08-08T22:30:00Z,22,2h,false,2026-08-09T17:30:00Z,,0.1.0-prior-only,0.030810,0.046730,0.019220,0.932684,0.039043,0.048467,0.973343,0.067306,0.0010,0.000158,0.200000,no-alert,0.000000,0.167316,low,schedule_unverified;no_eligible_observations;prior_only,data/source_manifest.json,,,
6af824dd5eaa53b8,2026-08-11T12:00:00Z,2026-08-09T00:30:00Z,2026-08-08T20:30:00-04:00,2026-08-09,PAIR,2026-08-09T20:30:00Z,2026-08-09T00:30:00Z,20,2h,false,2026-08-09T17:30:00Z,,0.1.0-prior-only,0.030872,0.046807,0.019246,0.932675,0.039049,0.048474,0.973339,0.067316,0.0010,0.000158,0.200000,no-alert,0.000000,0.167325,low,schedule_unverified;no_eligible_observations;prior_only,data/source_manifest.json,,,
677055f6bb59fec5,2026-08-11T12:00:00Z,2026-08-09T02:30:00Z,2026-08-08T22:30:00-04:00,2026-08-09,PAIR,2026-08-09T20:30:00Z,2026-08-09T02:30:00Z,18,2h,false,2026-08-09T17:30:00Z,,0.1.0-prior-only,0.030934,0.046884,0.019272,0.932665,0.039055,0.048481,0.973335,0.067325,0.0010,0.000158,0.200000,no-alert,0.000000,0.167335,low,schedule_unverified;no_eligible_observations;prior_only,data/source_manifest.json,,,
f2d878327197cb79,2026-08-11T12:00:00Z,2026-08-09T04:30:00Z,2026-08-09T00:30:00-04:00,2026-08-09,PAIR,2026-08-09T20:30:00Z,2026-08-09T04:30:00Z,16,2h,false,2026-08-09T17:30:00Z,,0.1.0-prior-only,0.030996,0.046961,0.019298,0.932655,0.039060,0.048489,0.973331,0.067335,0.0010,0.000159,0.200000,no-alert,0.000000,0.167345,low,schedule_unverified;no_eligible_observations;prior_only,data/source_manifest.json,,,
ccaad7d25c6afcc2,2026-08-11T12:00:00Z,2026-08-09T06:30:00Z,2026-08-09T02:30:00-04:00,2026-08-09,PAIR,2026-08-09T20:30:00Z,2026-08-09T06:30:00Z,14,2h,false,2026-08-09T17:30:00Z,,0.1.0-prior-only,0.031058,0.047038,0.019324,0.932645,0.039066,0.048496,0.973327,0.067345,0.0010,0.000159,0.200000,no-alert,0.000000,0.167355,low,schedule_unverified;no_eligible_observations;prior_only,data/source_manifest.json,,,
0c0403c42ed10a11,2026-08-11T12:00:00Z,2026-08-09T08:30:00Z,2026-08-09T04:30:00-04:00,2026-08-09,PAIR,2026-08-09T20:30:00Z,2026-08-09T08:30:00Z,12,2h,false,2026-08-09T17:30:00Z,,0.1.0-prior-only,0.031120,0.047115,0.019350,0.932635,0.039072,0.048503,0.973323,0.067355,0.0010,0.000159,0.200000,no-alert,0.000000,0.167365,low,schedule_unverified;no_eligible_observations;prior_only,data/source_manifest.json,,,
cf289bffb17ceac0,2026-08-11T12:00:00Z,2026-08-09T10:30:00Z,2026-08-09T06:30:00-04:00,2026-08-09,PAIR,2026-08-09T20:30:00Z,2026-08-09T10:30:00Z,10,2h,false,2026-08-09T17:30:00Z,,0.1.0-prior-only,0.031183,0.047193,0.019376,0.932625,0.039078,0.048510,0.973319,0.067365,0.0010,0.000159,0.200000,no-alert,0.000000,0.167375,low,schedule_unverified;no_eligible_observations;prior_only,data/source_manifest.json,,,
238f8920dc03c09e,2026-08-11T12:00:00Z,2026-08-09T12:30:00Z,2026-08-09T08:30:00-04:00,2026-08-09,PAIR,2026-08-09T20:30:00Z,2026-08-09T12:30:00Z,8,2h,false,2026-08-09T17:30:00Z,,0.1.0-prior-only,0.031245,0.047270,0.019403,0.932615,0.039083,0.048517,0.973315,0.067375,0.0010,0.000160,0.200000,no-alert,0.000000,0.167385,low,schedule_unverified;no_eligible_observations;prior_only,data/source_manifest.json,,,
04a01848102ac959,2026-08-11T12:00:00Z,2026-08-09T14:30:00Z,2026-08-09T10:30:00-04:00,2026-08-09,PAIR,2026-08-09T20:30:00Z,2026-08-09T14:30:00Z,6,2h,false,2026-08-09T17:30:00Z,,0.1.0-prior-only,0.031308,0.047348,0.019429,0.932605,0.039089,0.048525,0.973311,0.067385,0.0010,0.000160,0.200000,no-alert,0.000000,0.167395,low,schedule_unverified;no_eligible_observations;prior_only,data/source_manifest.json,,,
2d69e551a026b2bd,2026-08-11T12:00:00Z,2026-08-09T16:30:00Z,2026-08-09T12:30:00-04:00,2026-08-09,PAIR,2026-08-09T20:30:00Z,2026-08-09T16:30:00Z,4,2h,true,2026-08-09T17:30:00Z,,0.1.0-prior-only,0.031371,0.047426,0.019455,0.932595,0.039095,0.048532,0.973307,0.067395,0.0010,0.000160,0.200000,no-alert,0.000000,0.167405,low,schedule_unverified;no_eligible_observations;prior_only,data/source_manifest.json,,,
447d0b7df7c79ef9,2026-08-11T12:00:00Z,2026-08-05T20:30:00Z,2026-08-05T16:30:00-04:00,2026-08-10,PAIR,2026-08-10T20:30:00Z,2026-08-05T20:30:00Z,120,6h,false,2026-08-10T17:30:00Z,,0.1.0-prior-only,0.027923,0.043107,0.017986,0.933149,0.038774,0.048133,0.973527,,,,0.200000,no-alert,0.000000,0.166851,low,schedule_unverified;no_eligible_observations;prior_only,data/source_manifest.json,,,
6fafc0dd557392e3,2026-08-11T12:00:00Z,2026-08-06T02:30:00Z,2026-08-05T22:30:00-04:00,2026-08-10,PAIR,2026-08-10T20:30:00Z,2026-08-06T02:30:00Z,114,6h,false,2026-08-10T17:30:00Z,,0.1.0-prior-only,0.028092,0.043321,0.018059,0.933122,0.038789,0.048152,0.973516,0.066851,0.0027,0.000437,0.200000,no-alert,0.000000,0.166878,low,schedule_unverified;no_eligible_observations;prior_only,data/source_manifest.json,,,
f486f07c1cb3615c,2026-08-11T12:00:00Z,2026-08-06T08:30:00Z,2026-08-06T04:30:00-04:00,2026-08-10,PAIR,2026-08-10T20:30:00Z,2026-08-06T08:30:00Z,108,6h,false,2026-08-10T17:30:00Z,,0.1.0-prior-only,0.028262,0.043536,0.018133,0.933094,0.038805,0.048172,0.973505,0.066878,0.0027,0.000439,0.200000,no-alert,0.000000,0.166906,low,schedule_unverified;no_eligible_observations;prior_only,data/source_manifest.json,,,
04c4406bad88c529,2026-08-11T12:00:00Z,2026-08-06T14:30:00Z,2026-08-06T10:30:00-04:00,2026-08-10,PAIR,2026-08-10T20:30:00Z,2026-08-06T14:30:00Z,102,6h,false,2026-08-10T17:30:00Z,,0.1.0-prior-only,0.028432,0.043752,0.018207,0.933067,0.038821,0.048192,0.973494,0.066906,0.0028,0.000441,0.200000,no-alert,0.000000,0.166933,low,schedule_unverified;no_eligible_observations;prior_only,data/source_manifest.json,,,
7c485a76a6033f41,2026-08-11T12:00:00Z,2026-08-06T20:30:00Z,2026-08-06T16:30:00-04:00,2026-08-10,PAIR,2026-08-10T20:30:00Z,2026-08-06T20:30:00Z,96,6h,false,2026-08-10T17:30:00Z,,0.1.0-prior-only,0.028604,0.043969,0.018281,0.933039,0.038837,0.048212,0.973483,0.066933,0.0028,0.000444,0.200000,no-alert,0.000000,0.166961,low,schedule_unverified;no_eligible_observations;prior_only,data/source_manifest.json,,,
8fa35be0d5d6185a,2026-08-11T12:00:00Z,2026-08-07T02:30:00Z,2026-08-06T22:30:00-04:00,2026-08-10,PAIR,2026-08-10T20:30:00Z,2026-08-07T02:30:00Z,90,6h,false,2026-08-10T17:30:00Z,,0.1.0-prior-only,0.028777,0.044187,0.018355,0.933011,0.038853,0.048232,0.973472,0.066961,0.0028,0.000446,0.200000,no-alert,0.000000,0.166989,low,schedule_unverified;no_eligible_observations;prior_only,data/source_manifest.json,,,
a8b2b5ef97fcf46e,2026-08-11T12:00:00Z,2026-08-07T08:30:00Z,2026-08-07T04:30:00-04:00,2026-08-10,PAIR,2026-08-10T20:30:00Z,2026-08-07T08:30:00Z,84,6h,false,2026-08-10T17:30:00Z,,0.1.0-prior-only,0.028951,0.044406,0.018430,0.932983,0.038870,0.048252,0.973461,0.066989,0.0028,0.000448,0.200000,no-alert,0.000000,0.167017,low,schedule_unverified;no_eligible_observations;prior_only,data/source_manifest.json,,,
cb04948f977881b9,2026-08-11T12:00:00Z,2026-08-07T14:30:00Z,2026-08-07T10:30:00-04:00,2026-08-10,PAIR,2026-08-10T20:30:00Z,2026-08-07T14:30:00Z,78,6h,false,2026-08-10T17:30:00Z,,0.1.0-prior-only,0.029126,0.044626,0.018505,0.932955,0.038886,0.048272,0.973450,0.067017,0.0028,0.000451,0.200000,no-alert,0.000000,0.167045,low,schedule_unverified;no_eligible_observations;prior_only,data/source_manifest.json,,,
9332d02d90c052ce,2026-08-11T12:00:00Z,2026-08-07T20:30:00Z,2026-08-07T16:30:00-04:00,2026-08-10,PAIR,2026-08-10T20:30:00Z,2026-08-07T20:30:00Z,72,6h,false,2026-08-10T17:30:00Z,,0.1.0-prior-only,0.029302,0.044847,0.018580,0.932927,0.038902,0.048293,0.973439,0.067045,0.0028,0.000453,0.200000,no-alert,0.000000,0.167073,low,schedule_unverified;no_eligible_observations;prior_only,data/source_manifest.json,,,
fdab5015fd325f94,2026-08-11T12:00:00Z,2026-08-08T02:30:00Z,2026-08-07T22:30:00-04:00,2026-08-10,PAIR,2026-08-10T20:30:00Z,2026-08-08T02:30:00Z,66,6h,false,2026-08-10T17:30:00Z,,0.1.0-prior-only,0.029479,0.045069,0.018656,0.932898,0.038919,0.048313,0.973428,0.067073,0.0028,0.000455,0.200000,no-alert,0.000000,0.167102,low,schedule_unverified;no_eligible_observations;prior_only,data/source_manifest.json,,,
53a46635b8c21bca,2026-08-11T12:00:00Z,2026-08-08T08:30:00Z,2026-08-08T04:30:00-04:00,2026-08-10,PAIR,2026-08-10T20:30:00Z,2026-08-08T08:30:00Z,60,6h,false,2026-08-10T17:30:00Z,,0.1.0-prior-only,0.029658,0.045292,0.018732,0.932870,0.038936,0.048334,0.973416,0.067102,0.0029,0.000457,0.200000,no-alert,0.000000,0.167130,low,schedule_unverified;no_eligible_observations;prior_only,data/source_manifest.json,,,
f1f7b674ec862fd3,2026-08-11T12:00:00Z,2026-08-08T14:30:00Z,2026-08-08T10:30:00-04:00,2026-08-10,PAIR,2026-08-10T20:30:00Z,2026-08-08T14:30:00Z,54,6h,false,2026-08-10T17:30:00Z,,0.1.0-prior-only,0.029837,0.045516,0.018808,0.932841,0.038952,0.048355,0.973405,0.067130,0.0029,0.000460,0.200000,no-alert,0.000000,0.167159,low,schedule_unverified;no_eligible_observations;prior_only,data/source_manifest.json,,,
d7c4053e795bcbf8,2026-08-11T12:00:00Z,2026-08-08T20:30:00Z,2026-08-08T16:30:00-04:00,2026-08-10,PAIR,2026-08-10T20:30:00Z,2026-08-08T20:30:00Z,48,6h,false,2026-08-10T17:30:00Z,,0.1.0-prior-only,0.030017,0.045741,0.018885,0.932812,0.038969,0.048375,0.973393,0.067159,0.0029,0.000462,0.200000,no-alert,0.000000,0.167188,low,schedule_unverified;no_eligible_observations;prior_only,data/source_manifest.json,,,
6920930ee2489a10,2026-08-11T12:00:00Z,2026-08-08T22:30:00Z,2026-08-08T18:30:00-04:00,2026-08-10,PAIR,2026-08-10T20:30:00Z,2026-08-08T22:30:00Z,46,2h,false,2026-08-10T17:30:00Z,,0.1.0-prior-only,0.030077,0.045817,0.018910,0.932802,0.038975,0.048382,0.973390,0.067188,0.0010,0.000155,0.200000,no-alert,0.000000,0.167198,low,schedule_unverified;no_eligible_observations;prior_only,data/source_manifest.json,,,
6157f395222237f4,2026-08-11T12:00:00Z,2026-08-09T00:30:00Z,2026-08-08T20:30:00-04:00,2026-08-10,PAIR,2026-08-10T20:30:00Z,2026-08-09T00:30:00Z,44,2h,false,2026-08-10T17:30:00Z,,0.1.0-prior-only,0.030138,0.045892,0.018936,0.932792,0.038980,0.048389,0.973386,0.067198,0.0010,0.000155,0.200000,no-alert,0.000000,0.167208,low,schedule_unverified;no_eligible_observations;prior_only,data/source_manifest.json,,,
2e95f7b133319504,2026-08-11T12:00:00Z,2026-08-09T02:30:00Z,2026-08-08T22:30:00-04:00,2026-08-10,PAIR,2026-08-10T20:30:00Z,2026-08-09T02:30:00Z,42,2h,false,2026-08-10T17:30:00Z,,0.1.0-prior-only,0.030198,0.045968,0.018961,0.932783,0.038986,0.048396,0.973382,0.067208,0.0010,0.000155,0.200000,no-alert,0.000000,0.167217,low,schedule_unverified;no_eligible_observations;prior_only,data/source_manifest.json,,,
514fdafe53f2129c,2026-08-11T12:00:00Z,2026-08-09T04:30:00Z,2026-08-09T00:30:00-04:00,2026-08-10,PAIR,2026-08-10T20:30:00Z,2026-08-09T04:30:00Z,40,2h,false,2026-08-10T17:30:00Z,,0.1.0-prior-only,0.030259,0.046043,0.018987,0.932773,0.038992,0.048403,0.973378,0.067217,0.0010,0.000155,0.200000,no-alert,0.000000,0.167227,low,schedule_unverified;no_eligible_observations;prior_only,data/source_manifest.json,,,
2fbde2f39bedfcfe,2026-08-11T12:00:00Z,2026-08-09T06:30:00Z,2026-08-09T02:30:00-04:00,2026-08-10,PAIR,2026-08-10T20:30:00Z,2026-08-09T06:30:00Z,38,2h,false,2026-08-10T17:30:00Z,,0.1.0-prior-only,0.030320,0.046119,0.019013,0.932763,0.038997,0.048410,0.973374,0.067227,0.0010,0.000156,0.200000,no-alert,0.000000,0.167237,low,schedule_unverified;no_eligible_observations;prior_only,data/source_manifest.json,,,
8db443ee2f12b6a2,2026-08-11T12:00:00Z,2026-08-09T08:30:00Z,2026-08-09T04:30:00-04:00,2026-08-10,PAIR,2026-08-10T20:30:00Z,2026-08-09T08:30:00Z,36,2h,false,2026-08-10T17:30:00Z,,0.1.0-prior-only,0.030380,0.046195,0.019039,0.932753,0.039003,0.048418,0.973370,0.067237,0.0010,0.000156,0.200000,no-alert,0.000000,0.167247,low,schedule_unverified;no_eligible_observations;prior_only,data/source_manifest.json,,,
508d816210283c2e,2026-08-11T12:00:00Z,2026-08-09T10:30:00Z,2026-08-09T06:30:00-04:00,2026-08-10,PAIR,2026-08-10T20:30:00Z,2026-08-09T10:30:00Z,34,2h,false,2026-08-10T17:30:00Z,,0.1.0-prior-only,0.030441,0.046271,0.019064,0.932744,0.039009,0.048425,0.973366,0.067247,0.0010,0.000156,0.200000,no-alert,0.000000,0.167256,low,schedule_unverified;no_eligible_observations;prior_only,data/source_manifest.json,,,
b6fb0d9247ca3ddc,2026-08-11T12:00:00Z,2026-08-09T12:30:00Z,2026-08-09T08:30:00-04:00,2026-08-10,PAIR,2026-08-10T20:30:00Z,2026-08-09T12:30:00Z,32,2h,false,2026-08-10T17:30:00Z,,0.1.0-prior-only,0.030503,0.046347,0.019090,0.932734,0.039014,0.048432,0.973363,0.067256,0.0010,0.000156,0.200000,no-alert,0.000000,0.167266,low,schedule_unverified;no_eligible_observations;prior_only,data/source_manifest.json,,,
5f9c2d2e85c01906,2026-08-11T12:00:00Z,2026-08-09T14:30:00Z,2026-08-09T10:30:00-04:00,2026-08-10,PAIR,2026-08-10T20:30:00Z,2026-08-09T14:30:00Z,30,2h,false,2026-08-10T17:30:00Z,,0.1.0-prior-only,0.030564,0.046424,0.019116,0.932724,0.039020,0.048439,0.973359,0.067266,0.0010,0.000157,0.200000,no-alert,0.000000,0.167276,low,schedule_unverified;no_eligible_observations;prior_only,data/source_manifest.json,,,
a871b02d7e625ee1,2026-08-11T12:00:00Z,2026-08-09T16:30:00Z,2026-08-09T12:30:00-04:00,2026-08-10,PAIR,2026-08-10T20:30:00Z,2026-08-09T16:30:00Z,28,2h,false,2026-08-10T17:30:00Z,,0.1.0-prior-only,0.030625,0.046500,0.019142,0.932714,0.039026,0.048446,0.973355,0.067276,0.0010,0.000157,0.200000,no-alert,0.000000,0.167286,low,schedule_unverified;no_eligible_observations;prior_only,data/source_manifest.json,,,
5ab0574ad6dacfec,2026-08-11T12:00:00Z,2026-08-09T18:30:00Z,2026-08-09T14:30:00-04:00,2026-08-10,PAIR,2026-08-10T20:30:00Z,2026-08-09T18:30:00Z,26,2h,false,2026-08-10T17:30:00Z,,0.1.0-prior-only,0.030687,0.046576,0.019168,0.932704,0.039032,0.048453,0.973351,0.067286,0.0010,0.000157,0.200000,no-alert,0.000000,0.167296,low,schedule_unverified;no_eligible_observations;prior_only,data/source_manifest.json,,,
be097a963635a801,2026-08-11T12:00:00Z,2026-08-09T20:30:00Z,2026-08-09T16:30:00-04:00,2026-08-10,PAIR,2026-08-10T20:30:00Z,2026-08-09T20:30:00Z,24,2h,false,2026-08-10T17:30:00Z,,0.1.0-prior-only,0.030748,0.046653,0.019194,0.932694,0.039037,0.048460,0.973347,0.067296,0.0010,0.000157,0.200000,no-alert,0.000000,0.167306,low,schedule_unverified;no_eligible_observations;prior_only,data/source_manifest.json,,,
08a747055fd2f42b,2026-08-11T12:00:00Z,2026-08-09T22:30:00Z,2026-08-09T18:30:00-04:00,2026-08-10,PAIR,2026-08-10T20:30:00Z,2026-08-09T22:30:00Z,22,2h,false,2026-08-10T17:30:00Z,,0.1.0-prior-only,0.030810,0.046730,0.019220,0.932684,0.039043,0.048467,0.973343,0.067306,0.0010,0.000158,0.200000,no-alert,0.000000,0.167316,low,schedule_unverified;no_eligible_observations;prior_only,data/source_manifest.json,,,
0d427e888ca9e52e,2026-08-11T12:00:00Z,2026-08-10T00:30:00Z,2026-08-09T20:30:00-04:00,2026-08-10,PAIR,2026-08-10T20:30:00Z,2026-08-10T00:30:00Z,20,2h,false,2026-08-10T17:30:00Z,,0.1.0-prior-only,0.030872,0.046807,0.019246,0.932675,0.039049,0.048474,0.973339,0.067316,0.0010,0.000158,0.200000,no-alert,0.000000,0.167325,low,schedule_unverified;no_eligible_observations;prior_only,data/source_manifest.json,,,
e0bde4ed732461a0,2026-08-11T12:00:00Z,2026-08-10T02:30:00Z,2026-08-09T22:30:00-04:00,2026-08-10,PAIR,2026-08-10T20:30:00Z,2026-08-10T02:30:00Z,18,2h,false,2026-08-10T17:30:00Z,,0.1.0-prior-only,0.030934,0.046884,0.019272,0.932665,0.039055,0.048481,0.973335,0.067325,0.0010,0.000158,0.200000,no-alert,0.000000,0.167335,low,schedule_unverified;no_eligible_observations;prior_only,data/source_manifest.json,,,
c2786fc70d7d7240,2026-08-11T12:00:00Z,2026-08-10T04:30:00Z,2026-08-10T00:30:00-04:00,2026-08-10,PAIR,2026-08-10T20:30:00Z,2026-08-10T04:30:00Z,16,2h,false,2026-08-10T17:30:00Z,,0.1.0-prior-only,0.030996,0.046961,0.019298,0.932655,0.039060,0.048489,0.973331,0.067335,0.0010,0.000159,0.200000,no-alert,0.000000,0.167345,low,schedule_unverified;no_eligible_observations;prior_only,data/source_manifest.json,,,
2a288d3cdd14c6ab,2026-08-11T12:00:00Z,2026-08-10T06:30:00Z,2026-08-10T02:30:00-04:00,2026-08-10,PAIR,2026-08-10T20:30:00Z,2026-08-10T06:30:00Z,14,2h,false,2026-08-10T17:30:00Z,,0.1.0-prior-only,0.031058,0.047038,0.019324,0.932645,0.039066,0.048496,0.973327,0.067345,0.0010,0.000159,0.200000,no-alert,0.000000,0.167355,low,schedule_unverified;no_eligible_observations;prior_only,data/source_manifest.json,,,
7e65a757a58de365,2026-08-11T12:00:00Z,2026-08-10T08:30:00Z,2026-08-10T04:30:00-04:00,2026-08-10,PAIR,2026-08-10T20:30:00Z,2026-08-10T08:30:00Z,12,2h,false,2026-08-10T17:30:00Z,,0.1.0-prior-only,0.031120,0.047115,0.019350,0.932635,0.039072,0.048503,0.973323,0.067355,0.0010,0.000159,0.200000,no-alert,0.000000,0.167365,low,schedule_unverified;no_eligible_observations;prior_only,data/source_manifest.json,,,
45e3c3962935c01c,2026-08-11T12:00:00Z,2026-08-10T10:30:00Z,2026-08-10T06:30:00-04:00,2026-08-10,PAIR,2026-08-10T20:30:00Z,2026-08-10T10:30:00Z,10,2h,false,2026-08-10T17:30:00Z,,0.1.0-prior-only,0.031183,0.047193,0.019376,0.932625,0.039078,0.048510,0.973319,0.067365,0.0010,0.000159,0.200000,no-alert,0.000000,0.167375,low,schedule_unverified;no_eligible_observations;prior_only,data/source_manifest.json,,,
2bd209f9213e82f7,2026-08-11T12:00:00Z,2026-08-10T12:30:00Z,2026-08-10T08:30:00-04:00,2026-08-10,PAIR,2026-08-10T20:30:00Z,2026-08-10T12:30:00Z,8,2h,false,2026-08-10T17:30:00Z,,0.1.0-prior-only,0.031245,0.047270,0.019403,0.932615,0.039083,0.048517,0.973315,0.067375,0.0010,0.000160,0.200000,no-alert,0.000000,0.167385,low,schedule_unverified;no_eligible_observations;prior_only,data/source_manifest.json,,,
94913abc24e227b9,2026-08-11T12:00:00Z,2026-08-10T14:30:00Z,2026-08-10T10:30:00-04:00,2026-08-10,PAIR,2026-08-10T20:30:00Z,2026-08-10T14:30:00Z,6,2h,false,2026-08-10T17:30:00Z,,0.1.0-prior-only,0.031308,0.047348,0.019429,0.932605,0.039089,0.048525,0.973311,0.067385,0.0010,0.000160,0.200000,no-alert,0.000000,0.167395,low,schedule_unverified;no_eligible_observations;prior_only,data/source_manifest.json,,,
d3fd3dd7f49388c1,2026-08-11T12:00:00Z,2026-08-10T16:30:00Z,2026-08-10T12:30:00-04:00,2026-08-10,PAIR,2026-08-10T20:30:00Z,2026-08-10T16:30:00Z,4,2h,true,2026-08-10T17:30:00Z,,0.1.0-prior-only,0.031371,0.047426,0.019455,0.932595,0.039095,0.048532,0.973307,0.067395,0.0010,0.000160,0.200000,no-alert,0.000000,0.167405,low,schedule_unverified;no_eligible_observations;prior_only,data/source_manifest.json,,,
c592caf81f1252be,2026-08-11T12:00:00Z,2026-08-06T20:30:00Z,2026-08-06T16:30:00-04:00,2026-08-11,PAIR,2026-08-11T20:30:00Z,2026-08-06T20:30:00Z,120,6h,false,2026-08-11T17:30:00Z,,0.1.0-prior-only,0.027923,0.043107,0.017986,0.933149,0.038774,0.048133,0.973527,,,,0.200000,no-alert,0.000000,0.166851,low,schedule_unverified;no_eligible_observations;prior_only,data/source_manifest.json,,,
f21a6c9c0e07e285,2026-08-11T12:00:00Z,2026-08-07T02:30:00Z,2026-08-06T22:30:00-04:00,2026-08-11,PAIR,2026-08-11T20:30:00Z,2026-08-07T02:30:00Z,114,6h,false,2026-08-11T17:30:00Z,,0.1.0-prior-only,0.028092,0.043321,0.018059,0.933122,0.038789,0.048152,0.973516,0.066851,0.0027,0.000437,0.200000,no-alert,0.000000,0.166878,low,schedule_unverified;no_eligible_observations;prior_only,data/source_manifest.json,,,
12eb34a855731e82,2026-08-11T12:00:00Z,2026-08-07T08:30:00Z,2026-08-07T04:30:00-04:00,2026-08-11,PAIR,2026-08-11T20:30:00Z,2026-08-07T08:30:00Z,108,6h,false,2026-08-11T17:30:00Z,,0.1.0-prior-only,0.028262,0.043536,0.018133,0.933094,0.038805,0.048172,0.973505,0.066878,0.0027,0.000439,0.200000,no-alert,0.000000,0.166906,low,schedule_unverified;no_eligible_observations;prior_only,data/source_manifest.json,,,
a49e29c24d6abc07,2026-08-11T12:00:00Z,2026-08-07T14:30:00Z,2026-08-07T10:30:00-04:00,2026-08-11,PAIR,2026-08-11T20:30:00Z,2026-08-07T14:30:00Z,102,6h,false,2026-08-11T17:30:00Z,,0.1.0-prior-only,0.028432,0.043752,0.018207,0.933067,0.038821,0.048192,0.973494,0.066906,0.0028,0.000441,0.200000,no-alert,0.000000,0.166933,low,schedule_unverified;no_eligible_observations;prior_only,data/source_manifest.json,,,
9646f608e222eaab,2026-08-11T12:00:00Z,2026-08-07T20:30:00Z,2026-08-07T16:30:00-04:00,2026-08-11,PAIR,2026-08-11T20:30:00Z,2026-08-07T20:30:00Z,96,6h,false,2026-08-11T17:30:00Z,,0.1.0-prior-only,0.028604,0.043969,0.018281,0.933039,0.038837,0.048212,0.973483,0.066933,0.0028,0.000444,0.200000,no-alert,0.000000,0.166961,low,schedule_unverified;no_eligible_observations;prior_only,data/source_manifest.json,,,
e27072bab5be8bf5,2026-08-11T12:00:00Z,2026-08-08T02:30:00Z,2026-08-07T22:30:00-04:00,2026-08-11,PAIR,2026-08-11T20:30:00Z,2026-08-08T02:30:00Z,90,6h,false,2026-08-11T17:30:00Z,,0.1.0-prior-only,0.028777,0.044187,0.018355,0.933011,0.038853,0.048232,0.973472,0.066961,0.0028,0.000446,0.200000,no-alert,0.000000,0.166989,low,schedule_unverified;no_eligible_observations;prior_only,data/source_manifest.json,,,
76be3b618dfdbc6b,2026-08-11T12:00:00Z,2026-08-08T08:30:00Z,2026-08-08T04:30:00-04:00,2026-08-11,PAIR,2026-08-11T20:30:00Z,2026-08-08T08:30:00Z,84,6h,false,2026-08-11T17:30:00Z,,0.1.0-prior-only,0.028951,0.044406,0.018430,0.932983,0.038870,0.048252,0.973461,0.066989,0.0028,0.000448,0.200000,no-alert,0.000000,0.167017,low,schedule_unverified;no_eligible_observations;prior_only,data/source_manifest.json,,,
6640459ac5e4d5ce,2026-08-11T12:00:00Z,2026-08-08T14:30:00Z,2026-08-08T10:30:00-04:00,2026-08-11,PAIR,2026-08-11T20:30:00Z,2026-08-08T14:30:00Z,78,6h,false,2026-08-11T17:30:00Z,,0.1.0-prior-only,0.029126,0.044626,0.018505,0.932955,0.038886,0.048272,0.973450,0.067017,0.0028,0.000451,0.200000,no-alert,0.000000,0.167045,low,schedule_unverified;no_eligible_observations;prior_only,data/source_manifest.json,,,
b850bc101657cf10,2026-08-11T12:00:00Z,2026-08-08T20:30:00Z,2026-08-08T16:30:00-04:00,2026-08-11,PAIR,2026-08-11T20:30:00Z,2026-08-08T20:30:00Z,72,6h,false,2026-08-11T17:30:00Z,,0.1.0-prior-only,0.029302,0.044847,0.018580,0.932927,0.038902,0.048293,0.973439,0.067045,0.0028,0.000453,0.200000,no-alert,0.000000,0.167073,low,schedule_unverified;no_eligible_observations;prior_only,data/source_manifest.json,,,
ed8804a4e81ac41e,2026-08-11T12:00:00Z,2026-08-09T02:30:00Z,2026-08-08T22:30:00-04:00,2026-08-11,PAIR,2026-08-11T20:30:00Z,2026-08-09T02:30:00Z,66,6h,false,2026-08-11T17:30:00Z,,0.1.0-prior-only,0.029479,0.045069,0.018656,0.932898,0.038919,0.048313,0.973428,0.067073,0.0028,0.000455,0.200000,no-alert,0.000000,0.167102,low,schedule_unverified;no_eligible_observations;prior_only,data/source_manifest.json,,,
faf1b6364c72749f,2026-08-11T12:00:00Z,2026-08-09T08:30:00Z,2026-08-09T04:30:00-04:00,2026-08-11,PAIR,2026-08-11T20:30:00Z,2026-08-09T08:30:00Z,60,6h,false,2026-08-11T17:30:00Z,,0.1.0-prior-only,0.029658,0.045292,0.018732,0.932870,0.038936,0.048334,0.973416,0.067102,0.0029,0.000457,0.200000,no-alert,0.000000,0.167130,low,schedule_unverified;no_eligible_observations;prior_only,data/source_manifest.json,,,
d2990a3777273b18,2026-08-11T12:00:00Z,2026-08-09T14:30:00Z,2026-08-09T10:30:00-04:00,2026-08-11,PAIR,2026-08-11T20:30:00Z,2026-08-09T14:30:00Z,54,6h,false,2026-08-11T17:30:00Z,,0.1.0-prior-only,0.029837,0.045516,0.018808,0.932841,0.038952,0.048355,0.973405,0.067130,0.0029,0.000460,0.200000,no-alert,0.000000,0.167159,low,schedule_unverified;no_eligible_observations;prior_only,data/source_manifest.json,,,
8f79df2d5b38f2d7,2026-08-11T12:00:00Z,2026-08-09T20:30:00Z,2026-08-09T16:30:00-04:00,2026-08-11,PAIR,2026-08-11T20:30:00Z,2026-08-09T20:30:00Z,48,6h,false,2026-08-11T17:30:00Z,,0.1.0-prior-only,0.030017,0.045741,0.018885,0.932812,0.038969,0.048375,0.973393,0.067159,0.0029,0.000462,0.200000,no-alert,0.000000,0.167188,low,schedule_unverified;no_eligible_observations;prior_only,data/source_manifest.json,,,
4fa1e0a1bc0d117c,2026-08-11T12:00:00Z,2026-08-09T22:30:00Z,2026-08-09T18:30:00-04:00,2026-08-11,PAIR,2026-08-11T20:30:00Z,2026-08-09T22:30:00Z,46,2h,false,2026-08-11T17:30:00Z,,0.1.0-prior-only,0.030077,0.045817,0.018910,0.932802,0.038975,0.048382,0.973390,0.067188,0.0010,0.000155,0.200000,no-alert,0.000000,0.167198,low,schedule_unverified;no_eligible_observations;prior_only,data/source_manifest.json,,,
cb7596a8e9a1df89,2026-08-11T12:00:00Z,2026-08-10T00:30:00Z,2026-08-09T20:30:00-04:00,2026-08-11,PAIR,2026-08-11T20:30:00Z,2026-08-10T00:30:00Z,44,2h,false,2026-08-11T17:30:00Z,,0.1.0-prior-only,0.030138,0.045892,0.018936,0.932792,0.038980,0.048389,0.973386,0.067198,0.0010,0.000155,0.200000,no-alert,0.000000,0.167208,low,schedule_unverified;no_eligible_observations;prior_only,data/source_manifest.json,,,
23589b92922937ca,2026-08-11T12:00:00Z,2026-08-10T02:30:00Z,2026-08-09T22:30:00-04:00,2026-08-11,PAIR,2026-08-11T20:30:00Z,2026-08-10T02:30:00Z,42,2h,false,2026-08-11T17:30:00Z,,0.1.0-prior-only,0.030198,0.045968,0.018961,0.932783,0.038986,0.048396,0.973382,0.067208,0.0010,0.000155,0.200000,no-alert,0.000000,0.167217,low,schedule_unverified;no_eligible_observations;prior_only,data/source_manifest.json,,,
0d494c2e8d164f74,2026-08-11T12:00:00Z,2026-08-10T04:30:00Z,2026-08-10T00:30:00-04:00,2026-08-11,PAIR,2026-08-11T20:30:00Z,2026-08-10T04:30:00Z,40,2h,false,2026-08-11T17:30:00Z,,0.1.0-prior-only,0.030259,0.046043,0.018987,0.932773,0.038992,0.048403,0.973378,0.067217,0.0010,0.000155,0.200000,no-alert,0.000000,0.167227,low,schedule_unverified;no_eligible_observations;prior_only,data/source_manifest.json,,,
171645e5d38d3481,2026-08-11T12:00:00Z,2026-08-10T06:30:00Z,2026-08-10T02:30:00-04:00,2026-08-11,PAIR,2026-08-11T20:30:00Z,2026-08-10T06:30:00Z,38,2h,false,2026-08-11T17:30:00Z,,0.1.0-prior-only,0.030320,0.046119,0.019013,0.932763,0.038997,0.048410,0.973374,0.067227,0.0010,0.000156,0.200000,no-alert,0.000000,0.167237,low,schedule_unverified;no_eligible_observations;prior_only,data/source_manifest.json,,,
1f59bacc57e73bdb,2026-08-11T12:00:00Z,2026-08-10T08:30:00Z,2026-08-10T04:30:00-04:00,2026-08-11,PAIR,2026-08-11T20:30:00Z,2026-08-10T08:30:00Z,36,2h,false,2026-08-11T17:30:00Z,,0.1.0-prior-only,0.030380,0.046195,0.019039,0.932753,0.039003,0.048418,0.973370,0.067237,0.0010,0.000156,0.200000,no-alert,0.000000,0.167247,low,schedule_unverified;no_eligible_observations;prior_only,data/source_manifest.json,,,
2fff61fe6562b9cf,2026-08-11T12:00:00Z,2026-08-10T10:30:00Z,2026-08-10T06:30:00-04:00,2026-08-11,PAIR,2026-08-11T20:30:00Z,2026-08-10T10:30:00Z,34,2h,false,2026-08-11T17:30:00Z,,0.1.0-prior-only,0.030441,0.046271,0.019064,0.932744,0.039009,0.048425,0.973366,0.067247,0.0010,0.000156,0.200000,no-alert,0.000000,0.167256,low,schedule_unverified;no_eligible_observations;prior_only,data/source_manifest.json,,,
16ab590217b1367d,2026-08-11T12:00:00Z,2026-08-10T12:30:00Z,2026-08-10T08:30:00-04:00,2026-08-11,PAIR,2026-08-11T20:30:00Z,2026-08-10T12:30:00Z,32,2h,false,2026-08-11T17:30:00Z,,0.1.0-prior-only,0.030503,0.046347,0.019090,0.932734,0.039014,0.048432,0.973363,0.067256,0.0010,0.000156,0.200000,no-alert,0.000000,0.167266,low,schedule_unverified;no_eligible_observations;prior_only,data/source_manifest.json,,,
acdb6e9453c5cf2b,2026-08-11T12:00:00Z,2026-08-10T14:30:00Z,2026-08-10T10:30:00-04:00,2026-08-11,PAIR,2026-08-11T20:30:00Z,2026-08-10T14:30:00Z,30,2h,false,2026-08-11T17:30:00Z,,0.1.0-prior-only,0.030564,0.046424,0.019116,0.932724,0.039020,0.048439,0.973359,0.067266,0.0010,0.000157,0.200000,no-alert,0.000000,0.167276,low,schedule_unverified;no_eligible_observations;prior_only,data/source_manifest.json,,,
8c713f679bf13b4e,2026-08-11T12:00:00Z,2026-08-10T16:30:00Z,2026-08-10T12:30:00-04:00,2026-08-11,PAIR,2026-08-11T20:30:00Z,2026-08-10T16:30:00Z,28,2h,false,2026-08-11T17:30:00Z,,0.1.0-prior-only,0.030625,0.046500,0.019142,0.932714,0.039026,0.048446,0.973355,0.067276,0.0010,0.000157,0.200000,no-alert,0.000000,0.167286,low,schedule_unverified;no_eligible_observations;prior_only,data/source_manifest.json,,,
20e82956f510900c,2026-08-11T12:00:00Z,2026-08-10T18:30:00Z,2026-08-10T14:30:00-04:00,2026-08-11,PAIR,2026-08-11T20:30:00Z,2026-08-10T18:30:00Z,26,2h,false,2026-08-11T17:30:00Z,,0.1.0-prior-only,0.030687,0.046576,0.019168,0.932704,0.039032,0.048453,0.973351,0.067286,0.0010,0.000157,0.200000,no-alert,0.000000,0.167296,low,schedule_unverified;no_eligible_observations;prior_only,data/source_manifest.json,,,
d79d265e2527727b,2026-08-11T12:00:00Z,2026-08-10T20:30:00Z,2026-08-10T16:30:00-04:00,2026-08-11,PAIR,2026-08-11T20:30:00Z,2026-08-10T20:30:00Z,24,2h,false,2026-08-11T17:30:00Z,,0.1.0-prior-only,0.030748,0.046653,0.019194,0.932694,0.039037,0.048460,0.973347,0.067296,0.0010,0.000157,0.200000,no-alert,0.000000,0.167306,low,schedule_unverified;no_eligible_observations;prior_only,data/source_manifest.json,,,
8f71bb169ab9e42c,2026-08-11T12:00:00Z,2026-08-10T22:30:00Z,2026-08-10T18:30:00-04:00,2026-08-11,PAIR,2026-08-11T20:30:00Z,2026-08-10T22:30:00Z,22,2h,false,2026-08-11T17:30:00Z,,0.1.0-prior-only,0.030810,0.046730,0.019220,0.932684,0.039043,0.048467,0.973343,0.067306,0.0010,0.000158,0.200000,no-alert,0.000000,0.167316,low,schedule_unverified;no_eligible_observations;prior_only,data/source_manifest.json,,,
eb28b3c620822eb9,2026-08-11T12:00:00Z,2026-08-11T00:30:00Z,2026-08-10T20:30:00-04:00,2026-08-11,PAIR,2026-08-11T20:30:00Z,2026-08-11T00:30:00Z,20,2h,false,2026-08-11T17:30:00Z,,0.1.0-prior-only,0.030872,0.046807,0.019246,0.932675,0.039049,0.048474,0.973339,0.067316,0.0010,0.000158,0.200000,no-alert,0.000000,0.167325,low,schedule_unverified;no_eligible_observations;prior_only,data/source_manifest.json,,,
8f7c524c915f5bcc,2026-08-11T12:00:00Z,2026-08-11T02:30:00Z,2026-08-10T22:30:00-04:00,2026-08-11,PAIR,2026-08-11T20:30:00Z,2026-08-11T02:30:00Z,18,2h,false,2026-08-11T17:30:00Z,,0.1.0-prior-only,0.030934,0.046884,0.019272,0.932665,0.039055,0.048481,0.973335,0.067325,0.0010,0.000158,0.200000,no-alert,0.000000,0.167335,low,schedule_unverified;no_eligible_observations;prior_only,data/source_manifest.json,,,
bf169e6dec6ed531,2026-08-11T12:00:00Z,2026-08-11T04:30:00Z,2026-08-11T00:30:00-04:00,2026-08-11,PAIR,2026-08-11T20:30:00Z,2026-08-11T04:30:00Z,16,2h,false,2026-08-11T17:30:00Z,,0.1.0-prior-only,0.030996,0.046961,0.019298,0.932655,0.039060,0.048489,0.973331,0.067335,0.0010,0.000159,0.200000,no-alert,0.000000,0.167345,low,schedule_unverified;no_eligible_observations;prior_only,data/source_manifest.json,,,
ce440fc184d9866f,2026-08-11T12:00:00Z,2026-08-11T06:30:00Z,2026-08-11T02:30:00-04:00,2026-08-11,PAIR,2026-08-11T20:30:00Z,2026-08-11T06:30:00Z,14,2h,false,2026-08-11T17:30:00Z,,0.1.0-prior-only,0.031058,0.047038,0.019324,0.932645,0.039066,0.048496,0.973327,0.067345,0.0010,0.000159,0.200000,no-alert,0.000000,0.167355,low,schedule_unverified;no_eligible_observations;prior_only,data/source_manifest.json,,,
b3addc9c76480d39,2026-08-11T12:00:00Z,2026-08-11T08:30:00Z,2026-08-11T04:30:00-04:00,2026-08-11,PAIR,2026-08-11T20:30:00Z,2026-08-11T08:30:00Z,12,2h,false,2026-08-11T17:30:00Z,,0.1.0-prior-only,0.031120,0.047115,0.019350,0.932635,0.039072,0.048503,0.973323,0.067355,0.0010,0.000159,0.200000,no-alert,0.000000,0.167365,low,schedule_unverified;no_eligible_observations;prior_only,data/source_manifest.json,,,
079be9951e0ebb56,2026-08-11T12:00:00Z,2026-08-11T10:30:00Z,2026-08-11T06:30:00-04:00,2026-08-11,PAIR,2026-08-11T20:30:00Z,2026-08-11T10:30:00Z,10,2h,false,2026-08-11T17:30:00Z,,0.1.0-prior-only,0.031183,0.047193,0.019376,0.932625,0.039078,0.048510,0.973319,0.067365,0.0010,0.000159,0.200000,no-alert,0.000000,0.167375,low,schedule_unverified;no_eligible_observations;prior_only,data/source_manifest.json,,,
f625836f90f45086,2026-08-11T12:00:00Z,2026-08-11T12:30:00Z,2026-08-11T08:30:00-04:00,2026-08-11,PAIR,2026-08-11T20:30:00Z,2026-08-11T12:30:00Z,8,2h,false,2026-08-11T17:30:00Z,,0.1.0-prior-only,0.031245,0.047270,0.019403,0.932615,0.039083,0.048517,0.973315,0.067375,0.0010,0.000160,0.200000,no-alert,0.000000,0.167385,low,schedule_unverified;no_eligible_observations;prior_only,data/source_manifest.json,,,
bb33151c0c83a5f3,2026-08-11T12:00:00Z,2026-08-11T14:30:00Z,2026-08-11T10:30:00-04:00,2026-08-11,PAIR,2026-08-11T20:30:00Z,2026-08-11T14:30:00Z,6,2h,false,2026-08-11T17:30:00Z,,0.1.0-prior-only,0.031308,0.047348,0.019429,0.932605,0.039089,0.048525,0.973311,0.067385,0.0010,0.000160,0.200000,no-alert,0.000000,0.167395,low,schedule_unverified;no_eligible_observations;prior_only,data/source_manifest.json,,,
f5a83387ae013b9b,2026-08-11T12:00:00Z,2026-08-11T16:30:00Z,2026-08-11T12:30:00-04:00,2026-08-11,PAIR,2026-08-11T20:30:00Z,2026-08-11T16:30:00Z,4,2h,true,2026-08-11T17:30:00Z,,0.1.0-prior-only,0.031371,0.047426,0.019455,0.932595,0.039095,0.048532,0.973307,0.067395,0.0010,0.000160,0.200000,no-alert,0.000000,0.167405,low,schedule_unverified;no_eligible_observations;prior_only,data/source_manifest.json,,,
55946d44383ccfa1,2026-08-11T12:00:00Z,2026-08-07T20:30:00Z,2026-08-07T16:30:00-04:00,2026-08-12,PAIR,2026-08-12T20:30:00Z,2026-08-07T20:30:00Z,120,6h,false,2026-08-12T17:30:00Z,,0.1.0-prior-only,0.027923,0.043107,0.017986,0.933149,0.038774,0.048133,0.973527,,,,0.200000,no-alert,0.000000,0.166851,low,schedule_unverified;no_eligible_observations;prior_only,data/source_manifest.json,,,
144709c83cdd9557,2026-08-11T12:00:00Z,2026-08-08T02:30:00Z,2026-08-07T22:30:00-04:00,2026-08-12,PAIR,2026-08-12T20:30:00Z,2026-08-08T02:30:00Z,114,6h,false,2026-08-12T17:30:00Z,,0.1.0-prior-only,0.028092,0.043321,0.018059,0.933122,0.038789,0.048152,0.973516,0.066851,0.0027,0.000437,0.200000,no-alert,0.000000,0.166878,low,schedule_unverified;no_eligible_observations;prior_only,data/source_manifest.json,,,
179ed9bf1340e1cd,2026-08-11T12:00:00Z,2026-08-08T08:30:00Z,2026-08-08T04:30:00-04:00,2026-08-12,PAIR,2026-08-12T20:30:00Z,2026-08-08T08:30:00Z,108,6h,false,2026-08-12T17:30:00Z,,0.1.0-prior-only,0.028262,0.043536,0.018133,0.933094,0.038805,0.048172,0.973505,0.066878,0.0027,0.000439,0.200000,no-alert,0.000000,0.166906,low,schedule_unverified;no_eligible_observations;prior_only,data/source_manifest.json,,,
7428a7ca82dd45eb,2026-08-11T12:00:00Z,2026-08-08T14:30:00Z,2026-08-08T10:30:00-04:00,2026-08-12,PAIR,2026-08-12T20:30:00Z,2026-08-08T14:30:00Z,102,6h,false,2026-08-12T17:30:00Z,,0.1.0-prior-only,0.028432,0.043752,0.018207,0.933067,0.038821,0.048192,0.973494,0.066906,0.0028,0.000441,0.200000,no-alert,0.000000,0.166933,low,schedule_unverified;no_eligible_observations;prior_only,data/source_manifest.json,,,
6ff55d1094a0a2e2,2026-08-11T12:00:00Z,2026-08-08T20:30:00Z,2026-08-08T16:30:00-04:00,2026-08-12,PAIR,2026-08-12T20:30:00Z,2026-08-08T20:30:00Z,96,6h,false,2026-08-12T17:30:00Z,,0.1.0-prior-only,0.028604,0.043969,0.018281,0.933039,0.038837,0.048212,0.973483,0.066933,0.0028,0.000444,0.200000,no-alert,0.000000,0.166961,low,schedule_unverified;no_eligible_observations;prior_only,data/source_manifest.json,,,
b0fecb14649e8b77,2026-08-11T12:00:00Z,2026-08-09T02:30:00Z,2026-08-08T22:30:00-04:00,2026-08-12,PAIR,2026-08-12T20:30:00Z,2026-08-09T02:30:00Z,90,6h,false,2026-08-12T17:30:00Z,,0.1.0-prior-only,0.028777,0.044187,0.018355,0.933011,0.038853,0.048232,0.973472,0.066961,0.0028,0.000446,0.200000,no-alert,0.000000,0.166989,low,schedule_unverified;no_eligible_observations;prior_only,data/source_manifest.json,,,
10108b1d7490063a,2026-08-11T12:00:00Z,2026-08-09T08:30:00Z,2026-08-09T04:30:00-04:00,2026-08-12,PAIR,2026-08-12T20:30:00Z,2026-08-09T08:30:00Z,84,6h,false,2026-08-12T17:30:00Z,,0.1.0-prior-only,0.028951,0.044406,0.018430,0.932983,0.038870,0.048252,0.973461,0.066989,0.0028,0.000448,0.200000,no-alert,0.000000,0.167017,low,schedule_unverified;no_eligible_observations;prior_only,data/source_manifest.json,,,
a1f59a6f4d9d88ba,2026-08-11T12:00:00Z,2026-08-09T14:30:00Z,2026-08-09T10:30:00-04:00,2026-08-12,PAIR,2026-08-12T20:30:00Z,2026-08-09T14:30:00Z,78,6h,false,2026-08-12T17:30:00Z,,0.1.0-prior-only,0.029126,0.044626,0.018505,0.932955,0.038886,0.048272,0.973450,0.067017,0.0028,0.000451,0.200000,no-alert,0.000000,0.167045,low,schedule_unverified;no_eligible_observations;prior_only,data/source_manifest.json,,,
db946e017e3d88d6,2026-08-11T12:00:00Z,2026-08-09T20:30:00Z,2026-08-09T16:30:00-04:00,2026-08-12,PAIR,2026-08-12T20:30:00Z,2026-08-09T20:30:00Z,72,6h,false,2026-08-12T17:30:00Z,,0.1.0-prior-only,0.029302,0.044847,0.018580,0.932927,0.038902,0.048293,0.973439,0.067045,0.0028,0.000453,0.200000,no-alert,0.000000,0.167073,low,schedule_unverified;no_eligible_observations;prior_only,data/source_manifest.json,,,
7b314ac0d3d738d2,2026-08-11T12:00:00Z,2026-08-10T02:30:00Z,2026-08-09T22:30:00-04:00,2026-08-12,PAIR,2026-08-12T20:30:00Z,2026-08-10T02:30:00Z,66,6h,false,2026-08-12T17:30:00Z,,0.1.0-prior-only,0.029479,0.045069,0.018656,0.932898,0.038919,0.048313,0.973428,0.067073,0.0028,0.000455,0.200000,no-alert,0.000000,0.167102,low,schedule_unverified;no_eligible_observations;prior_only,data/source_manifest.json,,,
6d4ca9eebb3ccee3,2026-08-11T12:00:00Z,2026-08-10T08:30:00Z,2026-08-10T04:30:00-04:00,2026-08-12,PAIR,2026-08-12T20:30:00Z,2026-08-10T08:30:00Z,60,6h,false,2026-08-12T17:30:00Z,,0.1.0-prior-only,0.029658,0.045292,0.018732,0.932870,0.038936,0.048334,0.973416,0.067102,0.0029,0.000457,0.200000,no-alert,0.000000,0.167130,low,schedule_unverified;no_eligible_observations;prior_only,data/source_manifest.json,,,
05f33153cdd1bddf,2026-08-11T12:00:00Z,2026-08-10T14:30:00Z,2026-08-10T10:30:00-04:00,2026-08-12,PAIR,2026-08-12T20:30:00Z,2026-08-10T14:30:00Z,54,6h,false,2026-08-12T17:30:00Z,,0.1.0-prior-only,0.029837,0.045516,0.018808,0.932841,0.038952,0.048355,0.973405,0.067130,0.0029,0.000460,0.200000,no-alert,0.000000,0.167159,low,schedule_unverified;no_eligible_observations;prior_only,data/source_manifest.json,,,
b8db7fb6acea92f2,2026-08-11T12:00:00Z,2026-08-10T20:30:00Z,2026-08-10T16:30:00-04:00,2026-08-12,PAIR,2026-08-12T20:30:00Z,2026-08-10T20:30:00Z,48,6h,false,2026-08-12T17:30:00Z,,0.1.0-prior-only,0.030017,0.045741,0.018885,0.932812,0.038969,0.048375,0.973393,0.067159,0.0029,0.000462,0.200000,no-alert,0.000000,0.167188,low,schedule_unverified;no_eligible_observations;prior_only,data/source_manifest.json,,,
179e22a28c71c5ae,2026-08-11T12:00:00Z,2026-08-10T22:30:00Z,2026-08-10T18:30:00-04:00,2026-08-12,PAIR,2026-08-12T20:30:00Z,2026-08-10T22:30:00Z,46,2h,false,2026-08-12T17:30:00Z,,0.1.0-prior-only,0.030077,0.045817,0.018910,0.932802,0.038975,0.048382,0.973390,0.067188,0.0010,0.000155,0.200000,no-alert,0.000000,0.167198,low,schedule_unverified;no_eligible_observations;prior_only,data/source_manifest.json,,,
52f12b8173b02315,2026-08-11T12:00:00Z,2026-08-11T00:30:00Z,2026-08-10T20:30:00-04:00,2026-08-12,PAIR,2026-08-12T20:30:00Z,2026-08-11T00:30:00Z,44,2h,false,2026-08-12T17:30:00Z,,0.1.0-prior-only,0.030138,0.045892,0.018936,0.932792,0.038980,0.048389,0.973386,0.067198,0.0010,0.000155,0.200000,no-alert,0.000000,0.167208,low,schedule_unverified;no_eligible_observations;prior_only,data/source_manifest.json,,,
e0823dfa725415ae,2026-08-11T12:00:00Z,2026-08-11T02:30:00Z,2026-08-10T22:30:00-04:00,2026-08-12,PAIR,2026-08-12T20:30:00Z,2026-08-11T02:30:00Z,42,2h,false,2026-08-12T17:30:00Z,,0.1.0-prior-only,0.030198,0.045968,0.018961,0.932783,0.038986,0.048396,0.973382,0.067208,0.0010,0.000155,0.200000,no-alert,0.000000,0.167217,low,schedule_unverified;no_eligible_observations;prior_only,data/source_manifest.json,,,
0462c7b539c608d9,2026-08-11T12:00:00Z,2026-08-11T04:30:00Z,2026-08-11T00:30:00-04:00,2026-08-12,PAIR,2026-08-12T20:30:00Z,2026-08-11T04:30:00Z,40,2h,false,2026-08-12T17:30:00Z,,0.1.0-prior-only,0.030259,0.046043,0.018987,0.932773,0.038992,0.048403,0.973378,0.067217,0.0010,0.000155,0.200000,no-alert,0.000000,0.167227,low,schedule_unverified;no_eligible_observations;prior_only,data/source_manifest.json,,,
ae12ffabc8359e4a,2026-08-11T12:00:00Z,2026-08-11T06:30:00Z,2026-08-11T02:30:00-04:00,2026-08-12,PAIR,2026-08-12T20:30:00Z,2026-08-11T06:30:00Z,38,2h,false,2026-08-12T17:30:00Z,,0.1.0-prior-only,0.030320,0.046119,0.019013,0.932763,0.038997,0.048410,0.973374,0.067227,0.0010,0.000156,0.200000,no-alert,0.000000,0.167237,low,schedule_unverified;no_eligible_observations;prior_only,data/source_manifest.json,,,
1e6938ab88e089c8,2026-08-11T12:00:00Z,2026-08-11T08:30:00Z,2026-08-11T04:30:00-04:00,2026-08-12,PAIR,2026-08-12T20:30:00Z,2026-08-11T08:30:00Z,36,2h,false,2026-08-12T17:30:00Z,,0.1.0-prior-only,0.030380,0.046195,0.019039,0.932753,0.039003,0.048418,0.973370,0.067237,0.0010,0.000156,0.200000,no-alert,0.000000,0.167247,low,schedule_unverified;no_eligible_observations;prior_only,data/source_manifest.json,,,
5b531151906a5c35,2026-08-11T12:00:00Z,2026-08-11T10:30:00Z,2026-08-11T06:30:00-04:00,2026-08-12,PAIR,2026-08-12T20:30:00Z,2026-08-11T10:30:00Z,34,2h,false,2026-08-12T17:30:00Z,,0.1.0-prior-only,0.030441,0.046271,0.019064,0.932744,0.039009,0.048425,0.973366,0.067247,0.0010,0.000156,0.200000,no-alert,0.000000,0.167256,low,schedule_unverified;no_eligible_observations;prior_only,data/source_manifest.json,,,
6d132edd24bb9e47,2026-08-11T12:00:00Z,2026-08-11T12:30:00Z,2026-08-11T08:30:00-04:00,2026-08-12,PAIR,2026-08-12T20:30:00Z,2026-08-11T12:30:00Z,32,2h,false,2026-08-12T17:30:00Z,,0.1.0-prior-only,0.030503,0.046347,0.019090,0.932734,0.039014,0.048432,0.973363,0.067256,0.0010,0.000156,0.200000,no-alert,0.000000,0.167266,low,schedule_unverified;no_eligible_observations;prior_only,data/source_manifest.json,,,
4b24f897a35f143e,2026-08-11T12:00:00Z,2026-08-11T14:30:00Z,2026-08-11T10:30:00-04:00,2026-08-12,PAIR,2026-08-12T20:30:00Z,2026-08-11T14:30:00Z,30,2h,false,2026-08-12T17:30:00Z,,0.1.0-prior-only,0.030564,0.046424,0.019116,0.932724,0.039020,0.048439,0.973359,0.067266,0.0010,0.000157,0.200000,no-alert,0.000000,0.167276,low,schedule_unverified;no_eligible_observations;prior_only,data/source_manifest.json,,,
f812a5ceb4c7fc98,2026-08-11T12:00:00Z,2026-08-11T16:30:00Z,2026-08-11T12:30:00-04:00,2026-08-12,PAIR,2026-08-12T20:30:00Z,2026-08-11T16:30:00Z,28,2h,false,2026-08-12T17:30:00Z,,0.1.0-prior-only,0.030625,0.046500,0.019142,0.932714,0.039026,0.048446,0.973355,0.067276,0.0010,0.000157,0.200000,no-alert,0.000000,0.167286,low,schedule_unverified;no_eligible_observations;prior_only,data/source_manifest.json,,,
22c86e9a8bde7d73,2026-08-11T12:00:00Z,2026-08-11T18:30:00Z,2026-08-11T14:30:00-04:00,2026-08-12,PAIR,2026-08-12T20:30:00Z,2026-08-11T18:30:00Z,26,2h,false,2026-08-12T17:30:00Z,,0.1.0-prior-only,0.030687,0.046576,0.019168,0.932704,0.039032,0.048453,0.973351,0.067286,0.0010,0.000157,0.200000,no-alert,0.000000,0.167296,low,schedule_unverified;no_eligible_observations;prior_only,data/source_manifest.json,,,
1cbcaf0957ff9cc4,2026-08-11T12:00:00Z,2026-08-11T20:30:00Z,2026-08-11T16:30:00-04:00,2026-08-12,PAIR,2026-08-12T20:30:00Z,2026-08-11T20:30:00Z,24,2h,false,2026-08-12T17:30:00Z,,0.1.0-prior-only,0.030748,0.046653,0.019194,0.932694,0.039037,0.048460,0.973347,0.067296,0.0010,0.000157,0.200000,no-alert,0.000000,0.167306,low,schedule_unverified;no_eligible_observations;prior_only,data/source_manifest.json,,,
01cd73126341e692,2026-08-11T12:00:00Z,2026-08-11T22:30:00Z,2026-08-11T18:30:00-04:00,2026-08-12,PAIR,2026-08-12T20:30:00Z,2026-08-11T22:30:00Z,22,2h,false,2026-08-12T17:30:00Z,,0.1.0-prior-only,0.030810,0.046730,0.019220,0.932684,0.039043,0.048467,0.973343,0.067306,0.0010,0.000158,0.200000,no-alert,0.000000,0.167316,low,schedule_unverified;no_eligible_observations;prior_only,data/source_manifest.json,,,
da3276d23b2cb13f,2026-08-11T12:00:00Z,2026-08-12T00:30:00Z,2026-08-11T20:30:00-04:00,2026-08-12,PAIR,2026-08-12T20:30:00Z,2026-08-12T00:30:00Z,20,2h,false,2026-08-12T17:30:00Z,,0.1.0-prior-only,0.030872,0.046807,0.019246,0.932675,0.039049,0.048474,0.973339,0.067316,0.0010,0.000158,0.200000,no-alert,0.000000,0.167325,low,schedule_unverified;no_eligible_observations;prior_only,data/source_manifest.json,,,
63984ee977fd2222,2026-08-11T12:00:00Z,2026-08-12T02:30:00Z,2026-08-11T22:30:00-04:00,2026-08-12,PAIR,2026-08-12T20:30:00Z,2026-08-12T02:30:00Z,18,2h,false,2026-08-12T17:30:00Z,,0.1.0-prior-only,0.030934,0.046884,0.019272,0.932665,0.039055,0.048481,0.973335,0.067325,0.0010,0.000158,0.200000,no-alert,0.000000,0.167335,low,schedule_unverified;no_eligible_observations;prior_only,data/source_manifest.json,,,
897ac25a01301cfd,2026-08-11T12:00:00Z,2026-08-12T04:30:00Z,2026-08-12T00:30:00-04:00,2026-08-12,PAIR,2026-08-12T20:30:00Z,2026-08-12T04:30:00Z,16,2h,false,2026-08-12T17:30:00Z,,0.1.0-prior-only,0.030996,0.046961,0.019298,0.932655,0.039060,0.048489,0.973331,0.067335,0.0010,0.000159,0.200000,no-alert,0.000000,0.167345,low,schedule_unverified;no_eligible_observations;prior_only,data/source_manifest.json,,,
559c10756c1b360c,2026-08-11T12:00:00Z,2026-08-12T06:30:00Z,2026-08-12T02:30:00-04:00,2026-08-12,PAIR,2026-08-12T20:30:00Z,2026-08-12T06:30:00Z,14,2h,false,2026-08-12T17:30:00Z,,0.1.0-prior-only,0.031058,0.047038,0.019324,0.932645,0.039066,0.048496,0.973327,0.067345,0.0010,0.000159,0.200000,no-alert,0.000000,0.167355,low,schedule_unverified;no_eligible_observations;prior_only,data/source_manifest.json,,,
258a1fd16238c39a,2026-08-11T12:00:00Z,2026-08-12T08:30:00Z,2026-08-12T04:30:00-04:00,2026-08-12,PAIR,2026-08-12T20:30:00Z,2026-08-12T08:30:00Z,12,2h,false,2026-08-12T17:30:00Z,,0.1.0-prior-only,0.031120,0.047115,0.019350,0.932635,0.039072,0.048503,0.973323,0.067355,0.0010,0.000159,0.200000,no-alert,0.000000,0.167365,low,schedule_unverified;no_eligible_observations;prior_only,data/source_manifest.json,,,
5ed4c324ef9205ed,2026-08-11T12:00:00Z,2026-08-12T10:30:00Z,2026-08-12T06:30:00-04:00,2026-08-12,PAIR,2026-08-12T20:30:00Z,2026-08-12T10:30:00Z,10,2h,false,2026-08-12T17:30:00Z,,0.1.0-prior-only,0.031183,0.047193,0.019376,0.932625,0.039078,0.048510,0.973319,0.067365,0.0010,0.000159,0.200000,no-alert,0.000000,0.167375,low,schedule_unverified;no_eligible_observations;prior_only,data/source_manifest.json,,,
e4da024067c98c16,2026-08-11T12:00:00Z,2026-08-12T12:30:00Z,2026-08-12T08:30:00-04:00,2026-08-12,PAIR,2026-08-12T20:30:00Z,2026-08-12T12:30:00Z,8,2h,false,2026-08-12T17:30:00Z,,0.1.0-prior-only,0.031245,0.047270,0.019403,0.932615,0.039083,0.048517,0.973315,0.067375,0.0010,0.000160,0.200000,no-alert,0.000000,0.167385,low,schedule_unverified;no_eligible_observations;prior_only,data/source_manifest.json,,,
f39e96c71d28d435,2026-08-11T12:00:00Z,2026-08-12T14:30:00Z,2026-08-12T10:30:00-04:00,2026-08-12,PAIR,2026-08-12T20:30:00Z,2026-08-12T14:30:00Z,6,2h,false,2026-08-12T17:30:00Z,,0.1.0-prior-only,0.031308,0.047348,0.019429,0.932605,0.039089,0.048525,0.973311,0.067385,0.0010,0.000160,0.200000,no-alert,0.000000,0.167395,low,schedule_unverified;no_eligible_observations;prior_only,data/source_manifest.json,,,
36f8af54d87740f5,2026-08-11T12:00:00Z,2026-08-12T16:30:00Z,2026-08-12T12:30:00-04:00,2026-08-12,PAIR,2026-08-12T20:30:00Z,2026-08-12T16:30:00Z,4,2h,true,2026-08-12T17:30:00Z,,0.1.0-prior-only,0.031371,0.047426,0.019455,0.932595,0.039095,0.048532,0.973307,0.067395,0.0010,0.000160,0.200000,no-alert,0.000000,0.167405,low,schedule_unverified;no_eligible_observations;prior_only,data/source_manifest.json,,,
38a18068a1fa30d6,2026-08-11T12:00:00Z,2026-08-08T20:30:00Z,2026-08-08T16:30:00-04:00,2026-08-13,PAIR,2026-08-13T20:30:00Z,2026-08-08T20:30:00Z,120,6h,false,2026-08-13T17:30:00Z,,0.1.0-prior-only,0.027923,0.043107,0.017986,0.933149,0.038774,0.048133,0.973527,,,,0.200000,no-alert,0.000000,0.166851,low,schedule_unverified;no_eligible_observations;prior_only,data/source_manifest.json,,,
8cfdf55573794c1d,2026-08-11T12:00:00Z,2026-08-09T02:30:00Z,2026-08-08T22:30:00-04:00,2026-08-13,PAIR,2026-08-13T20:30:00Z,2026-08-09T02:30:00Z,114,6h,false,2026-08-13T17:30:00Z,,0.1.0-prior-only,0.028092,0.043321,0.018059,0.933122,0.038789,0.048152,0.973516,0.066851,0.0027,0.000437,0.200000,no-alert,0.000000,0.166878,low,schedule_unverified;no_eligible_observations;prior_only,data/source_manifest.json,,,
ac28680473783118,2026-08-11T12:00:00Z,2026-08-09T08:30:00Z,2026-08-09T04:30:00-04:00,2026-08-13,PAIR,2026-08-13T20:30:00Z,2026-08-09T08:30:00Z,108,6h,false,2026-08-13T17:30:00Z,,0.1.0-prior-only,0.028262,0.043536,0.018133,0.933094,0.038805,0.048172,0.973505,0.066878,0.0027,0.000439,0.200000,no-alert,0.000000,0.166906,low,schedule_unverified;no_eligible_observations;prior_only,data/source_manifest.json,,,
2fd6326609ac3394,2026-08-11T12:00:00Z,2026-08-09T14:30:00Z,2026-08-09T10:30:00-04:00,2026-08-13,PAIR,2026-08-13T20:30:00Z,2026-08-09T14:30:00Z,102,6h,false,2026-08-13T17:30:00Z,,0.1.0-prior-only,0.028432,0.043752,0.018207,0.933067,0.038821,0.048192,0.973494,0.066906,0.0028,0.000441,0.200000,no-alert,0.000000,0.166933,low,schedule_unverified;no_eligible_observations;prior_only,data/source_manifest.json,,,
920fe2a1cf6386b8,2026-08-11T12:00:00Z,2026-08-09T20:30:00Z,2026-08-09T16:30:00-04:00,2026-08-13,PAIR,2026-08-13T20:30:00Z,2026-08-09T20:30:00Z,96,6h,false,2026-08-13T17:30:00Z,,0.1.0-prior-only,0.028604,0.043969,0.018281,0.933039,0.038837,0.048212,0.973483,0.066933,0.0028,0.000444,0.200000,no-alert,0.000000,0.166961,low,schedule_unverified;no_eligible_observations;prior_only,data/source_manifest.json,,,
fb2e7be63d70dba6,2026-08-11T12:00:00Z,2026-08-10T02:30:00Z,2026-08-09T22:30:00-04:00,2026-08-13,PAIR,2026-08-13T20:30:00Z,2026-08-10T02:30:00Z,90,6h,false,2026-08-13T17:30:00Z,,0.1.0-prior-only,0.028777,0.044187,0.018355,0.933011,0.038853,0.048232,0.973472,0.066961,0.0028,0.000446,0.200000,no-alert,0.000000,0.166989,low,schedule_unverified;no_eligible_observations;prior_only,data/source_manifest.json,,,
8ae780e031b3ac7e,2026-08-11T12:00:00Z,2026-08-10T08:30:00Z,2026-08-10T04:30:00-04:00,2026-08-13,PAIR,2026-08-13T20:30:00Z,2026-08-10T08:30:00Z,84,6h,false,2026-08-13T17:30:00Z,,0.1.0-prior-only,0.028951,0.044406,0.018430,0.932983,0.038870,0.048252,0.973461,0.066989,0.0028,0.000448,0.200000,no-alert,0.000000,0.167017,low,schedule_unverified;no_eligible_observations;prior_only,data/source_manifest.json,,,
daae41949f9ea032,2026-08-11T12:00:00Z,2026-08-10T14:30:00Z,2026-08-10T10:30:00-04:00,2026-08-13,PAIR,2026-08-13T20:30:00Z,2026-08-10T14:30:00Z,78,6h,false,2026-08-13T17:30:00Z,,0.1.0-prior-only,0.029126,0.044626,0.018505,0.932955,0.038886,0.048272,0.973450,0.067017,0.0028,0.000451,0.200000,no-alert,0.000000,0.167045,low,schedule_unverified;no_eligible_observations;prior_only,data/source_manifest.json,,,
ec80db4d974f03c5,2026-08-11T12:00:00Z,2026-08-10T20:30:00Z,2026-08-10T16:30:00-04:00,2026-08-13,PAIR,2026-08-13T20:30:00Z,2026-08-10T20:30:00Z,72,6h,false,2026-08-13T17:30:00Z,,0.1.0-prior-only,0.029302,0.044847,0.018580,0.932927,0.038902,0.048293,0.973439,0.067045,0.0028,0.000453,0.200000,no-alert,0.000000,0.167073,low,schedule_unverified;no_eligible_observations;prior_only,data/source_manifest.json,,,
1ffc37f019a44754,2026-08-11T12:00:00Z,2026-08-11T02:30:00Z,2026-08-10T22:30:00-04:00,2026-08-13,PAIR,2026-08-13T20:30:00Z,2026-08-11T02:30:00Z,66,6h,false,2026-08-13T17:30:00Z,,0.1.0-prior-only,0.029479,0.045069,0.018656,0.932898,0.038919,0.048313,0.973428,0.067073,0.0028,0.000455,0.200000,no-alert,0.000000,0.167102,low,schedule_unverified;no_eligible_observations;prior_only,data/source_manifest.json,,,
3d5720a73cdaeeab,2026-08-11T12:00:00Z,2026-08-11T08:30:00Z,2026-08-11T04:30:00-04:00,2026-08-13,PAIR,2026-08-13T20:30:00Z,2026-08-11T08:30:00Z,60,6h,false,2026-08-13T17:30:00Z,,0.1.0-prior-only,0.029658,0.045292,0.018732,0.932870,0.038936,0.048334,0.973416,0.067102,0.0029,0.000457,0.200000,no-alert,0.000000,0.167130,low,schedule_unverified;no_eligible_observations;prior_only,data/source_manifest.json,,,
c158d338fdba01d0,2026-08-11T12:00:00Z,2026-08-11T14:30:00Z,2026-08-11T10:30:00-04:00,2026-08-13,PAIR,2026-08-13T20:30:00Z,2026-08-11T14:30:00Z,54,6h,false,2026-08-13T17:30:00Z,,0.1.0-prior-only,0.029837,0.045516,0.018808,0.932841,0.038952,0.048355,0.973405,0.067130,0.0029,0.000460,0.200000,no-alert,0.000000,0.167159,low,schedule_unverified;no_eligible_observations;prior_only,data/source_manifest.json,,,
145ed6f3e0b648d4,2026-08-11T12:00:00Z,2026-08-11T20:30:00Z,2026-08-11T16:30:00-04:00,2026-08-13,PAIR,2026-08-13T20:30:00Z,2026-08-11T20:30:00Z,48,6h,false,2026-08-13T17:30:00Z,,0.1.0-prior-only,0.030017,0.045741,0.018885,0.932812,0.038969,0.048375,0.973393,0.067159,0.0029,0.000462,0.200000,no-alert,0.000000,0.167188,low,schedule_unverified;no_eligible_observations;prior_only,data/source_manifest.json,,,
5ba44a36f3c28e08,2026-08-11T12:00:00Z,2026-08-11T22:30:00Z,2026-08-11T18:30:00-04:00,2026-08-13,PAIR,2026-08-13T20:30:00Z,2026-08-11T22:30:00Z,46,2h,false,2026-08-13T17:30:00Z,,0.1.0-prior-only,0.030077,0.045817,0.018910,0.932802,0.038975,0.048382,0.973390,0.067188,0.0010,0.000155,0.200000,no-alert,0.000000,0.167198,low,schedule_unverified;no_eligible_observations;prior_only,data/source_manifest.json,,,
28c2cfde18a7a3b8,2026-08-11T12:00:00Z,2026-08-12T00:30:00Z,2026-08-11T20:30:00-04:00,2026-08-13,PAIR,2026-08-13T20:30:00Z,2026-08-12T00:30:00Z,44,2h,false,2026-08-13T17:30:00Z,,0.1.0-prior-only,0.030138,0.045892,0.018936,0.932792,0.038980,0.048389,0.973386,0.067198,0.0010,0.000155,0.200000,no-alert,0.000000,0.167208,low,schedule_unverified;no_eligible_observations;prior_only,data/source_manifest.json,,,
d39c99b2fc90893f,2026-08-11T12:00:00Z,2026-08-12T02:30:00Z,2026-08-11T22:30:00-04:00,2026-08-13,PAIR,2026-08-13T20:30:00Z,2026-08-12T02:30:00Z,42,2h,false,2026-08-13T17:30:00Z,,0.1.0-prior-only,0.030198,0.045968,0.018961,0.932783,0.038986,0.048396,0.973382,0.067208,0.0010,0.000155,0.200000,no-alert,0.000000,0.167217,low,schedule_unverified;no_eligible_observations;prior_only,data/source_manifest.json,,,
8dd4d7347435e760,2026-08-11T12:00:00Z,2026-08-12T04:30:00Z,2026-08-12T00:30:00-04:00,2026-08-13,PAIR,2026-08-13T20:30:00Z,2026-08-12T04:30:00Z,40,2h,false,2026-08-13T17:30:00Z,,0.1.0-prior-only,0.030259,0.046043,0.018987,0.932773,0.038992,0.048403,0.973378,0.067217,0.0010,0.000155,0.200000,no-alert,0.000000,0.167227,low,schedule_unverified;no_eligible_observations;prior_only,data/source_manifest.json,,,
e8adcd5f7e3509e8,2026-08-11T12:00:00Z,2026-08-12T06:30:00Z,2026-08-12T02:30:00-04:00,2026-08-13,PAIR,2026-08-13T20:30:00Z,2026-08-12T06:30:00Z,38,2h,false,2026-08-13T17:30:00Z,,0.1.0-prior-only,0.030320,0.046119,0.019013,0.932763,0.038997,0.048410,0.973374,0.067227,0.0010,0.000156,0.200000,no-alert,0.000000,0.167237,low,schedule_unverified;no_eligible_observations;prior_only,data/source_manifest.json,,,
61b1e911cdd3a429,2026-08-11T12:00:00Z,2026-08-12T08:30:00Z,2026-08-12T04:30:00-04:00,2026-08-13,PAIR,2026-08-13T20:30:00Z,2026-08-12T08:30:00Z,36,2h,false,2026-08-13T17:30:00Z,,0.1.0-prior-only,0.030380,0.046195,0.019039,0.932753,0.039003,0.048418,0.973370,0.067237,0.0010,0.000156,0.200000,no-alert,0.000000,0.167247,low,schedule_unverified;no_eligible_observations;prior_only,data/source_manifest.json,,,
ee66901214d74220,2026-08-11T12:00:00Z,2026-08-12T10:30:00Z,2026-08-12T06:30:00-04:00,2026-08-13,PAIR,2026-08-13T20:30:00Z,2026-08-12T10:30:00Z,34,2h,false,2026-08-13T17:30:00Z,,0.1.0-prior-only,0.030441,0.046271,0.019064,0.932744,0.039009,0.048425,0.973366,0.067247,0.0010,0.000156,0.200000,no-alert,0.000000,0.167256,low,schedule_unverified;no_eligible_observations;prior_only,data/source_manifest.json,,,
4a667c1feb5bc17a,2026-08-11T12:00:00Z,2026-08-12T12:30:00Z,2026-08-12T08:30:00-04:00,2026-08-13,PAIR,2026-08-13T20:30:00Z,2026-08-12T12:30:00Z,32,2h,false,2026-08-13T17:30:00Z,,0.1.0-prior-only,0.030503,0.046347,0.019090,0.932734,0.039014,0.048432,0.973363,0.067256,0.0010,0.000156,0.200000,no-alert,0.000000,0.167266,low,schedule_unverified;no_eligible_observations;prior_only,data/source_manifest.json,,,
00f278de5bfd9bd9,2026-08-11T12:00:00Z,2026-08-12T14:30:00Z,2026-08-12T10:30:00-04:00,2026-08-13,PAIR,2026-08-13T20:30:00Z,2026-08-12T14:30:00Z,30,2h,false,2026-08-13T17:30:00Z,,0.1.0-prior-only,0.030564,0.046424,0.019116,0.932724,0.039020,0.048439,0.973359,0.067266,0.0010,0.000157,0.200000,no-alert,0.000000,0.167276,low,schedule_unverified;no_eligible_observations;prior_only,data/source_manifest.json,,,
1c272a0d6458b895,2026-08-11T12:00:00Z,2026-08-12T16:30:00Z,2026-08-12T12:30:00-04:00,2026-08-13,PAIR,2026-08-13T20:30:00Z,2026-08-12T16:30:00Z,28,2h,false,2026-08-13T17:30:00Z,,0.1.0-prior-only,0.030625,0.046500,0.019142,0.932714,0.039026,0.048446,0.973355,0.067276,0.0010,0.000157,0.200000,no-alert,0.000000,0.167286,low,schedule_unverified;no_eligible_observations;prior_only,data/source_manifest.json,,,
3633107c9bd8752e,2026-08-11T12:00:00Z,2026-08-12T18:30:00Z,2026-08-12T14:30:00-04:00,2026-08-13,PAIR,2026-08-13T20:30:00Z,2026-08-12T18:30:00Z,26,2h,false,2026-08-13T17:30:00Z,,0.1.0-prior-only,0.030687,0.046576,0.019168,0.932704,0.039032,0.048453,0.973351,0.067286,0.0010,0.000157,0.200000,no-alert,0.000000,0.167296,low,schedule_unverified;no_eligible_observations;prior_only,data/source_manifest.json,,,
7343eb98f9bde0bb,2026-08-11T12:00:00Z,2026-08-12T20:30:00Z,2026-08-12T16:30:00-04:00,2026-08-13,PAIR,2026-08-13T20:30:00Z,2026-08-12T20:30:00Z,24,2h,false,2026-08-13T17:30:00Z,,0.1.0-prior-only,0.030748,0.046653,0.019194,0.932694,0.039037,0.048460,0.973347,0.067296,0.0010,0.000157,0.200000,no-alert,0.000000,0.167306,low,schedule_unverified;no_eligible_observations;prior_only,data/source_manifest.json,,,
7b039d215c748e2b,2026-08-11T12:00:00Z,2026-08-12T22:30:00Z,2026-08-12T18:30:00-04:00,2026-08-13,PAIR,2026-08-13T20:30:00Z,2026-08-12T22:30:00Z,22,2h,false,2026-08-13T17:30:00Z,,0.1.0-prior-only,0.030810,0.046730,0.019220,0.932684,0.039043,0.048467,0.973343,0.067306,0.0010,0.000158,0.200000,no-alert,0.000000,0.167316,low,schedule_unverified;no_eligible_observations;prior_only,data/source_manifest.json,,,
370c002013c76c83,2026-08-11T12:00:00Z,2026-08-13T00:30:00Z,2026-08-12T20:30:00-04:00,2026-08-13,PAIR,2026-08-13T20:30:00Z,2026-08-13T00:30:00Z,20,2h,false,2026-08-13T17:30:00Z,,0.1.0-prior-only,0.030872,0.046807,0.019246,0.932675,0.039049,0.048474,0.973339,0.067316,0.0010,0.000158,0.200000,no-alert,0.000000,0.167325,low,schedule_unverified;no_eligible_observations;prior_only,data/source_manifest.json,,,
dcfc1b1fe6ef01d1,2026-08-11T12:00:00Z,2026-08-13T02:30:00Z,2026-08-12T22:30:00-04:00,2026-08-13,PAIR,2026-08-13T20:30:00Z,2026-08-13T02:30:00Z,18,2h,false,2026-08-13T17:30:00Z,,0.1.0-prior-only,0.030934,0.046884,0.019272,0.932665,0.039055,0.048481,0.973335,0.067325,0.0010,0.000158,0.200000,no-alert,0.000000,0.167335,low,schedule_unverified;no_eligible_observations;prior_only,data/source_manifest.json,,,
2fff743153636ff7,2026-08-11T12:00:00Z,2026-08-13T04:30:00Z,2026-08-13T00:30:00-04:00,2026-08-13,PAIR,2026-08-13T20:30:00Z,2026-08-13T04:30:00Z,16,2h,false,2026-08-13T17:30:00Z,,0.1.0-prior-only,0.030996,0.046961,0.019298,0.932655,0.039060,0.048489,0.973331,0.067335,0.0010,0.000159,0.200000,no-alert,0.000000,0.167345,low,schedule_unverified;no_eligible_observations;prior_only,data/source_manifest.json,,,
eb41a7b19c85c5bb,2026-08-11T12:00:00Z,2026-08-13T06:30:00Z,2026-08-13T02:30:00-04:00,2026-08-13,PAIR,2026-08-13T20:30:00Z,2026-08-13T06:30:00Z,14,2h,false,2026-08-13T17:30:00Z,,0.1.0-prior-only,0.031058,0.047038,0.019324,0.932645,0.039066,0.048496,0.973327,0.067345,0.0010,0.000159,0.200000,no-alert,0.000000,0.167355,low,schedule_unverified;no_eligible_observations;prior_only,data/source_manifest.json,,,
fea9a467b596bdb5,2026-08-11T12:00:00Z,2026-08-13T08:30:00Z,2026-08-13T04:30:00-04:00,2026-08-13,PAIR,2026-08-13T20:30:00Z,2026-08-13T08:30:00Z,12,2h,false,2026-08-13T17:30:00Z,,0.1.0-prior-only,0.031120,0.047115,0.019350,0.932635,0.039072,0.048503,0.973323,0.067355,0.0010,0.000159,0.200000,no-alert,0.000000,0.167365,low,schedule_unverified;no_eligible_observations;prior_only,data/source_manifest.json,,,
ec109ffb0eec95b7,2026-08-11T12:00:00Z,2026-08-13T10:30:00Z,2026-08-13T06:30:00-04:00,2026-08-13,PAIR,2026-08-13T20:30:00Z,2026-08-13T10:30:00Z,10,2h,false,2026-08-13T17:30:00Z,,0.1.0-prior-only,0.031183,0.047193,0.019376,0.932625,0.039078,0.048510,0.973319,0.067365,0.0010,0.000159,0.200000,no-alert,0.000000,0.167375,low,schedule_unverified;no_eligible_observations;prior_only,data/source_manifest.json,,,
392d2cc64950c4ce,2026-08-11T12:00:00Z,2026-08-13T12:30:00Z,2026-08-13T08:30:00-04:00,2026-08-13,PAIR,2026-08-13T20:30:00Z,2026-08-13T12:30:00Z,8,2h,false,2026-08-13T17:30:00Z,,0.1.0-prior-only,0.031245,0.047270,0.019403,0.932615,0.039083,0.048517,0.973315,0.067375,0.0010,0.000160,0.200000,no-alert,0.000000,0.167385,low,schedule_unverified;no_eligible_observations;prior_only,data/source_manifest.json,,,
5c11befbc45dc61c,2026-08-11T12:00:00Z,2026-08-13T14:30:00Z,2026-08-13T10:30:00-04:00,2026-08-13,PAIR,2026-08-13T20:30:00Z,2026-08-13T14:30:00Z,6,2h,false,2026-08-13T17:30:00Z,,0.1.0-prior-only,0.031308,0.047348,0.019429,0.932605,0.039089,0.048525,0.973311,0.067385,0.0010,0.000160,0.200000,no-alert,0.000000,0.167395,low,schedule_unverified;no_eligible_observations;prior_only,data/source_manifest.json,,,
9024b20c4774aebf,2026-08-11T12:00:00Z,2026-08-13T16:30:00Z,2026-08-13T12:30:00-04:00,2026-08-13,PAIR,2026-08-13T20:30:00Z,2026-08-13T16:30:00Z,4,2h,true,2026-08-13T17:30:00Z,,0.1.0-prior-only,0.031371,0.047426,0.019455,0.932595,0.039095,0.048532,0.973307,0.067395,0.0010,0.000160,0.200000,no-alert,0.000000,0.167405,low,schedule_unverified;no_eligible_observations;prior_only,data/source_manifest.json,,,
a7bedd61472d841a,2026-08-11T12:00:00Z,2026-08-09T20:30:00Z,2026-08-09T16:30:00-04:00,2026-08-14,PAIR,2026-08-14T20:30:00Z,2026-08-09T20:30:00Z,120,6h,false,2026-08-14T17:30:00Z,,0.1.0-prior-only,0.027923,0.043107,0.017986,0.933149,0.038774,0.048133,0.973527,,,,0.200000,no-alert,0.000000,0.166851,low,schedule_unverified;no_eligible_observations;prior_only,data/source_manifest.json,,,
c85b58389ff6560b,2026-08-11T12:00:00Z,2026-08-10T02:30:00Z,2026-08-09T22:30:00-04:00,2026-08-14,PAIR,2026-08-14T20:30:00Z,2026-08-10T02:30:00Z,114,6h,false,2026-08-14T17:30:00Z,,0.1.0-prior-only,0.028092,0.043321,0.018059,0.933122,0.038789,0.048152,0.973516,0.066851,0.0027,0.000437,0.200000,no-alert,0.000000,0.166878,low,schedule_unverified;no_eligible_observations;prior_only,data/source_manifest.json,,,
19bf5c9d9dfe6127,2026-08-11T12:00:00Z,2026-08-10T08:30:00Z,2026-08-10T04:30:00-04:00,2026-08-14,PAIR,2026-08-14T20:30:00Z,2026-08-10T08:30:00Z,108,6h,false,2026-08-14T17:30:00Z,,0.1.0-prior-only,0.028262,0.043536,0.018133,0.933094,0.038805,0.048172,0.973505,0.066878,0.0027,0.000439,0.200000,no-alert,0.000000,0.166906,low,schedule_unverified;no_eligible_observations;prior_only,data/source_manifest.json,,,
07c2e3e7cceebb93,2026-08-11T12:00:00Z,2026-08-10T14:30:00Z,2026-08-10T10:30:00-04:00,2026-08-14,PAIR,2026-08-14T20:30:00Z,2026-08-10T14:30:00Z,102,6h,false,2026-08-14T17:30:00Z,,0.1.0-prior-only,0.028432,0.043752,0.018207,0.933067,0.038821,0.048192,0.973494,0.066906,0.0028,0.000441,0.200000,no-alert,0.000000,0.166933,low,schedule_unverified;no_eligible_observations;prior_only,data/source_manifest.json,,,
2912c4b2dce59d8e,2026-08-11T12:00:00Z,2026-08-10T20:30:00Z,2026-08-10T16:30:00-04:00,2026-08-14,PAIR,2026-08-14T20:30:00Z,2026-08-10T20:30:00Z,96,6h,false,2026-08-14T17:30:00Z,,0.1.0-prior-only,0.028604,0.043969,0.018281,0.933039,0.038837,0.048212,0.973483,0.066933,0.0028,0.000444,0.200000,no-alert,0.000000,0.166961,low,schedule_unverified;no_eligible_observations;prior_only,data/source_manifest.json,,,
89ae361c8560bd0f,2026-08-11T12:00:00Z,2026-08-11T02:30:00Z,2026-08-10T22:30:00-04:00,2026-08-14,PAIR,2026-08-14T20:30:00Z,2026-08-11T02:30:00Z,90,6h,false,2026-08-14T17:30:00Z,,0.1.0-prior-only,0.028777,0.044187,0.018355,0.933011,0.038853,0.048232,0.973472,0.066961,0.0028,0.000446,0.200000,no-alert,0.000000,0.166989,low,schedule_unverified;no_eligible_observations;prior_only,data/source_manifest.json,,,
ba1261f0da8f9978,2026-08-11T12:00:00Z,2026-08-11T08:30:00Z,2026-08-11T04:30:00-04:00,2026-08-14,PAIR,2026-08-14T20:30:00Z,2026-08-11T08:30:00Z,84,6h,false,2026-08-14T17:30:00Z,,0.1.0-prior-only,0.028951,0.044406,0.018430,0.932983,0.038870,0.048252,0.973461,0.066989,0.0028,0.000448,0.200000,no-alert,0.000000,0.167017,low,schedule_unverified;no_eligible_observations;prior_only,data/source_manifest.json,,,
f1afc662f2727fbb,2026-08-11T12:00:00Z,2026-08-11T14:30:00Z,2026-08-11T10:30:00-04:00,2026-08-14,PAIR,2026-08-14T20:30:00Z,2026-08-11T14:30:00Z,78,6h,false,2026-08-14T17:30:00Z,,0.1.0-prior-only,0.029126,0.044626,0.018505,0.932955,0.038886,0.048272,0.973450,0.067017,0.0028,0.000451,0.200000,no-alert,0.000000,0.167045,low,schedule_unverified;no_eligible_observations;prior_only,data/source_manifest.json,,,
e1a2813750bb2e69,2026-08-11T12:00:00Z,2026-08-11T20:30:00Z,2026-08-11T16:30:00-04:00,2026-08-14,PAIR,2026-08-14T20:30:00Z,2026-08-11T20:30:00Z,72,6h,false,2026-08-14T17:30:00Z,,0.1.0-prior-only,0.029302,0.044847,0.018580,0.932927,0.038902,0.048293,0.973439,0.067045,0.0028,0.000453,0.200000,no-alert,0.000000,0.167073,low,schedule_unverified;no_eligible_observations;prior_only,data/source_manifest.json,,,
78ef90e8f390dbe8,2026-08-11T12:00:00Z,2026-08-12T02:30:00Z,2026-08-11T22:30:00-04:00,2026-08-14,PAIR,2026-08-14T20:30:00Z,2026-08-12T02:30:00Z,66,6h,false,2026-08-14T17:30:00Z,,0.1.0-prior-only,0.029479,0.045069,0.018656,0.932898,0.038919,0.048313,0.973428,0.067073,0.0028,0.000455,0.200000,no-alert,0.000000,0.167102,low,schedule_unverified;no_eligible_observations;prior_only,data/source_manifest.json,,,
e0241f2ec50e9b26,2026-08-11T12:00:00Z,2026-08-12T08:30:00Z,2026-08-12T04:30:00-04:00,2026-08-14,PAIR,2026-08-14T20:30:00Z,2026-08-12T08:30:00Z,60,6h,false,2026-08-14T17:30:00Z,,0.1.0-prior-only,0.029658,0.045292,0.018732,0.932870,0.038936,0.048334,0.973416,0.067102,0.0029,0.000457,0.200000,no-alert,0.000000,0.167130,low,schedule_unverified;no_eligible_observations;prior_only,data/source_manifest.json,,,
7de83d87f2460278,2026-08-11T12:00:00Z,2026-08-12T14:30:00Z,2026-08-12T10:30:00-04:00,2026-08-14,PAIR,2026-08-14T20:30:00Z,2026-08-12T14:30:00Z,54,6h,false,2026-08-14T17:30:00Z,,0.1.0-prior-only,0.029837,0.045516,0.018808,0.932841,0.038952,0.048355,0.973405,0.067130,0.0029,0.000460,0.200000,no-alert,0.000000,0.167159,low,schedule_unverified;no_eligible_observations;prior_only,data/source_manifest.json,,,
8780e8137cf114f5,2026-08-11T12:00:00Z,2026-08-12T20:30:00Z,2026-08-12T16:30:00-04:00,2026-08-14,PAIR,2026-08-14T20:30:00Z,2026-08-12T20:30:00Z,48,6h,false,2026-08-14T17:30:00Z,,0.1.0-prior-only,0.030017,0.045741,0.018885,0.932812,0.038969,0.048375,0.973393,0.067159,0.0029,0.000462,0.200000,no-alert,0.000000,0.167188,low,schedule_unverified;no_eligible_observations;prior_only,data/source_manifest.json,,,
fab7a9d4eaedc78e,2026-08-11T12:00:00Z,2026-08-12T22:30:00Z,2026-08-12T18:30:00-04:00,2026-08-14,PAIR,2026-08-14T20:30:00Z,2026-08-12T22:30:00Z,46,2h,false,2026-08-14T17:30:00Z,,0.1.0-prior-only,0.030077,0.045817,0.018910,0.932802,0.038975,0.048382,0.973390,0.067188,0.0010,0.000155,0.200000,no-alert,0.000000,0.167198,low,schedule_unverified;no_eligible_observations;prior_only,data/source_manifest.json,,,
ba09e67e697cd452,2026-08-11T12:00:00Z,2026-08-13T00:30:00Z,2026-08-12T20:30:00-04:00,2026-08-14,PAIR,2026-08-14T20:30:00Z,2026-08-13T00:30:00Z,44,2h,false,2026-08-14T17:30:00Z,,0.1.0-prior-only,0.030138,0.045892,0.018936,0.932792,0.038980,0.048389,0.973386,0.067198,0.0010,0.000155,0.200000,no-alert,0.000000,0.167208,low,schedule_unverified;no_eligible_observations;prior_only,data/source_manifest.json,,,
43bc712235a3941c,2026-08-11T12:00:00Z,2026-08-13T02:30:00Z,2026-08-12T22:30:00-04:00,2026-08-14,PAIR,2026-08-14T20:30:00Z,2026-08-13T02:30:00Z,42,2h,false,2026-08-14T17:30:00Z,,0.1.0-prior-only,0.030198,0.045968,0.018961,0.932783,0.038986,0.048396,0.973382,0.067208,0.0010,0.000155,0.200000,no-alert,0.000000,0.167217,low,schedule_unverified;no_eligible_observations;prior_only,data/source_manifest.json,,,
87a58dedcb77ca04,2026-08-11T12:00:00Z,2026-08-13T04:30:00Z,2026-08-13T00:30:00-04:00,2026-08-14,PAIR,2026-08-14T20:30:00Z,2026-08-13T04:30:00Z,40,2h,false,2026-08-14T17:30:00Z,,0.1.0-prior-only,0.030259,0.046043,0.018987,0.932773,0.038992,0.048403,0.973378,0.067217,0.0010,0.000155,0.200000,no-alert,0.000000,0.167227,low,schedule_unverified;no_eligible_observations;prior_only,data/source_manifest.json,,,
f02846338d9dc01a,2026-08-11T12:00:00Z,2026-08-13T06:30:00Z,2026-08-13T02:30:00-04:00,2026-08-14,PAIR,2026-08-14T20:30:00Z,2026-08-13T06:30:00Z,38,2h,false,2026-08-14T17:30:00Z,,0.1.0-prior-only,0.030320,0.046119,0.019013,0.932763,0.038997,0.048410,0.973374,0.067227,0.0010,0.000156,0.200000,no-alert,0.000000,0.167237,low,schedule_unverified;no_eligible_observations;prior_only,data/source_manifest.json,,,
b851fddc90481359,2026-08-11T12:00:00Z,2026-08-13T08:30:00Z,2026-08-13T04:30:00-04:00,2026-08-14,PAIR,2026-08-14T20:30:00Z,2026-08-13T08:30:00Z,36,2h,false,2026-08-14T17:30:00Z,,0.1.0-prior-only,0.030380,0.046195,0.019039,0.932753,0.039003,0.048418,0.973370,0.067237,0.0010,0.000156,0.200000,no-alert,0.000000,0.167247,low,schedule_unverified;no_eligible_observations;prior_only,data/source_manifest.json,,,
26456fff79bf5910,2026-08-11T12:00:00Z,2026-08-13T10:30:00Z,2026-08-13T06:30:00-04:00,2026-08-14,PAIR,2026-08-14T20:30:00Z,2026-08-13T10:30:00Z,34,2h,false,2026-08-14T17:30:00Z,,0.1.0-prior-only,0.030441,0.046271,0.019064,0.932744,0.039009,0.048425,0.973366,0.067247,0.0010,0.000156,0.200000,no-alert,0.000000,0.167256,low,schedule_unverified;no_eligible_observations;prior_only,data/source_manifest.json,,,
36a0c05b0c0bc0f3,2026-08-11T12:00:00Z,2026-08-13T12:30:00Z,2026-08-13T08:30:00-04:00,2026-08-14,PAIR,2026-08-14T20:30:00Z,2026-08-13T12:30:00Z,32,2h,false,2026-08-14T17:30:00Z,,0.1.0-prior-only,0.030503,0.046347,0.019090,0.932734,0.039014,0.048432,0.973363,0.067256,0.0010,0.000156,0.200000,no-alert,0.000000,0.167266,low,schedule_unverified;no_eligible_observations;prior_only,data/source_manifest.json,,,
429bea4335d959a5,2026-08-11T12:00:00Z,2026-08-13T14:30:00Z,2026-08-13T10:30:00-04:00,2026-08-14,PAIR,2026-08-14T20:30:00Z,2026-08-13T14:30:00Z,30,2h,false,2026-08-14T17:30:00Z,,0.1.0-prior-only,0.030564,0.046424,0.019116,0.932724,0.039020,0.048439,0.973359,0.067266,0.0010,0.000157,0.200000,no-alert,0.000000,0.167276,low,schedule_unverified;no_eligible_observations;prior_only,data/source_manifest.json,,,
824d72818270bcd4,2026-08-11T12:00:00Z,2026-08-13T16:30:00Z,2026-08-13T12:30:00-04:00,2026-08-14,PAIR,2026-08-14T20:30:00Z,2026-08-13T16:30:00Z,28,2h,false,2026-08-14T17:30:00Z,,0.1.0-prior-only,0.030625,0.046500,0.019142,0.932714,0.039026,0.048446,0.973355,0.067276,0.0010,0.000157,0.200000,no-alert,0.000000,0.167286,low,schedule_unverified;no_eligible_observations;prior_only,data/source_manifest.json,,,
8e4bae85bac80912,2026-08-11T12:00:00Z,2026-08-13T18:30:00Z,2026-08-13T14:30:00-04:00,2026-08-14,PAIR,2026-08-14T20:30:00Z,2026-08-13T18:30:00Z,26,2h,false,2026-08-14T17:30:00Z,,0.1.0-prior-only,0.030687,0.046576,0.019168,0.932704,0.039032,0.048453,0.973351,0.067286,0.0010,0.000157,0.200000,no-alert,0.000000,0.167296,low,schedule_unverified;no_eligible_observations;prior_only,data/source_manifest.json,,,
b473819e93e59894,2026-08-11T12:00:00Z,2026-08-13T20:30:00Z,2026-08-13T16:30:00-04:00,2026-08-14,PAIR,2026-08-14T20:30:00Z,2026-08-13T20:30:00Z,24,2h,false,2026-08-14T17:30:00Z,,0.1.0-prior-only,0.030748,0.046653,0.019194,0.932694,0.039037,0.048460,0.973347,0.067296,0.0010,0.000157,0.200000,no-alert,0.000000,0.167306,low,schedule_unverified;no_eligible_observations;prior_only,data/source_manifest.json,,,
5732cd7ca3c773ab,2026-08-11T12:00:00Z,2026-08-13T22:30:00Z,2026-08-13T18:30:00-04:00,2026-08-14,PAIR,2026-08-14T20:30:00Z,2026-08-13T22:30:00Z,22,2h,false,2026-08-14T17:30:00Z,,0.1.0-prior-only,0.030810,0.046730,0.019220,0.932684,0.039043,0.048467,0.973343,0.067306,0.0010,0.000158,0.200000,no-alert,0.000000,0.167316,low,schedule_unverified;no_eligible_observations;prior_only,data/source_manifest.json,,,
30a2af67434843e5,2026-08-11T12:00:00Z,2026-08-14T00:30:00Z,2026-08-13T20:30:00-04:00,2026-08-14,PAIR,2026-08-14T20:30:00Z,2026-08-14T00:30:00Z,20,2h,false,2026-08-14T17:30:00Z,,0.1.0-prior-only,0.030872,0.046807,0.019246,0.932675,0.039049,0.048474,0.973339,0.067316,0.0010,0.000158,0.200000,no-alert,0.000000,0.167325,low,schedule_unverified;no_eligible_observations;prior_only,data/source_manifest.json,,,
424405861a613b40,2026-08-11T12:00:00Z,2026-08-14T02:30:00Z,2026-08-13T22:30:00-04:00,2026-08-14,PAIR,2026-08-14T20:30:00Z,2026-08-14T02:30:00Z,18,2h,false,2026-08-14T17:30:00Z,,0.1.0-prior-only,0.030934,0.046884,0.019272,0.932665,0.039055,0.048481,0.973335,0.067325,0.0010,0.000158,0.200000,no-alert,0.000000,0.167335,low,schedule_unverified;no_eligible_observations;prior_only,data/source_manifest.json,,,
069631a87afdadd9,2026-08-11T12:00:00Z,2026-08-14T04:30:00Z,2026-08-14T00:30:00-04:00,2026-08-14,PAIR,2026-08-14T20:30:00Z,2026-08-14T04:30:00Z,16,2h,false,2026-08-14T17:30:00Z,,0.1.0-prior-only,0.030996,0.046961,0.019298,0.932655,0.039060,0.048489,0.973331,0.067335,0.0010,0.000159,0.200000,no-alert,0.000000,0.167345,low,schedule_unverified;no_eligible_observations;prior_only,data/source_manifest.json,,,
671da5f4d2a3bde5,2026-08-11T12:00:00Z,2026-08-14T06:30:00Z,2026-08-14T02:30:00-04:00,2026-08-14,PAIR,2026-08-14T20:30:00Z,2026-08-14T06:30:00Z,14,2h,false,2026-08-14T17:30:00Z,,0.1.0-prior-only,0.031058,0.047038,0.019324,0.932645,0.039066,0.048496,0.973327,0.067345,0.0010,0.000159,0.200000,no-alert,0.000000,0.167355,low,schedule_unverified;no_eligible_observations;prior_only,data/source_manifest.json,,,
94a8bff3330b24b6,2026-08-11T12:00:00Z,2026-08-14T08:30:00Z,2026-08-14T04:30:00-04:00,2026-08-14,PAIR,2026-08-14T20:30:00Z,2026-08-14T08:30:00Z,12,2h,false,2026-08-14T17:30:00Z,,0.1.0-prior-only,0.031120,0.047115,0.019350,0.932635,0.039072,0.048503,0.973323,0.067355,0.0010,0.000159,0.200000,no-alert,0.000000,0.167365,low,schedule_unverified;no_eligible_observations;prior_only,data/source_manifest.json,,,
fae00bd9dace819b,2026-08-11T12:00:00Z,2026-08-14T10:30:00Z,2026-08-14T06:30:00-04:00,2026-08-14,PAIR,2026-08-14T20:30:00Z,2026-08-14T10:30:00Z,10,2h,false,2026-08-14T17:30:00Z,,0.1.0-prior-only,0.031183,0.047193,0.019376,0.932625,0.039078,0.048510,0.973319,0.067365,0.0010,0.000159,0.200000,no-alert,0.000000,0.167375,low,schedule_unverified;no_eligible_observations;prior_only,data/source_manifest.json,,,
266202bde4928f66,2026-08-11T12:00:00Z,2026-08-14T12:30:00Z,2026-08-14T08:30:00-04:00,2026-08-14,PAIR,2026-08-14T20:30:00Z,2026-08-14T12:30:00Z,8,2h,false,2026-08-14T17:30:00Z,,0.1.0-prior-only,0.031245,0.047270,0.019403,0.932615,0.039083,0.048517,0.973315,0.067375,0.0010,0.000160,0.200000,no-alert,0.000000,0.167385,low,schedule_unverified;no_eligible_observations;prior_only,data/source_manifest.json,,,
c7ca74b54caadce6,2026-08-11T12:00:00Z,2026-08-14T14:30:00Z,2026-08-14T10:30:00-04:00,2026-08-14,PAIR,2026-08-14T20:30:00Z,2026-08-14T14:30:00Z,6,2h,false,2026-08-14T17:30:00Z,,0.1.0-prior-only,0.031308,0.047348,0.019429,0.932605,0.039089,0.048525,0.973311,0.067385,0.0010,0.000160,0.200000,no-alert,0.000000,0.167395,low,schedule_unverified;no_eligible_observations;prior_only,data/source_manifest.json,,,
9e1a9de021cba96d,2026-08-11T12:00:00Z,2026-08-14T16:30:00Z,2026-08-14T12:30:00-04:00,2026-08-14,PAIR,2026-08-14T20:30:00Z,2026-08-14T16:30:00Z,4,2h,true,2026-08-14T17:30:00Z,,0.1.0-prior-only,0.031371,0.047426,0.019455,0.932595,0.039095,0.048532,0.973307,0.067395,0.0010,0.000160,0.200000,no-alert,0.000000,0.167405,low,schedule_unverified;no_eligible_observations;prior_only,data/source_manifest.json,,,
