run_id,generated_at_utc,as_of_utc,as_of_et,target_date,target_type,scheduled_departure,checkpoint_at,hours_to_departure,cadence_band,is_final_t4,embargo_cutoff,latest_feature_timestamp,model_version,p_b6_cancel,p_b6_severe_delay_operates,p_sq23_disruption,p_pair_success,p_miss_sq23,p_itinerary_disruption,p_reach_sin_within_6h,previous_probability,delta_probability_pp,delta_log_odds,alert_threshold,alert_status,confidence_low,confidence_high,confidence_label,data_quality_flags,source_manifest_ref,actual_outcome,score_brier,supersedes_run_id
8a5924db7a78d62d,2026-08-11T12:00:00Z,2026-07-31T20:30:00Z,2026-07-31T16:30:00-04:00,2026-08-05,B6317,2026-08-05T20:30:00Z,2026-07-31T20:30:00Z,120,6h,false,2026-08-05T17:30:00Z,,0.1.0-prior-only,0.027923,0.043107,0.017986,0.933149,0.038774,0.048133,0.973527,,,,0.200000,no-alert,0.000000,0.127923,low,schedule_unverified;no_eligible_observations;prior_only,data/source_manifest.json,,,
6b383687875fce9d,2026-08-11T12:00:00Z,2026-08-01T02:30:00Z,2026-07-31T22:30:00-04:00,2026-08-05,B6317,2026-08-05T20:30:00Z,2026-08-01T02:30:00Z,114,6h,false,2026-08-05T17:30:00Z,,0.1.0-prior-only,0.028092,0.043321,0.018059,0.933122,0.038789,0.048152,0.973516,0.027923,0.0169,0.006207,0.200000,no-alert,0.000000,0.128092,low,schedule_unverified;no_eligible_observations;prior_only,data/source_manifest.json,,,
aa4f9d2c8ac6f4a6,2026-08-11T12:00:00Z,2026-08-01T08:30:00Z,2026-08-01T04:30:00-04:00,2026-08-05,B6317,2026-08-05T20:30:00Z,2026-08-01T08:30:00Z,108,6h,false,2026-08-05T17:30:00Z,,0.1.0-prior-only,0.028262,0.043536,0.018133,0.933094,0.038805,0.048172,0.973505,0.028092,0.0170,0.006207,0.200000,no-alert,0.000000,0.128262,low,schedule_unverified;no_eligible_observations;prior_only,data/source_manifest.json,,,
b3ccd8a579201e29,2026-08-11T12:00:00Z,2026-08-01T14:30:00Z,2026-08-01T10:30:00-04:00,2026-08-05,B6317,2026-08-05T20:30:00Z,2026-08-01T14:30:00Z,102,6h,false,2026-08-05T17:30:00Z,,0.1.0-prior-only,0.028432,0.043752,0.018207,0.933067,0.038821,0.048192,0.973494,0.028262,0.0171,0.006207,0.200000,no-alert,0.000000,0.128432,low,schedule_unverified;no_eligible_observations;prior_only,data/source_manifest.json,,,
095e127c5018a80e,2026-08-11T12:00:00Z,2026-08-01T20:30:00Z,2026-08-01T16:30:00-04:00,2026-08-05,B6317,2026-08-05T20:30:00Z,2026-08-01T20:30:00Z,96,6h,false,2026-08-05T17:30:00Z,,0.1.0-prior-only,0.028604,0.043969,0.018281,0.933039,0.038837,0.048212,0.973483,0.028432,0.0172,0.006207,0.200000,no-alert,0.000000,0.128604,low,schedule_unverified;no_eligible_observations;prior_only,data/source_manifest.json,,,
00875e7478d24284,2026-08-11T12:00:00Z,2026-08-02T02:30:00Z,2026-08-01T22:30:00-04:00,2026-08-05,B6317,2026-08-05T20:30:00Z,2026-08-02T02:30:00Z,90,6h,false,2026-08-05T17:30:00Z,,0.1.0-prior-only,0.028777,0.044187,0.018355,0.933011,0.038853,0.048232,0.973472,0.028604,0.0173,0.006207,0.200000,no-alert,0.000000,0.128777,low,schedule_unverified;no_eligible_observations;prior_only,data/source_manifest.json,,,
616abc76206cbf99,2026-08-11T12:00:00Z,2026-08-02T08:30:00Z,2026-08-02T04:30:00-04:00,2026-08-05,B6317,2026-08-05T20:30:00Z,2026-08-02T08:30:00Z,84,6h,false,2026-08-05T17:30:00Z,,0.1.0-prior-only,0.028951,0.044406,0.018430,0.932983,0.038870,0.048252,0.973461,0.028777,0.0174,0.006207,0.200000,no-alert,0.000000,0.128951,low,schedule_unverified;no_eligible_observations;prior_only,data/source_manifest.json,,,
1aaa2ab5190cd791,2026-08-11T12:00:00Z,2026-08-02T14:30:00Z,2026-08-02T10:30:00-04:00,2026-08-05,B6317,2026-08-05T20:30:00Z,2026-08-02T14:30:00Z,78,6h,false,2026-08-05T17:30:00Z,,0.1.0-prior-only,0.029126,0.044626,0.018505,0.932955,0.038886,0.048272,0.973450,0.028951,0.0175,0.006207,0.200000,no-alert,0.000000,0.129126,low,schedule_unverified;no_eligible_observations;prior_only,data/source_manifest.json,,,
ad2643e4fe459c5b,2026-08-11T12:00:00Z,2026-08-02T20:30:00Z,2026-08-02T16:30:00-04:00,2026-08-05,B6317,2026-08-05T20:30:00Z,2026-08-02T20:30:00Z,72,6h,false,2026-08-05T17:30:00Z,,0.1.0-prior-only,0.029302,0.044847,0.018580,0.932927,0.038902,0.048293,0.973439,0.029126,0.0176,0.006207,0.200000,no-alert,0.000000,0.129302,low,schedule_unverified;no_eligible_observations;prior_only,data/source_manifest.json,,,
ff4f3f03a964507b,2026-08-11T12:00:00Z,2026-08-03T02:30:00Z,2026-08-02T22:30:00-04:00,2026-08-05,B6317,2026-08-05T20:30:00Z,2026-08-03T02:30:00Z,66,6h,false,2026-08-05T17:30:00Z,,0.1.0-prior-only,0.029479,0.045069,0.018656,0.932898,0.038919,0.048313,0.973428,0.029302,0.0177,0.006207,0.200000,no-alert,0.000000,0.129479,low,schedule_unverified;no_eligible_observations;prior_only,data/source_manifest.json,,,
e15d88a05f42b64b,2026-08-11T12:00:00Z,2026-08-03T08:30:00Z,2026-08-03T04:30:00-04:00,2026-08-05,B6317,2026-08-05T20:30:00Z,2026-08-03T08:30:00Z,60,6h,false,2026-08-05T17:30:00Z,,0.1.0-prior-only,0.029658,0.045292,0.018732,0.932870,0.038936,0.048334,0.973416,0.029479,0.0178,0.006207,0.200000,no-alert,0.000000,0.129658,low,schedule_unverified;no_eligible_observations;prior_only,data/source_manifest.json,,,
8b0725be9fb8778d,2026-08-11T12:00:00Z,2026-08-03T14:30:00Z,2026-08-03T10:30:00-04:00,2026-08-05,B6317,2026-08-05T20:30:00Z,2026-08-03T14:30:00Z,54,6h,false,2026-08-05T17:30:00Z,,0.1.0-prior-only,0.029837,0.045516,0.018808,0.932841,0.038952,0.048355,0.973405,0.029658,0.0179,0.006207,0.200000,no-alert,0.000000,0.129837,low,schedule_unverified;no_eligible_observations;prior_only,data/source_manifest.json,,,
947d1f6429f72e4f,2026-08-11T12:00:00Z,2026-08-03T20:30:00Z,2026-08-03T16:30:00-04:00,2026-08-05,B6317,2026-08-05T20:30:00Z,2026-08-03T20:30:00Z,48,6h,false,2026-08-05T17:30:00Z,,0.1.0-prior-only,0.030017,0.045741,0.018885,0.932812,0.038969,0.048375,0.973393,0.029837,0.0180,0.006207,0.200000,no-alert,0.000000,0.130017,low,schedule_unverified;no_eligible_observations;prior_only,data/source_manifest.json,,,
b518b3aebd0d68bf,2026-08-11T12:00:00Z,2026-08-03T22:30:00Z,2026-08-03T18:30:00-04:00,2026-08-05,B6317,2026-08-05T20:30:00Z,2026-08-03T22:30:00Z,46,2h,false,2026-08-05T17:30:00Z,,0.1.0-prior-only,0.030077,0.045817,0.018910,0.932802,0.038975,0.048382,0.973390,0.030017,0.0060,0.002069,0.200000,no-alert,0.000000,0.130077,low,schedule_unverified;no_eligible_observations;prior_only,data/source_manifest.json,,,
638f51314930c597,2026-08-11T12:00:00Z,2026-08-04T00:30:00Z,2026-08-03T20:30:00-04:00,2026-08-05,B6317,2026-08-05T20:30:00Z,2026-08-04T00:30:00Z,44,2h,false,2026-08-05T17:30:00Z,,0.1.0-prior-only,0.030138,0.045892,0.018936,0.932792,0.038980,0.048389,0.973386,0.030077,0.0060,0.002069,0.200000,no-alert,0.000000,0.130138,low,schedule_unverified;no_eligible_observations;prior_only,data/source_manifest.json,,,
4c6ff83db1245663,2026-08-11T12:00:00Z,2026-08-04T02:30:00Z,2026-08-03T22:30:00-04:00,2026-08-05,B6317,2026-08-05T20:30:00Z,2026-08-04T02:30:00Z,42,2h,false,2026-08-05T17:30:00Z,,0.1.0-prior-only,0.030198,0.045968,0.018961,0.932783,0.038986,0.048396,0.973382,0.030138,0.0061,0.002069,0.200000,no-alert,0.000000,0.130198,low,schedule_unverified;no_eligible_observations;prior_only,data/source_manifest.json,,,
a542a0218e3942bf,2026-08-11T12:00:00Z,2026-08-04T04:30:00Z,2026-08-04T00:30:00-04:00,2026-08-05,B6317,2026-08-05T20:30:00Z,2026-08-04T04:30:00Z,40,2h,false,2026-08-05T17:30:00Z,,0.1.0-prior-only,0.030259,0.046043,0.018987,0.932773,0.038992,0.048403,0.973378,0.030198,0.0061,0.002069,0.200000,no-alert,0.000000,0.130259,low,schedule_unverified;no_eligible_observations;prior_only,data/source_manifest.json,,,
2c5cf5c7b895f479,2026-08-11T12:00:00Z,2026-08-04T06:30:00Z,2026-08-04T02:30:00-04:00,2026-08-05,B6317,2026-08-05T20:30:00Z,2026-08-04T06:30:00Z,38,2h,false,2026-08-05T17:30:00Z,,0.1.0-prior-only,0.030320,0.046119,0.019013,0.932763,0.038997,0.048410,0.973374,0.030259,0.0061,0.002069,0.200000,no-alert,0.000000,0.130320,low,schedule_unverified;no_eligible_observations;prior_only,data/source_manifest.json,,,
92d2ff8e78eabc33,2026-08-11T12:00:00Z,2026-08-04T08:30:00Z,2026-08-04T04:30:00-04:00,2026-08-05,B6317,2026-08-05T20:30:00Z,2026-08-04T08:30:00Z,36,2h,false,2026-08-05T17:30:00Z,,0.1.0-prior-only,0.030380,0.046195,0.019039,0.932753,0.039003,0.048418,0.973370,0.030320,0.0061,0.002069,0.200000,no-alert,0.000000,0.130380,low,schedule_unverified;no_eligible_observations;prior_only,data/source_manifest.json,,,
00160ab85fe717f8,2026-08-11T12:00:00Z,2026-08-04T10:30:00Z,2026-08-04T06:30:00-04:00,2026-08-05,B6317,2026-08-05T20:30:00Z,2026-08-04T10:30:00Z,34,2h,false,2026-08-05T17:30:00Z,,0.1.0-prior-only,0.030441,0.046271,0.019064,0.932744,0.039009,0.048425,0.973366,0.030380,0.0061,0.002069,0.200000,no-alert,0.000000,0.130441,low,schedule_unverified;no_eligible_observations;prior_only,data/source_manifest.json,,,
ed33c947d335805f,2026-08-11T12:00:00Z,2026-08-04T12:30:00Z,2026-08-04T08:30:00-04:00,2026-08-05,B6317,2026-08-05T20:30:00Z,2026-08-04T12:30:00Z,32,2h,false,2026-08-05T17:30:00Z,,0.1.0-prior-only,0.030503,0.046347,0.019090,0.932734,0.039014,0.048432,0.973363,0.030441,0.0061,0.002069,0.200000,no-alert,0.000000,0.130503,low,schedule_unverified;no_eligible_observations;prior_only,data/source_manifest.json,,,
96158ea4d65ab18e,2026-08-11T12:00:00Z,2026-08-04T14:30:00Z,2026-08-04T10:30:00-04:00,2026-08-05,B6317,2026-08-05T20:30:00Z,2026-08-04T14:30:00Z,30,2h,false,2026-08-05T17:30:00Z,,0.1.0-prior-only,0.030564,0.046424,0.019116,0.932724,0.039020,0.048439,0.973359,0.030503,0.0061,0.002069,0.200000,no-alert,0.000000,0.130564,low,schedule_unverified;no_eligible_observations;prior_only,data/source_manifest.json,,,
b1351fa2ffd924ab,2026-08-11T12:00:00Z,2026-08-04T16:30:00Z,2026-08-04T12:30:00-04:00,2026-08-05,B6317,2026-08-05T20:30:00Z,2026-08-04T16:30:00Z,28,2h,false,2026-08-05T17:30:00Z,,0.1.0-prior-only,0.030625,0.046500,0.019142,0.932714,0.039026,0.048446,0.973355,0.030564,0.0061,0.002069,0.200000,no-alert,0.000000,0.130625,low,schedule_unverified;no_eligible_observations;prior_only,data/source_manifest.json,,,
62b1165c94d4f635,2026-08-11T12:00:00Z,2026-08-04T18:30:00Z,2026-08-04T14:30:00-04:00,2026-08-05,B6317,2026-08-05T20:30:00Z,2026-08-04T18:30:00Z,26,2h,false,2026-08-05T17:30:00Z,,0.1.0-prior-only,0.030687,0.046576,0.019168,0.932704,0.039032,0.048453,0.973351,0.030625,0.0061,0.002069,0.200000,no-alert,0.000000,0.130687,low,schedule_unverified;no_eligible_observations;prior_only,data/source_manifest.json,,,
8ae2b8db13b9ad8e,2026-08-11T12:00:00Z,2026-08-04T20:30:00Z,2026-08-04T16:30:00-04:00,2026-08-05,B6317,2026-08-05T20:30:00Z,2026-08-04T20:30:00Z,24,2h,false,2026-08-05T17:30:00Z,,0.1.0-prior-only,0.030748,0.046653,0.019194,0.932694,0.039037,0.048460,0.973347,0.030687,0.0062,0.002069,0.200000,no-alert,0.000000,0.130748,low,schedule_unverified;no_eligible_observations;prior_only,data/source_manifest.json,,,
ba9c42c3e2abbd84,2026-08-11T12:00:00Z,2026-08-04T22:30:00Z,2026-08-04T18:30:00-04:00,2026-08-05,B6317,2026-08-05T20:30:00Z,2026-08-04T22:30:00Z,22,2h,false,2026-08-05T17:30:00Z,,0.1.0-prior-only,0.030810,0.046730,0.019220,0.932684,0.039043,0.048467,0.973343,0.030748,0.0062,0.002069,0.200000,no-alert,0.000000,0.130810,low,schedule_unverified;no_eligible_observations;prior_only,data/source_manifest.json,,,
7612728f2b05dc27,2026-08-11T12:00:00Z,2026-08-05T00:30:00Z,2026-08-04T20:30:00-04:00,2026-08-05,B6317,2026-08-05T20:30:00Z,2026-08-05T00:30:00Z,20,2h,false,2026-08-05T17:30:00Z,,0.1.0-prior-only,0.030872,0.046807,0.019246,0.932675,0.039049,0.048474,0.973339,0.030810,0.0062,0.002069,0.200000,no-alert,0.000000,0.130872,low,schedule_unverified;no_eligible_observations;prior_only,data/source_manifest.json,,,
9c4f6754b9be5084,2026-08-11T12:00:00Z,2026-08-05T02:30:00Z,2026-08-04T22:30:00-04:00,2026-08-05,B6317,2026-08-05T20:30:00Z,2026-08-05T02:30:00Z,18,2h,false,2026-08-05T17:30:00Z,,0.1.0-prior-only,0.030934,0.046884,0.019272,0.932665,0.039055,0.048481,0.973335,0.030872,0.0062,0.002069,0.200000,no-alert,0.000000,0.130934,low,schedule_unverified;no_eligible_observations;prior_only,data/source_manifest.json,,,
98f7e3798fe26e91,2026-08-11T12:00:00Z,2026-08-05T04:30:00Z,2026-08-05T00:30:00-04:00,2026-08-05,B6317,2026-08-05T20:30:00Z,2026-08-05T04:30:00Z,16,2h,false,2026-08-05T17:30:00Z,,0.1.0-prior-only,0.030996,0.046961,0.019298,0.932655,0.039060,0.048489,0.973331,0.030934,0.0062,0.002069,0.200000,no-alert,0.000000,0.130996,low,schedule_unverified;no_eligible_observations;prior_only,data/source_manifest.json,,,
e7ec7a5a7de02489,2026-08-11T12:00:00Z,2026-08-05T06:30:00Z,2026-08-05T02:30:00-04:00,2026-08-05,B6317,2026-08-05T20:30:00Z,2026-08-05T06:30:00Z,14,2h,false,2026-08-05T17:30:00Z,,0.1.0-prior-only,0.031058,0.047038,0.019324,0.932645,0.039066,0.048496,0.973327,0.030996,0.0062,0.002069,0.200000,no-alert,0.000000,0.131058,low,schedule_unverified;no_eligible_observations;prior_only,data/source_manifest.json,,,
f61eecce36b5bc80,2026-08-11T12:00:00Z,2026-08-05T08:30:00Z,2026-08-05T04:30:00-04:00,2026-08-05,B6317,2026-08-05T20:30:00Z,2026-08-05T08:30:00Z,12,2h,false,2026-08-05T17:30:00Z,,0.1.0-prior-only,0.031120,0.047115,0.019350,0.932635,0.039072,0.048503,0.973323,0.031058,0.0062,0.002069,0.200000,no-alert,0.000000,0.131120,low,schedule_unverified;no_eligible_observations;prior_only,data/source_manifest.json,,,
0d5f2c0ec87ab2a2,2026-08-11T12:00:00Z,2026-08-05T10:30:00Z,2026-08-05T06:30:00-04:00,2026-08-05,B6317,2026-08-05T20:30:00Z,2026-08-05T10:30:00Z,10,2h,false,2026-08-05T17:30:00Z,,0.1.0-prior-only,0.031183,0.047193,0.019376,0.932625,0.039078,0.048510,0.973319,0.031120,0.0062,0.002069,0.200000,no-alert,0.000000,0.131183,low,schedule_unverified;no_eligible_observations;prior_only,data/source_manifest.json,,,
646adaeaa9424bfc,2026-08-11T12:00:00Z,2026-08-05T12:30:00Z,2026-08-05T08:30:00-04:00,2026-08-05,B6317,2026-08-05T20:30:00Z,2026-08-05T12:30:00Z,8,2h,false,2026-08-05T17:30:00Z,,0.1.0-prior-only,0.031245,0.047270,0.019403,0.932615,0.039083,0.048517,0.973315,0.031183,0.0063,0.002069,0.200000,no-alert,0.000000,0.131245,low,schedule_unverified;no_eligible_observations;prior_only,data/source_manifest.json,,,
23cdf1035a503cdf,2026-08-11T12:00:00Z,2026-08-05T14:30:00Z,2026-08-05T10:30:00-04:00,2026-08-05,B6317,2026-08-05T20:30:00Z,2026-08-05T14:30:00Z,6,2h,false,2026-08-05T17:30:00Z,,0.1.0-prior-only,0.031308,0.047348,0.019429,0.932605,0.039089,0.048525,0.973311,0.031245,0.0063,0.002069,0.200000,no-alert,0.000000,0.131308,low,schedule_unverified;no_eligible_observations;prior_only,data/source_manifest.json,,,
724b74964a198265,2026-08-11T12:00:00Z,2026-08-05T16:30:00Z,2026-08-05T12:30:00-04:00,2026-08-05,B6317,2026-08-05T20:30:00Z,2026-08-05T16:30:00Z,4,2h,true,2026-08-05T17:30:00Z,,0.1.0-prior-only,0.031371,0.047426,0.019455,0.932595,0.039095,0.048532,0.973307,0.031308,0.0063,0.002069,0.200000,no-alert,0.000000,0.131371,low,schedule_unverified;no_eligible_observations;prior_only,data/source_manifest.json,,,
b42199ab96425394,2026-08-11T12:00:00Z,2026-08-01T02:15:00Z,2026-07-31T22:15:00-04:00,2026-08-05,SQ23,2026-08-06T02:15:00Z,2026-08-01T02:15:00Z,120,6h,false,2026-08-05T23:15:00Z,,0.1.0-prior-only,0.027923,0.043107,0.017986,0.933149,0.038774,0.048133,0.973527,,,,0.200000,no-alert,0.000000,0.117986,low,schedule_unverified;no_eligible_observations;prior_only,data/source_manifest.json,,,
14c30550ed3273ff,2026-08-11T12:00:00Z,2026-08-01T08:15:00Z,2026-08-01T04:15:00-04:00,2026-08-05,SQ23,2026-08-06T02:15:00Z,2026-08-01T08:15:00Z,114,6h,false,2026-08-05T23:15:00Z,,0.1.0-prior-only,0.028092,0.043321,0.018059,0.933122,0.038789,0.048152,0.973516,0.017986,0.0073,0.004138,0.200000,no-alert,0.000000,0.118059,low,schedule_unverified;no_eligible_observations;prior_only,data/source_manifest.json,,,
eb5931c0ba30f1b0,2026-08-11T12:00:00Z,2026-08-01T14:15:00Z,2026-08-01T10:15:00-04:00,2026-08-05,SQ23,2026-08-06T02:15:00Z,2026-08-01T14:15:00Z,108,6h,false,2026-08-05T23:15:00Z,,0.1.0-prior-only,0.028262,0.043536,0.018133,0.933094,0.038805,0.048172,0.973505,0.018059,0.0074,0.004138,0.200000,no-alert,0.000000,0.118133,low,schedule_unverified;no_eligible_observations;prior_only,data/source_manifest.json,,,
2424457e9dc19425,2026-08-11T12:00:00Z,2026-08-01T20:15:00Z,2026-08-01T16:15:00-04:00,2026-08-05,SQ23,2026-08-06T02:15:00Z,2026-08-01T20:15:00Z,102,6h,false,2026-08-05T23:15:00Z,,0.1.0-prior-only,0.028432,0.043752,0.018207,0.933067,0.038821,0.048192,0.973494,0.018133,0.0074,0.004138,0.200000,no-alert,0.000000,0.118207,low,schedule_unverified;no_eligible_observations;prior_only,data/source_manifest.json,,,
518d48e7eefdae49,2026-08-11T12:00:00Z,2026-08-02T02:15:00Z,2026-08-01T22:15:00-04:00,2026-08-05,SQ23,2026-08-06T02:15:00Z,2026-08-02T02:15:00Z,96,6h,false,2026-08-05T23:15:00Z,,0.1.0-prior-only,0.028604,0.043969,0.018281,0.933039,0.038837,0.048212,0.973483,0.018207,0.0074,0.004138,0.200000,no-alert,0.000000,0.118281,low,schedule_unverified;no_eligible_observations;prior_only,data/source_manifest.json,,,
b24cf80aa1cd174e,2026-08-11T12:00:00Z,2026-08-02T08:15:00Z,2026-08-02T04:15:00-04:00,2026-08-05,SQ23,2026-08-06T02:15:00Z,2026-08-02T08:15:00Z,90,6h,false,2026-08-05T23:15:00Z,,0.1.0-prior-only,0.028777,0.044187,0.018355,0.933011,0.038853,0.048232,0.973472,0.018281,0.0074,0.004138,0.200000,no-alert,0.000000,0.118355,low,schedule_unverified;no_eligible_observations;prior_only,data/source_manifest.json,,,
baccde86181dffcf,2026-08-11T12:00:00Z,2026-08-02T14:15:00Z,2026-08-02T10:15:00-04:00,2026-08-05,SQ23,2026-08-06T02:15:00Z,2026-08-02T14:15:00Z,84,6h,false,2026-08-05T23:15:00Z,,0.1.0-prior-only,0.028951,0.044406,0.018430,0.932983,0.038870,0.048252,0.973461,0.018355,0.0075,0.004138,0.200000,no-alert,0.000000,0.118430,low,schedule_unverified;no_eligible_observations;prior_only,data/source_manifest.json,,,
9a2319f65267561c,2026-08-11T12:00:00Z,2026-08-02T20:15:00Z,2026-08-02T16:15:00-04:00,2026-08-05,SQ23,2026-08-06T02:15:00Z,2026-08-02T20:15:00Z,78,6h,false,2026-08-05T23:15:00Z,,0.1.0-prior-only,0.029126,0.044626,0.018505,0.932955,0.038886,0.048272,0.973450,0.018430,0.0075,0.004138,0.200000,no-alert,0.000000,0.118505,low,schedule_unverified;no_eligible_observations;prior_only,data/source_manifest.json,,,
5be35089472da086,2026-08-11T12:00:00Z,2026-08-03T02:15:00Z,2026-08-02T22:15:00-04:00,2026-08-05,SQ23,2026-08-06T02:15:00Z,2026-08-03T02:15:00Z,72,6h,false,2026-08-05T23:15:00Z,,0.1.0-prior-only,0.029302,0.044847,0.018580,0.932927,0.038902,0.048293,0.973439,0.018505,0.0075,0.004138,0.200000,no-alert,0.000000,0.118580,low,schedule_unverified;no_eligible_observations;prior_only,data/source_manifest.json,,,
85201365f05c5873,2026-08-11T12:00:00Z,2026-08-03T08:15:00Z,2026-08-03T04:15:00-04:00,2026-08-05,SQ23,2026-08-06T02:15:00Z,2026-08-03T08:15:00Z,66,6h,false,2026-08-05T23:15:00Z,,0.1.0-prior-only,0.029479,0.045069,0.018656,0.932898,0.038919,0.048313,0.973428,0.018580,0.0076,0.004138,0.200000,no-alert,0.000000,0.118656,low,schedule_unverified;no_eligible_observations;prior_only,data/source_manifest.json,,,
09fe0ec6d042c015,2026-08-11T12:00:00Z,2026-08-03T14:15:00Z,2026-08-03T10:15:00-04:00,2026-08-05,SQ23,2026-08-06T02:15:00Z,2026-08-03T14:15:00Z,60,6h,false,2026-08-05T23:15:00Z,,0.1.0-prior-only,0.029658,0.045292,0.018732,0.932870,0.038936,0.048334,0.973416,0.018656,0.0076,0.004138,0.200000,no-alert,0.000000,0.118732,low,schedule_unverified;no_eligible_observations;prior_only,data/source_manifest.json,,,
208b569231c503e1,2026-08-11T12:00:00Z,2026-08-03T20:15:00Z,2026-08-03T16:15:00-04:00,2026-08-05,SQ23,2026-08-06T02:15:00Z,2026-08-03T20:15:00Z,54,6h,false,2026-08-05T23:15:00Z,,0.1.0-prior-only,0.029837,0.045516,0.018808,0.932841,0.038952,0.048355,0.973405,0.018732,0.0076,0.004138,0.200000,no-alert,0.000000,0.118808,low,schedule_unverified;no_eligible_observations;prior_only,data/source_manifest.json,,,
bf14d6663a7d2b82,2026-08-11T12:00:00Z,2026-08-04T02:15:00Z,2026-08-03T22:15:00-04:00,2026-08-05,SQ23,2026-08-06T02:15:00Z,2026-08-04T02:15:00Z,48,6h,false,2026-08-05T23:15:00Z,,0.1.0-prior-only,0.030017,0.045741,0.018885,0.932812,0.038969,0.048375,0.973393,0.018808,0.0077,0.004138,0.200000,no-alert,0.000000,0.118885,low,schedule_unverified;no_eligible_observations;prior_only,data/source_manifest.json,,,
9b510f7c9560538c,2026-08-11T12:00:00Z,2026-08-04T04:15:00Z,2026-08-04T00:15:00-04:00,2026-08-05,SQ23,2026-08-06T02:15:00Z,2026-08-04T04:15:00Z,46,2h,false,2026-08-05T23:15:00Z,,0.1.0-prior-only,0.030077,0.045817,0.018910,0.932802,0.038975,0.048382,0.973390,0.018885,0.0026,0.001379,0.200000,no-alert,0.000000,0.118910,low,schedule_unverified;no_eligible_observations;prior_only,data/source_manifest.json,,,
c5cfb985e7fbbdbd,2026-08-11T12:00:00Z,2026-08-04T06:15:00Z,2026-08-04T02:15:00-04:00,2026-08-05,SQ23,2026-08-06T02:15:00Z,2026-08-04T06:15:00Z,44,2h,false,2026-08-05T23:15:00Z,,0.1.0-prior-only,0.030138,0.045892,0.018936,0.932792,0.038980,0.048389,0.973386,0.018910,0.0026,0.001379,0.200000,no-alert,0.000000,0.118936,low,schedule_unverified;no_eligible_observations;prior_only,data/source_manifest.json,,,
bb5d448c0c759adf,2026-08-11T12:00:00Z,2026-08-04T08:15:00Z,2026-08-04T04:15:00-04:00,2026-08-05,SQ23,2026-08-06T02:15:00Z,2026-08-04T08:15:00Z,42,2h,false,2026-08-05T23:15:00Z,,0.1.0-prior-only,0.030198,0.045968,0.018961,0.932783,0.038986,0.048396,0.973382,0.018936,0.0026,0.001379,0.200000,no-alert,0.000000,0.118961,low,schedule_unverified;no_eligible_observations;prior_only,data/source_manifest.json,,,
2b39ee55aea82e75,2026-08-11T12:00:00Z,2026-08-04T10:15:00Z,2026-08-04T06:15:00-04:00,2026-08-05,SQ23,2026-08-06T02:15:00Z,2026-08-04T10:15:00Z,40,2h,false,2026-08-05T23:15:00Z,,0.1.0-prior-only,0.030259,0.046043,0.018987,0.932773,0.038992,0.048403,0.973378,0.018961,0.0026,0.001379,0.200000,no-alert,0.000000,0.118987,low,schedule_unverified;no_eligible_observations;prior_only,data/source_manifest.json,,,
2d0f949de7f90555,2026-08-11T12:00:00Z,2026-08-04T12:15:00Z,2026-08-04T08:15:00-04:00,2026-08-05,SQ23,2026-08-06T02:15:00Z,2026-08-04T12:15:00Z,38,2h,false,2026-08-05T23:15:00Z,,0.1.0-prior-only,0.030320,0.046119,0.019013,0.932763,0.038997,0.048410,0.973374,0.018987,0.0026,0.001379,0.200000,no-alert,0.000000,0.119013,low,schedule_unverified;no_eligible_observations;prior_only,data/source_manifest.json,,,
d209f318705efb3d,2026-08-11T12:00:00Z,2026-08-04T14:15:00Z,2026-08-04T10:15:00-04:00,2026-08-05,SQ23,2026-08-06T02:15:00Z,2026-08-04T14:15:00Z,36,2h,false,2026-08-05T23:15:00Z,,0.1.0-prior-only,0.030380,0.046195,0.019039,0.932753,0.039003,0.048418,0.973370,0.019013,0.0026,0.001379,0.200000,no-alert,0.000000,0.119039,low,schedule_unverified;no_eligible_observations;prior_only,data/source_manifest.json,,,
6a5e66e1b0ae7706,2026-08-11T12:00:00Z,2026-08-04T16:15:00Z,2026-08-04T12:15:00-04:00,2026-08-05,SQ23,2026-08-06T02:15:00Z,2026-08-04T16:15:00Z,34,2h,false,2026-08-05T23:15:00Z,,0.1.0-prior-only,0.030441,0.046271,0.019064,0.932744,0.039009,0.048425,0.973366,0.019039,0.0026,0.001379,0.200000,no-alert,0.000000,0.119064,low,schedule_unverified;no_eligible_observations;prior_only,data/source_manifest.json,,,
df0201e1cf16a65c,2026-08-11T12:00:00Z,2026-08-04T18:15:00Z,2026-08-04T14:15:00-04:00,2026-08-05,SQ23,2026-08-06T02:15:00Z,2026-08-04T18:15:00Z,32,2h,false,2026-08-05T23:15:00Z,,0.1.0-prior-only,0.030503,0.046347,0.019090,0.932734,0.039014,0.048432,0.973363,0.019064,0.0026,0.001379,0.200000,no-alert,0.000000,0.119090,low,schedule_unverified;no_eligible_observations;prior_only,data/source_manifest.json,,,
333cfbe9a298759b,2026-08-11T12:00:00Z,2026-08-04T20:15:00Z,2026-08-04T16:15:00-04:00,2026-08-05,SQ23,2026-08-06T02:15:00Z,2026-08-04T20:15:00Z,30,2h,false,2026-08-05T23:15:00Z,,0.1.0-prior-only,0.030564,0.046424,0.019116,0.932724,0.039020,0.048439,0.973359,0.019090,0.0026,0.001379,0.200000,no-alert,0.000000,0.119116,low,schedule_unverified;no_eligible_observations;prior_only,data/source_manifest.json,,,
f7364e82310866ea,2026-08-11T12:00:00Z,2026-08-04T22:15:00Z,2026-08-04T18:15:00-04:00,2026-08-05,SQ23,2026-08-06T02:15:00Z,2026-08-04T22:15:00Z,28,2h,false,2026-08-05T23:15:00Z,,0.1.0-prior-only,0.030625,0.046500,0.019142,0.932714,0.039026,0.048446,0.973355,0.019116,0.0026,0.001379,0.200000,no-alert,0.000000,0.119142,low,schedule_unverified;no_eligible_observations;prior_only,data/source_manifest.json,,,
65372b4c11d41d50,2026-08-11T12:00:00Z,2026-08-05T00:15:00Z,2026-08-04T20:15:00-04:00,2026-08-05,SQ23,2026-08-06T02:15:00Z,2026-08-05T00:15:00Z,26,2h,false,2026-08-05T23:15:00Z,,0.1.0-prior-only,0.030687,0.046576,0.019168,0.932704,0.039032,0.048453,0.973351,0.019142,0.0026,0.001379,0.200000,no-alert,0.000000,0.119168,low,schedule_unverified;no_eligible_observations;prior_only,data/source_manifest.json,,,
e62e77fc970684d4,2026-08-11T12:00:00Z,2026-08-05T02:15:00Z,2026-08-04T22:15:00-04:00,2026-08-05,SQ23,2026-08-06T02:15:00Z,2026-08-05T02:15:00Z,24,2h,false,2026-08-05T23:15:00Z,,0.1.0-prior-only,0.030748,0.046653,0.019194,0.932694,0.039037,0.048460,0.973347,0.019168,0.0026,0.001379,0.200000,no-alert,0.000000,0.119194,low,schedule_unverified;no_eligible_observations;prior_only,data/source_manifest.json,,,
685cba87fa9c5a20,2026-08-11T12:00:00Z,2026-08-05T04:15:00Z,2026-08-05T00:15:00-04:00,2026-08-05,SQ23,2026-08-06T02:15:00Z,2026-08-05T04:15:00Z,22,2h,false,2026-08-05T23:15:00Z,,0.1.0-prior-only,0.030810,0.046730,0.019220,0.932684,0.039043,0.048467,0.973343,0.019194,0.0026,0.001379,0.200000,no-alert,0.000000,0.119220,low,schedule_unverified;no_eligible_observations;prior_only,data/source_manifest.json,,,
3df5e939a2d322ea,2026-08-11T12:00:00Z,2026-08-05T06:15:00Z,2026-08-05T02:15:00-04:00,2026-08-05,SQ23,2026-08-06T02:15:00Z,2026-08-05T06:15:00Z,20,2h,false,2026-08-05T23:15:00Z,,0.1.0-prior-only,0.030872,0.046807,0.019246,0.932675,0.039049,0.048474,0.973339,0.019220,0.0026,0.001379,0.200000,no-alert,0.000000,0.119246,low,schedule_unverified;no_eligible_observations;prior_only,data/source_manifest.json,,,
f451ea29811b1539,2026-08-11T12:00:00Z,2026-08-05T08:15:00Z,2026-08-05T04:15:00-04:00,2026-08-05,SQ23,2026-08-06T02:15:00Z,2026-08-05T08:15:00Z,18,2h,false,2026-08-05T23:15:00Z,,0.1.0-prior-only,0.030934,0.046884,0.019272,0.932665,0.039055,0.048481,0.973335,0.019246,0.0026,0.001379,0.200000,no-alert,0.000000,0.119272,low,schedule_unverified;no_eligible_observations;prior_only,data/source_manifest.json,,,
8e5718b3062e3ee2,2026-08-11T12:00:00Z,2026-08-05T10:15:00Z,2026-08-05T06:15:00-04:00,2026-08-05,SQ23,2026-08-06T02:15:00Z,2026-08-05T10:15:00Z,16,2h,false,2026-08-05T23:15:00Z,,0.1.0-prior-only,0.030996,0.046961,0.019298,0.932655,0.039060,0.048489,0.973331,0.019272,0.0026,0.001379,0.200000,no-alert,0.000000,0.119298,low,schedule_unverified;no_eligible_observations;prior_only,data/source_manifest.json,,,
b77b556c63f0c86d,2026-08-11T12:00:00Z,2026-08-05T12:15:00Z,2026-08-05T08:15:00-04:00,2026-08-05,SQ23,2026-08-06T02:15:00Z,2026-08-05T12:15:00Z,14,2h,false,2026-08-05T23:15:00Z,,0.1.0-prior-only,0.031058,0.047038,0.019324,0.932645,0.039066,0.048496,0.973327,0.019298,0.0026,0.001379,0.200000,no-alert,0.000000,0.119324,low,schedule_unverified;no_eligible_observations;prior_only,data/source_manifest.json,,,
3c8d5165b1d2fe94,2026-08-11T12:00:00Z,2026-08-05T14:15:00Z,2026-08-05T10:15:00-04:00,2026-08-05,SQ23,2026-08-06T02:15:00Z,2026-08-05T14:15:00Z,12,2h,false,2026-08-05T23:15:00Z,,0.1.0-prior-only,0.031120,0.047115,0.019350,0.932635,0.039072,0.048503,0.973323,0.019324,0.0026,0.001379,0.200000,no-alert,0.000000,0.119350,low,schedule_unverified;no_eligible_observations;prior_only,data/source_manifest.json,,,
4c8d48e2b48eb5af,2026-08-11T12:00:00Z,2026-08-05T16:15:00Z,2026-08-05T12:15:00-04:00,2026-08-05,SQ23,2026-08-06T02:15:00Z,2026-08-05T16:15:00Z,10,2h,false,2026-08-05T23:15:00Z,,0.1.0-prior-only,0.031183,0.047193,0.019376,0.932625,0.039078,0.048510,0.973319,0.019350,0.0026,0.001379,0.200000,no-alert,0.000000,0.119376,low,schedule_unverified;no_eligible_observations;prior_only,data/source_manifest.json,,,
b4039f89d45a9b2d,2026-08-11T12:00:00Z,2026-08-05T18:15:00Z,2026-08-05T14:15:00-04:00,2026-08-05,SQ23,2026-08-06T02:15:00Z,2026-08-05T18:15:00Z,8,2h,false,2026-08-05T23:15:00Z,,0.1.0-prior-only,0.031245,0.047270,0.019403,0.932615,0.039083,0.048517,0.973315,0.019376,0.0026,0.001379,0.200000,no-alert,0.000000,0.119403,low,schedule_unverified;no_eligible_observations;prior_only,data/source_manifest.json,,,
ec708f2acde1211e,2026-08-11T12:00:00Z,2026-08-05T20:15:00Z,2026-08-05T16:15:00-04:00,2026-08-05,SQ23,2026-08-06T02:15:00Z,2026-08-05T20:15:00Z,6,2h,false,2026-08-05T23:15:00Z,,0.1.0-prior-only,0.031308,0.047348,0.019429,0.932605,0.039089,0.048525,0.973311,0.019403,0.0026,0.001379,0.200000,no-alert,0.000000,0.119429,low,schedule_unverified;no_eligible_observations;prior_only,data/source_manifest.json,,,
3da54f4854cb37c9,2026-08-11T12:00:00Z,2026-08-05T22:15:00Z,2026-08-05T18:15:00-04:00,2026-08-05,SQ23,2026-08-06T02:15:00Z,2026-08-05T22:15:00Z,4,2h,true,2026-08-05T23:15:00Z,,0.1.0-prior-only,0.031371,0.047426,0.019455,0.932595,0.039095,0.048532,0.973307,0.019429,0.0026,0.001379,0.200000,no-alert,0.000000,0.119455,low,schedule_unverified;no_eligible_observations;prior_only,data/source_manifest.json,,,
39f0bc4d6a1c346c,2026-08-11T12:00:00Z,2026-07-31T20:30:00Z,2026-07-31T16:30:00-04:00,2026-08-05,PAIR,2026-08-05T20:30:00Z,2026-07-31T20:30:00Z,120,6h,false,2026-08-05T17:30:00Z,,0.1.0-prior-only,0.027923,0.043107,0.017986,0.933149,0.038774,0.048133,0.973527,,,,0.200000,no-alert,0.000000,0.166851,low,schedule_unverified;no_eligible_observations;prior_only,data/source_manifest.json,,,
6a3a957c31b87dba,2026-08-11T12:00:00Z,2026-08-01T02:30:00Z,2026-07-31T22:30:00-04:00,2026-08-05,PAIR,2026-08-05T20:30:00Z,2026-08-01T02:30:00Z,114,6h,false,2026-08-05T17:30:00Z,,0.1.0-prior-only,0.028092,0.043321,0.018059,0.933122,0.038789,0.048152,0.973516,0.066851,0.0027,0.000437,0.200000,no-alert,0.000000,0.166878,low,schedule_unverified;no_eligible_observations;prior_only,data/source_manifest.json,,,
f703921abb11bc1b,2026-08-11T12:00:00Z,2026-08-01T08:30:00Z,2026-08-01T04:30:00-04:00,2026-08-05,PAIR,2026-08-05T20:30:00Z,2026-08-01T08:30:00Z,108,6h,false,2026-08-05T17:30:00Z,,0.1.0-prior-only,0.028262,0.043536,0.018133,0.933094,0.038805,0.048172,0.973505,0.066878,0.0027,0.000439,0.200000,no-alert,0.000000,0.166906,low,schedule_unverified;no_eligible_observations;prior_only,data/source_manifest.json,,,
3cffb78d33f9e02e,2026-08-11T12:00:00Z,2026-08-01T14:30:00Z,2026-08-01T10:30:00-04:00,2026-08-05,PAIR,2026-08-05T20:30:00Z,2026-08-01T14:30:00Z,102,6h,false,2026-08-05T17:30:00Z,,0.1.0-prior-only,0.028432,0.043752,0.018207,0.933067,0.038821,0.048192,0.973494,0.066906,0.0028,0.000441,0.200000,no-alert,0.000000,0.166933,low,schedule_unverified;no_eligible_observations;prior_only,data/source_manifest.json,,,
55aad65757114020,2026-08-11T12:00:00Z,2026-08-01T20:30:00Z,2026-08-01T16:30:00-04:00,2026-08-05,PAIR,2026-08-05T20:30:00Z,2026-08-01T20:30:00Z,96,6h,false,2026-08-05T17:30:00Z,,0.1.0-prior-only,0.028604,0.043969,0.018281,0.933039,0.038837,0.048212,0.973483,0.066933,0.0028,0.000444,0.200000,no-alert,0.000000,0.166961,low,schedule_unverified;no_eligible_observations;prior_only,data/source_manifest.json,,,
cb7b02bc82af77aa,2026-08-11T12:00:00Z,2026-08-02T02:30:00Z,2026-08-01T22:30:00-04:00,2026-08-05,PAIR,2026-08-05T20:30:00Z,2026-08-02T02:30:00Z,90,6h,false,2026-08-05T17:30:00Z,,0.1.0-prior-only,0.028777,0.044187,0.018355,0.933011,0.038853,0.048232,0.973472,0.066961,0.0028,0.000446,0.200000,no-alert,0.000000,0.166989,low,schedule_unverified;no_eligible_observations;prior_only,data/source_manifest.json,,,
62290e6954d9dc20,2026-08-11T12:00:00Z,2026-08-02T08:30:00Z,2026-08-02T04:30:00-04:00,2026-08-05,PAIR,2026-08-05T20:30:00Z,2026-08-02T08:30:00Z,84,6h,false,2026-08-05T17:30:00Z,,0.1.0-prior-only,0.028951,0.044406,0.018430,0.932983,0.038870,0.048252,0.973461,0.066989,0.0028,0.000448,0.200000,no-alert,0.000000,0.167017,low,schedule_unverified;no_eligible_observations;prior_only,data/source_manifest.json,,,
1dde09cf655a93d4,2026-08-11T12:00:00Z,2026-08-02T14:30:00Z,2026-08-02T10:30:00-04:00,2026-08-05,PAIR,2026-08-05T20:30:00Z,2026-08-02T14:30:00Z,78,6h,false,2026-08-05T17:30:00Z,,0.1.0-prior-only,0.029126,0.044626,0.018505,0.932955,0.038886,0.048272,0.973450,0.067017,0.0028,0.000451,0.200000,no-alert,0.000000,0.167045,low,schedule_unverified;no_eligible_observations;prior_only,data/source_manifest.json,,,
e514faafef9a1f64,2026-08-11T12:00:00Z,2026-08-02T20:30:00Z,2026-08-02T16:30:00-04:00,2026-08-05,PAIR,2026-08-05T20:30:00Z,2026-08-02T20:30:00Z,72,6h,false,2026-08-05T17:30:00Z,,0.1.0-prior-only,0.029302,0.044847,0.018580,0.932927,0.038902,0.048293,0.973439,0.067045,0.0028,0.000453,0.200000,no-alert,0.000000,0.167073,low,schedule_unverified;no_eligible_observations;prior_only,data/source_manifest.json,,,
c136f3d1b0e6cd42,2026-08-11T12:00:00Z,2026-08-03T02:30:00Z,2026-08-02T22:30:00-04:00,2026-08-05,PAIR,2026-08-05T20:30:00Z,2026-08-03T02:30:00Z,66,6h,false,2026-08-05T17:30:00Z,,0.1.0-prior-only,0.029479,0.045069,0.018656,0.932898,0.038919,0.048313,0.973428,0.067073,0.0028,0.000455,0.200000,no-alert,0.000000,0.167102,low,schedule_unverified;no_eligible_observations;prior_only,data/source_manifest.json,,,
6eff69b84f4ce124,2026-08-11T12:00:00Z,2026-08-03T08:30:00Z,2026-08-03T04:30:00-04:00,2026-08-05,PAIR,2026-08-05T20:30:00Z,2026-08-03T08:30:00Z,60,6h,false,2026-08-05T17:30:00Z,,0.1.0-prior-only,0.029658,0.045292,0.018732,0.932870,0.038936,0.048334,0.973416,0.067102,0.0029,0.000457,0.200000,no-alert,0.000000,0.167130,low,schedule_unverified;no_eligible_observations;prior_only,data/source_manifest.json,,,
3f4816f79c69af93,2026-08-11T12:00:00Z,2026-08-03T14:30:00Z,2026-08-03T10:30:00-04:00,2026-08-05,PAIR,2026-08-05T20:30:00Z,2026-08-03T14:30:00Z,54,6h,false,2026-08-05T17:30:00Z,,0.1.0-prior-only,0.029837,0.045516,0.018808,0.932841,0.038952,0.048355,0.973405,0.067130,0.0029,0.000460,0.200000,no-alert,0.000000,0.167159,low,schedule_unverified;no_eligible_observations;prior_only,data/source_manifest.json,,,
e6c68e9cf14b861f,2026-08-11T12:00:00Z,2026-08-03T20:30:00Z,2026-08-03T16:30:00-04:00,2026-08-05,PAIR,2026-08-05T20:30:00Z,2026-08-03T20:30:00Z,48,6h,false,2026-08-05T17:30:00Z,,0.1.0-prior-only,0.030017,0.045741,0.018885,0.932812,0.038969,0.048375,0.973393,0.067159,0.0029,0.000462,0.200000,no-alert,0.000000,0.167188,low,schedule_unverified;no_eligible_observations;prior_only,data/source_manifest.json,,,
48dcebe05022d834,2026-08-11T12:00:00Z,2026-08-03T22:30:00Z,2026-08-03T18:30:00-04:00,2026-08-05,PAIR,2026-08-05T20:30:00Z,2026-08-03T22:30:00Z,46,2h,false,2026-08-05T17:30:00Z,,0.1.0-prior-only,0.030077,0.045817,0.018910,0.932802,0.038975,0.048382,0.973390,0.067188,0.0010,0.000155,0.200000,no-alert,0.000000,0.167198,low,schedule_unverified;no_eligible_observations;prior_only,data/source_manifest.json,,,
f50581a473a91098,2026-08-11T12:00:00Z,2026-08-04T00:30:00Z,2026-08-03T20:30:00-04:00,2026-08-05,PAIR,2026-08-05T20:30:00Z,2026-08-04T00:30:00Z,44,2h,false,2026-08-05T17:30:00Z,,0.1.0-prior-only,0.030138,0.045892,0.018936,0.932792,0.038980,0.048389,0.973386,0.067198,0.0010,0.000155,0.200000,no-alert,0.000000,0.167208,low,schedule_unverified;no_eligible_observations;prior_only,data/source_manifest.json,,,
eb4ccfd6e994183d,2026-08-11T12:00:00Z,2026-08-04T02:30:00Z,2026-08-03T22:30:00-04:00,2026-08-05,PAIR,2026-08-05T20:30:00Z,2026-08-04T02:30:00Z,42,2h,false,2026-08-05T17:30:00Z,,0.1.0-prior-only,0.030198,0.045968,0.018961,0.932783,0.038986,0.048396,0.973382,0.067208,0.0010,0.000155,0.200000,no-alert,0.000000,0.167217,low,schedule_unverified;no_eligible_observations;prior_only,data/source_manifest.json,,,
b3386ab1be5154fb,2026-08-11T12:00:00Z,2026-08-04T04:30:00Z,2026-08-04T00:30:00-04:00,2026-08-05,PAIR,2026-08-05T20:30:00Z,2026-08-04T04:30:00Z,40,2h,false,2026-08-05T17:30:00Z,,0.1.0-prior-only,0.030259,0.046043,0.018987,0.932773,0.038992,0.048403,0.973378,0.067217,0.0010,0.000155,0.200000,no-alert,0.000000,0.167227,low,schedule_unverified;no_eligible_observations;prior_only,data/source_manifest.json,,,
afe5d2dd9f8eb776,2026-08-11T12:00:00Z,2026-08-04T06:30:00Z,2026-08-04T02:30:00-04:00,2026-08-05,PAIR,2026-08-05T20:30:00Z,2026-08-04T06:30:00Z,38,2h,false,2026-08-05T17:30:00Z,,0.1.0-prior-only,0.030320,0.046119,0.019013,0.932763,0.038997,0.048410,0.973374,0.067227,0.0010,0.000156,0.200000,no-alert,0.000000,0.167237,low,schedule_unverified;no_eligible_observations;prior_only,data/source_manifest.json,,,
7580ebe752ea5701,2026-08-11T12:00:00Z,2026-08-04T08:30:00Z,2026-08-04T04:30:00-04:00,2026-08-05,PAIR,2026-08-05T20:30:00Z,2026-08-04T08:30:00Z,36,2h,false,2026-08-05T17:30:00Z,,0.1.0-prior-only,0.030380,0.046195,0.019039,0.932753,0.039003,0.048418,0.973370,0.067237,0.0010,0.000156,0.200000,no-alert,0.000000,0.167247,low,schedule_unverified;no_eligible_observations;prior_only,data/source_manifest.json,,,
2cf833f4d8067062,2026-08-11T12:00:00Z,2026-08-04T10:30:00Z,2026-08-04T06:30:00-04:00,2026-08-05,PAIR,2026-08-05T20:30:00Z,2026-08-04T10:30:00Z,34,2h,false,2026-08-05T17:30:00Z,,0.1.0-prior-only,0.030441,0.046271,0.019064,0.932744,0.039009,0.048425,0.973366,0.067247,0.0010,0.000156,0.200000,no-alert,0.000000,0.167256,low,schedule_unverified;no_eligible_observations;prior_only,data/source_manifest.json,,,
89c578a6afcd134a,2026-08-11T12:00:00Z,2026-08-04T12:30:00Z,2026-08-04T08:30:00-04:00,2026-08-05,PAIR,2026-08-05T20:30:00Z,2026-08-04T12:30:00Z,32,2h,false,2026-08-05T17:30:00Z,,0.1.0-prior-only,0.030503,0.046347,0.019090,0.932734,0.039014,0.048432,0.973363,0.067256,0.0010,0.000156,0.200000,no-alert,0.000000,0.167266,low,schedule_unverified;no_eligible_observations;prior_only,data/source_manifest.json,,,
5cdeac6949780a4a,2026-08-11T12:00:00Z,2026-08-04T14:30:00Z,2026-08-04T10:30:00-04:00,2026-08-05,PAIR,2026-08-05T20:30:00Z,2026-08-04T14:30:00Z,30,2h,false,2026-08-05T17:30:00Z,,0.1.0-prior-only,0.030564,0.046424,0.019116,0.932724,0.039020,0.048439,0.973359,0.067266,0.0010,0.000157,0.200000,no-alert,0.000000,0.167276,low,schedule_unverified;no_eligible_observations;prior_only,data/source_manifest.json,,,
25e80496815ad429,2026-08-11T12:00:00Z,2026-08-04T16:30:00Z,2026-08-04T12:30:00-04:00,2026-08-05,PAIR,2026-08-05T20:30:00Z,2026-08-04T16:30:00Z,28,2h,false,2026-08-05T17:30:00Z,,0.1.0-prior-only,0.030625,0.046500,0.019142,0.932714,0.039026,0.048446,0.973355,0.067276,0.0010,0.000157,0.200000,no-alert,0.000000,0.167286,low,schedule_unverified;no_eligible_observations;prior_only,data/source_manifest.json,,,
bb5925356d251121,2026-08-11T12:00:00Z,2026-08-04T18:30:00Z,2026-08-04T14:30:00-04:00,2026-08-05,PAIR,2026-08-05T20:30:00Z,2026-08-04T18:30:00Z,26,2h,false,2026-08-05T17:30:00Z,,0.1.0-prior-only,0.030687,0.046576,0.019168,0.932704,0.039032,0.048453,0.973351,0.067286,0.0010,0.000157,0.200000,no-alert,0.000000,0.167296,low,schedule_unverified;no_eligible_observations;prior_only,data/source_manifest.json,,,
4ee6244d6046bd83,2026-08-11T12:00:00Z,2026-08-04T20:30:00Z,2026-08-04T16:30:00-04:00,2026-08-05,PAIR,2026-08-05T20:30:00Z,2026-08-04T20:30:00Z,24,2h,false,2026-08-05T17:30:00Z,,0.1.0-prior-only,0.030748,0.046653,0.019194,0.932694,0.039037,0.048460,0.973347,0.067296,0.0010,0.000157,0.200000,no-alert,0.000000,0.167306,low,schedule_unverified;no_eligible_observations;prior_only,data/source_manifest.json,,,
c8c30f42cbbaaf19,2026-08-11T12:00:00Z,2026-08-04T22:30:00Z,2026-08-04T18:30:00-04:00,2026-08-05,PAIR,2026-08-05T20:30:00Z,2026-08-04T22:30:00Z,22,2h,false,2026-08-05T17:30:00Z,,0.1.0-prior-only,0.030810,0.046730,0.019220,0.932684,0.039043,0.048467,0.973343,0.067306,0.0010,0.000158,0.200000,no-alert,0.000000,0.167316,low,schedule_unverified;no_eligible_observations;prior_only,data/source_manifest.json,,,
dc258ecf0c97b86f,2026-08-11T12:00:00Z,2026-08-05T00:30:00Z,2026-08-04T20:30:00-04:00,2026-08-05,PAIR,2026-08-05T20:30:00Z,2026-08-05T00:30:00Z,20,2h,false,2026-08-05T17:30:00Z,,0.1.0-prior-only,0.030872,0.046807,0.019246,0.932675,0.039049,0.048474,0.973339,0.067316,0.0010,0.000158,0.200000,no-alert,0.000000,0.167325,low,schedule_unverified;no_eligible_observations;prior_only,data/source_manifest.json,,,
48780973e3f22188,2026-08-11T12:00:00Z,2026-08-05T02:30:00Z,2026-08-04T22:30:00-04:00,2026-08-05,PAIR,2026-08-05T20:30:00Z,2026-08-05T02:30:00Z,18,2h,false,2026-08-05T17:30:00Z,,0.1.0-prior-only,0.030934,0.046884,0.019272,0.932665,0.039055,0.048481,0.973335,0.067325,0.0010,0.000158,0.200000,no-alert,0.000000,0.167335,low,schedule_unverified;no_eligible_observations;prior_only,data/source_manifest.json,,,
fcd15e14125f32fc,2026-08-11T12:00:00Z,2026-08-05T04:30:00Z,2026-08-05T00:30:00-04:00,2026-08-05,PAIR,2026-08-05T20:30:00Z,2026-08-05T04:30:00Z,16,2h,false,2026-08-05T17:30:00Z,,0.1.0-prior-only,0.030996,0.046961,0.019298,0.932655,0.039060,0.048489,0.973331,0.067335,0.0010,0.000159,0.200000,no-alert,0.000000,0.167345,low,schedule_unverified;no_eligible_observations;prior_only,data/source_manifest.json,,,
6745efb070709eba,2026-08-11T12:00:00Z,2026-08-05T06:30:00Z,2026-08-05T02:30:00-04:00,2026-08-05,PAIR,2026-08-05T20:30:00Z,2026-08-05T06:30:00Z,14,2h,false,2026-08-05T17:30:00Z,,0.1.0-prior-only,0.031058,0.047038,0.019324,0.932645,0.039066,0.048496,0.973327,0.067345,0.0010,0.000159,0.200000,no-alert,0.000000,0.167355,low,schedule_unverified;no_eligible_observations;prior_only,data/source_manifest.json,,,
3778833c39bc1384,2026-08-11T12:00:00Z,2026-08-05T08:30:00Z,2026-08-05T04:30:00-04:00,2026-08-05,PAIR,2026-08-05T20:30:00Z,2026-08-05T08:30:00Z,12,2h,false,2026-08-05T17:30:00Z,,0.1.0-prior-only,0.031120,0.047115,0.019350,0.932635,0.039072,0.048503,0.973323,0.067355,0.0010,0.000159,0.200000,no-alert,0.000000,0.167365,low,schedule_unverified;no_eligible_observations;prior_only,data/source_manifest.json,,,
444df91c5a41679c,2026-08-11T12:00:00Z,2026-08-05T10:30:00Z,2026-08-05T06:30:00-04:00,2026-08-05,PAIR,2026-08-05T20:30:00Z,2026-08-05T10:30:00Z,10,2h,false,2026-08-05T17:30:00Z,,0.1.0-prior-only,0.031183,0.047193,0.019376,0.932625,0.039078,0.048510,0.973319,0.067365,0.0010,0.000159,0.200000,no-alert,0.000000,0.167375,low,schedule_unverified;no_eligible_observations;prior_only,data/source_manifest.json,,,
f8219dcec3103bf2,2026-08-11T12:00:00Z,2026-08-05T12:30:00Z,2026-08-05T08:30:00-04:00,2026-08-05,PAIR,2026-08-05T20:30:00Z,2026-08-05T12:30:00Z,8,2h,false,2026-08-05T17:30:00Z,,0.1.0-prior-only,0.031245,0.047270,0.019403,0.932615,0.039083,0.048517,0.973315,0.067375,0.0010,0.000160,0.200000,no-alert,0.000000,0.167385,low,schedule_unverified;no_eligible_observations;prior_only,data/source_manifest.json,,,
443b1a9486dc1281,2026-08-11T12:00:00Z,2026-08-05T14:30:00Z,2026-08-05T10:30:00-04:00,2026-08-05,PAIR,2026-08-05T20:30:00Z,2026-08-05T14:30:00Z,6,2h,false,2026-08-05T17:30:00Z,,0.1.0-prior-only,0.031308,0.047348,0.019429,0.932605,0.039089,0.048525,0.973311,0.067385,0.0010,0.000160,0.200000,no-alert,0.000000,0.167395,low,schedule_unverified;no_eligible_observations;prior_only,data/source_manifest.json,,,
eaeea487d4db4ea1,2026-08-11T12:00:00Z,2026-08-05T16:30:00Z,2026-08-05T12:30:00-04:00,2026-08-05,PAIR,2026-08-05T20:30:00Z,2026-08-05T16:30:00Z,4,2h,true,2026-08-05T17:30:00Z,,0.1.0-prior-only,0.031371,0.047426,0.019455,0.932595,0.039095,0.048532,0.973307,0.067395,0.0010,0.000160,0.200000,no-alert,0.000000,0.167405,low,schedule_unverified;no_eligible_observations;prior_only,data/source_manifest.json,,,
1401a5a03bc12f81,2026-08-11T12:00:00Z,2026-08-01T20:30:00Z,2026-08-01T16:30:00-04:00,2026-08-06,B6317,2026-08-06T20:30:00Z,2026-08-01T20:30:00Z,120,6h,false,2026-08-06T17:30:00Z,,0.1.0-prior-only,0.027923,0.043107,0.017986,0.933149,0.038774,0.048133,0.973527,,,,0.200000,no-alert,0.000000,0.127923,low,schedule_unverified;no_eligible_observations;prior_only,data/source_manifest.json,,,
564e8748eaa3b30d,2026-08-11T12:00:00Z,2026-08-02T02:30:00Z,2026-08-01T22:30:00-04:00,2026-08-06,B6317,2026-08-06T20:30:00Z,2026-08-02T02:30:00Z,114,6h,false,2026-08-06T17:30:00Z,,0.1.0-prior-only,0.028092,0.043321,0.018059,0.933122,0.038789,0.048152,0.973516,0.027923,0.0169,0.006207,0.200000,no-alert,0.000000,0.128092,low,schedule_unverified;no_eligible_observations;prior_only,data/source_manifest.json,,,
2d9c6ccdf913a9e2,2026-08-11T12:00:00Z,2026-08-02T08:30:00Z,2026-08-02T04:30:00-04:00,2026-08-06,B6317,2026-08-06T20:30:00Z,2026-08-02T08:30:00Z,108,6h,false,2026-08-06T17:30:00Z,,0.1.0-prior-only,0.028262,0.043536,0.018133,0.933094,0.038805,0.048172,0.973505,0.028092,0.0170,0.006207,0.200000,no-alert,0.000000,0.128262,low,schedule_unverified;no_eligible_observations;prior_only,data/source_manifest.json,,,
83bf5f2756e463d1,2026-08-11T12:00:00Z,2026-08-02T14:30:00Z,2026-08-02T10:30:00-04:00,2026-08-06,B6317,2026-08-06T20:30:00Z,2026-08-02T14:30:00Z,102,6h,false,2026-08-06T17:30:00Z,,0.1.0-prior-only,0.028432,0.043752,0.018207,0.933067,0.038821,0.048192,0.973494,0.028262,0.0171,0.006207,0.200000,no-alert,0.000000,0.128432,low,schedule_unverified;no_eligible_observations;prior_only,data/source_manifest.json,,,
f583e42022786f38,2026-08-11T12:00:00Z,2026-08-02T20:30:00Z,2026-08-02T16:30:00-04:00,2026-08-06,B6317,2026-08-06T20:30:00Z,2026-08-02T20:30:00Z,96,6h,false,2026-08-06T17:30:00Z,,0.1.0-prior-only,0.028604,0.043969,0.018281,0.933039,0.038837,0.048212,0.973483,0.028432,0.0172,0.006207,0.200000,no-alert,0.000000,0.128604,low,schedule_unverified;no_eligible_observations;prior_only,data/source_manifest.json,,,
c7b08d1cb40645be,2026-08-11T12:00:00Z,2026-08-03T02:30:00Z,2026-08-02T22:30:00-04:00,2026-08-06,B6317,2026-08-06T20:30:00Z,2026-08-03T02:30:00Z,90,6h,false,2026-08-06T17:30:00Z,,0.1.0-prior-only,0.028777,0.044187,0.018355,0.933011,0.038853,0.048232,0.973472,0.028604,0.0173,0.006207,0.200000,no-alert,0.000000,0.128777,low,schedule_unverified;no_eligible_observations;prior_only,data/source_manifest.json,,,
68fa903d93be21b4,2026-08-11T12:00:00Z,2026-08-03T08:30:00Z,2026-08-03T04:30:00-04:00,2026-08-06,B6317,2026-08-06T20:30:00Z,2026-08-03T08:30:00Z,84,6h,false,2026-08-06T17:30:00Z,,0.1.0-prior-only,0.028951,0.044406,0.018430,0.932983,0.038870,0.048252,0.973461,0.028777,0.0174,0.006207,0.200000,no-alert,0.000000,0.128951,low,schedule_unverified;no_eligible_observations;prior_only,data/source_manifest.json,,,
33a855925b732078,2026-08-11T12:00:00Z,2026-08-03T14:30:00Z,2026-08-03T10:30:00-04:00,2026-08-06,B6317,2026-08-06T20:30:00Z,2026-08-03T14:30:00Z,78,6h,false,2026-08-06T17:30:00Z,,0.1.0-prior-only,0.029126,0.044626,0.018505,0.932955,0.038886,0.048272,0.973450,0.028951,0.0175,0.006207,0.200000,no-alert,0.000000,0.129126,low,schedule_unverified;no_eligible_observations;prior_only,data/source_manifest.json,,,
6333cf13af7f7c6d,2026-08-11T12:00:00Z,2026-08-03T20:30:00Z,2026-08-03T16:30:00-04:00,2026-08-06,B6317,2026-08-06T20:30:00Z,2026-08-03T20:30:00Z,72,6h,false,2026-08-06T17:30:00Z,,0.1.0-prior-only,0.029302,0.044847,0.018580,0.932927,0.038902,0.048293,0.973439,0.029126,0.0176,0.006207,0.200000,no-alert,0.000000,0.129302,low,schedule_unverified;no_eligible_observations;prior_only,data/source_manifest.json,,,
c1e52180e2260378,2026-08-11T12:00:00Z,2026-08-04T02:30:00Z,2026-08-03T22:30:00-04:00,2026-08-06,B6317,2026-08-06T20:30:00Z,2026-08-04T02:30:00Z,66,6h,false,2026-08-06T17:30:00Z,,0.1.0-prior-only,0.029479,0.045069,0.018656,0.932898,0.038919,0.048313,0.973428,0.029302,0.0177,0.006207,0.200000,no-alert,0.000000,0.129479,low,schedule_unverified;no_eligible_observations;prior_only,data/source_manifest.json,,,
a45d0b0332b9a766,2026-08-11T12:00:00Z,2026-08-04T08:30:00Z,2026-08-04T04:30:00-04:00,2026-08-06,B6317,2026-08-06T20:30:00Z,2026-08-04T08:30:00Z,60,6h,false,2026-08-06T17:30:00Z,,0.1.0-prior-only,0.029658,0.045292,0.018732,0.932870,0.038936,0.048334,0.973416,0.029479,0.0178,0.006207,0.200000,no-alert,0.000000,0.129658,low,schedule_unverified;no_eligible_observations;prior_only,data/source_manifest.json,,,
a63dd8067d8733b8,2026-08-11T12:00:00Z,2026-08-04T14:30:00Z,2026-08-04T10:30:00-04:00,2026-08-06,B6317,2026-08-06T20:30:00Z,2026-08-04T14:30:00Z,54,6h,false,2026-08-06T17:30:00Z,,0.1.0-prior-only,0.029837,0.045516,0.018808,0.932841,0.038952,0.048355,0.973405,0.029658,0.0179,0.006207,0.200000,no-alert,0.000000,0.129837,low,schedule_unverified;no_eligible_observations;prior_only,data/source_manifest.json,,,
69f31caec71497ea,2026-08-11T12:00:00Z,2026-08-04T20:30:00Z,2026-08-04T16:30:00-04:00,2026-08-06,B6317,2026-08-06T20:30:00Z,2026-08-04T20:30:00Z,48,6h,false,2026-08-06T17:30:00Z,,0.1.0-prior-only,0.030017,0.045741,0.018885,0.932812,0.038969,0.048375,0.973393,0.029837,0.0180,0.006207,0.200000,no-alert,0.000000,0.130017,low,schedule_unverified;no_eligible_observations;prior_only,data/source_manifest.json,,,
34335b2d6932f11c,2026-08-11T12:00:00Z,2026-08-04T22:30:00Z,2026-08-04T18:30:00-04:00,2026-08-06,B6317,2026-08-06T20:30:00Z,2026-08-04T22:30:00Z,46,2h,false,2026-08-06T17:30:00Z,,0.1.0-prior-only,0.030077,0.045817,0.018910,0.932802,0.038975,0.048382,0.973390,0.030017,0.0060,0.002069,0.200000,no-alert,0.000000,0.130077,low,schedule_unverified;no_eligible_observations;prior_only,data/source_manifest.json,,,
f6aab1cd5177f121,2026-08-11T12:00:00Z,2026-08-05T00:30:00Z,2026-08-04T20:30:00-04:00,2026-08-06,B6317,2026-08-06T20:30:00Z,2026-08-05T00:30:00Z,44,2h,false,2026-08-06T17:30:00Z,,0.1.0-prior-only,0.030138,0.045892,0.018936,0.932792,0.038980,0.048389,0.973386,0.030077,0.0060,0.002069,0.200000,no-alert,0.000000,0.130138,low,schedule_unverified;no_eligible_observations;prior_only,data/source_manifest.json,,,
d1ce3c803620bdd9,2026-08-11T12:00:00Z,2026-08-05T02:30:00Z,2026-08-04T22:30:00-04:00,2026-08-06,B6317,2026-08-06T20:30:00Z,2026-08-05T02:30:00Z,42,2h,false,2026-08-06T17:30:00Z,,0.1.0-prior-only,0.030198,0.045968,0.018961,0.932783,0.038986,0.048396,0.973382,0.030138,0.0061,0.002069,0.200000,no-alert,0.000000,0.130198,low,schedule_unverified;no_eligible_observations;prior_only,data/source_manifest.json,,,
8ad5e0fec4666eca,2026-08-11T12:00:00Z,2026-08-05T04:30:00Z,2026-08-05T00:30:00-04:00,2026-08-06,B6317,2026-08-06T20:30:00Z,2026-08-05T04:30:00Z,40,2h,false,2026-08-06T17:30:00Z,,0.1.0-prior-only,0.030259,0.046043,0.018987,0.932773,0.038992,0.048403,0.973378,0.030198,0.0061,0.002069,0.200000,no-alert,0.000000,0.130259,low,schedule_unverified;no_eligible_observations;prior_only,data/source_manifest.json,,,
34b481648b122d70,2026-08-11T12:00:00Z,2026-08-05T06:30:00Z,2026-08-05T02:30:00-04:00,2026-08-06,B6317,2026-08-06T20:30:00Z,2026-08-05T06:30:00Z,38,2h,false,2026-08-06T17:30:00Z,,0.1.0-prior-only,0.030320,0.046119,0.019013,0.932763,0.038997,0.048410,0.973374,0.030259,0.0061,0.002069,0.200000,no-alert,0.000000,0.130320,low,schedule_unverified;no_eligible_observations;prior_only,data/source_manifest.json,,,
c34d56c5471c7b2b,2026-08-11T12:00:00Z,2026-08-05T08:30:00Z,2026-08-05T04:30:00-04:00,2026-08-06,B6317,2026-08-06T20:30:00Z,2026-08-05T08:30:00Z,36,2h,false,2026-08-06T17:30:00Z,,0.1.0-prior-only,0.030380,0.046195,0.019039,0.932753,0.039003,0.048418,0.973370,0.030320,0.0061,0.002069,0.200000,no-alert,0.000000,0.130380,low,schedule_unverified;no_eligible_observations;prior_only,data/source_manifest.json,,,
ef3c5e490f6b1a81,2026-08-11T12:00:00Z,2026-08-05T10:30:00Z,2026-08-05T06:30:00-04:00,2026-08-06,B6317,2026-08-06T20:30:00Z,2026-08-05T10:30:00Z,34,2h,false,2026-08-06T17:30:00Z,,0.1.0-prior-only,0.030441,0.046271,0.019064,0.932744,0.039009,0.048425,0.973366,0.030380,0.0061,0.002069,0.200000,no-alert,0.000000,0.130441,low,schedule_unverified;no_eligible_observations;prior_only,data/source_manifest.json,,,
1c40ac1debbaecbd,2026-08-11T12:00:00Z,2026-08-05T12:30:00Z,2026-08-05T08:30:00-04:00,2026-08-06,B6317,2026-08-06T20:30:00Z,2026-08-05T12:30:00Z,32,2h,false,2026-08-06T17:30:00Z,,0.1.0-prior-only,0.030503,0.046347,0.019090,0.932734,0.039014,0.048432,0.973363,0.030441,0.0061,0.002069,0.200000,no-alert,0.000000,0.130503,low,schedule_unverified;no_eligible_observations;prior_only,data/source_manifest.json,,,
abc02835006058e2,2026-08-11T12:00:00Z,2026-08-05T14:30:00Z,2026-08-05T10:30:00-04:00,2026-08-06,B6317,2026-08-06T20:30:00Z,2026-08-05T14:30:00Z,30,2h,false,2026-08-06T17:30:00Z,,0.1.0-prior-only,0.030564,0.046424,0.019116,0.932724,0.039020,0.048439,0.973359,0.030503,0.0061,0.002069,0.200000,no-alert,0.000000,0.130564,low,schedule_unverified;no_eligible_observations;prior_only,data/source_manifest.json,,,
2eccacaffc7ed5a5,2026-08-11T12:00:00Z,2026-08-05T16:30:00Z,2026-08-05T12:30:00-04:00,2026-08-06,B6317,2026-08-06T20:30:00Z,2026-08-05T16:30:00Z,28,2h,false,2026-08-06T17:30:00Z,,0.1.0-prior-only,0.030625,0.046500,0.019142,0.932714,0.039026,0.048446,0.973355,0.030564,0.0061,0.002069,0.200000,no-alert,0.000000,0.130625,low,schedule_unverified;no_eligible_observations;prior_only,data/source_manifest.json,,,
e1f7f7af000ba582,2026-08-11T12:00:00Z,2026-08-05T18:30:00Z,2026-08-05T14:30:00-04:00,2026-08-06,B6317,2026-08-06T20:30:00Z,2026-08-05T18:30:00Z,26,2h,false,2026-08-06T17:30:00Z,,0.1.0-prior-only,0.030687,0.046576,0.019168,0.932704,0.039032,0.048453,0.973351,0.030625,0.0061,0.002069,0.200000,no-alert,0.000000,0.130687,low,schedule_unverified;no_eligible_observations;prior_only,data/source_manifest.json,,,
fa1cc09474e91b13,2026-08-11T12:00:00Z,2026-08-05T20:30:00Z,2026-08-05T16:30:00-04:00,2026-08-06,B6317,2026-08-06T20:30:00Z,2026-08-05T20:30:00Z,24,2h,false,2026-08-06T17:30:00Z,,0.1.0-prior-only,0.030748,0.046653,0.019194,0.932694,0.039037,0.048460,0.973347,0.030687,0.0062,0.002069,0.200000,no-alert,0.000000,0.130748,low,schedule_unverified;no_eligible_observations;prior_only,data/source_manifest.json,,,
cb41175a6eeb4615,2026-08-11T12:00:00Z,2026-08-05T22:30:00Z,2026-08-05T18:30:00-04:00,2026-08-06,B6317,2026-08-06T20:30:00Z,2026-08-05T22:30:00Z,22,2h,false,2026-08-06T17:30:00Z,,0.1.0-prior-only,0.030810,0.046730,0.019220,0.932684,0.039043,0.048467,0.973343,0.030748,0.0062,0.002069,0.200000,no-alert,0.000000,0.130810,low,schedule_unverified;no_eligible_observations;prior_only,data/source_manifest.json,,,
fea637da606ee764,2026-08-11T12:00:00Z,2026-08-06T00:30:00Z,2026-08-05T20:30:00-04:00,2026-08-06,B6317,2026-08-06T20:30:00Z,2026-08-06T00:30:00Z,20,2h,false,2026-08-06T17:30:00Z,,0.1.0-prior-only,0.030872,0.046807,0.019246,0.932675,0.039049,0.048474,0.973339,0.030810,0.0062,0.002069,0.200000,no-alert,0.000000,0.130872,low,schedule_unverified;no_eligible_observations;prior_only,data/source_manifest.json,,,
f320e25389bddf36,2026-08-11T12:00:00Z,2026-08-06T02:30:00Z,2026-08-05T22:30:00-04:00,2026-08-06,B6317,2026-08-06T20:30:00Z,2026-08-06T02:30:00Z,18,2h,false,2026-08-06T17:30:00Z,,0.1.0-prior-only,0.030934,0.046884,0.019272,0.932665,0.039055,0.048481,0.973335,0.030872,0.0062,0.002069,0.200000,no-alert,0.000000,0.130934,low,schedule_unverified;no_eligible_observations;prior_only,data/source_manifest.json,,,
dca6bc545303d0a0,2026-08-11T12:00:00Z,2026-08-06T04:30:00Z,2026-08-06T00:30:00-04:00,2026-08-06,B6317,2026-08-06T20:30:00Z,2026-08-06T04:30:00Z,16,2h,false,2026-08-06T17:30:00Z,,0.1.0-prior-only,0.030996,0.046961,0.019298,0.932655,0.039060,0.048489,0.973331,0.030934,0.0062,0.002069,0.200000,no-alert,0.000000,0.130996,low,schedule_unverified;no_eligible_observations;prior_only,data/source_manifest.json,,,
71491be4d88ec8d1,2026-08-11T12:00:00Z,2026-08-06T06:30:00Z,2026-08-06T02:30:00-04:00,2026-08-06,B6317,2026-08-06T20:30:00Z,2026-08-06T06:30:00Z,14,2h,false,2026-08-06T17:30:00Z,,0.1.0-prior-only,0.031058,0.047038,0.019324,0.932645,0.039066,0.048496,0.973327,0.030996,0.0062,0.002069,0.200000,no-alert,0.000000,0.131058,low,schedule_unverified;no_eligible_observations;prior_only,data/source_manifest.json,,,
b58cff31aa4bd458,2026-08-11T12:00:00Z,2026-08-06T08:30:00Z,2026-08-06T04:30:00-04:00,2026-08-06,B6317,2026-08-06T20:30:00Z,2026-08-06T08:30:00Z,12,2h,false,2026-08-06T17:30:00Z,,0.1.0-prior-only,0.031120,0.047115,0.019350,0.932635,0.039072,0.048503,0.973323,0.031058,0.0062,0.002069,0.200000,no-alert,0.000000,0.131120,low,schedule_unverified;no_eligible_observations;prior_only,data/source_manifest.json,,,
8036b2fc7bcbd9a9,2026-08-11T12:00:00Z,2026-08-06T10:30:00Z,2026-08-06T06:30:00-04:00,2026-08-06,B6317,2026-08-06T20:30:00Z,2026-08-06T10:30:00Z,10,2h,false,2026-08-06T17:30:00Z,,0.1.0-prior-only,0.031183,0.047193,0.019376,0.932625,0.039078,0.048510,0.973319,0.031120,0.0062,0.002069,0.200000,no-alert,0.000000,0.131183,low,schedule_unverified;no_eligible_observations;prior_only,data/source_manifest.json,,,
3afa3973f23e9e7e,2026-08-11T12:00:00Z,2026-08-06T12:30:00Z,2026-08-06T08:30:00-04:00,2026-08-06,B6317,2026-08-06T20:30:00Z,2026-08-06T12:30:00Z,8,2h,false,2026-08-06T17:30:00Z,,0.1.0-prior-only,0.031245,0.047270,0.019403,0.932615,0.039083,0.048517,0.973315,0.031183,0.0063,0.002069,0.200000,no-alert,0.000000,0.131245,low,schedule_unverified;no_eligible_observations;prior_only,data/source_manifest.json,,,
472b5e83b440b983,2026-08-11T12:00:00Z,2026-08-06T14:30:00Z,2026-08-06T10:30:00-04:00,2026-08-06,B6317,2026-08-06T20:30:00Z,2026-08-06T14:30:00Z,6,2h,false,2026-08-06T17:30:00Z,,0.1.0-prior-only,0.031308,0.047348,0.019429,0.932605,0.039089,0.048525,0.973311,0.031245,0.0063,0.002069,0.200000,no-alert,0.000000,0.131308,low,schedule_unverified;no_eligible_observations;prior_only,data/source_manifest.json,,,
1a4c3f4f32ee16b0,2026-08-11T12:00:00Z,2026-08-06T16:30:00Z,2026-08-06T12:30:00-04:00,2026-08-06,B6317,2026-08-06T20:30:00Z,2026-08-06T16:30:00Z,4,2h,true,2026-08-06T17:30:00Z,,0.1.0-prior-only,0.031371,0.047426,0.019455,0.932595,0.039095,0.048532,0.973307,0.031308,0.0063,0.002069,0.200000,no-alert,0.000000,0.131371,low,schedule_unverified;no_eligible_observations;prior_only,data/source_manifest.json,,,
3b7b0fb2ea829953,2026-08-11T12:00:00Z,2026-08-02T02:15:00Z,2026-08-01T22:15:00-04:00,2026-08-06,SQ23,2026-08-07T02:15:00Z,2026-08-02T02:15:00Z,120,6h,false,2026-08-06T23:15:00Z,,0.1.0-prior-only,0.027923,0.043107,0.017986,0.933149,0.038774,0.048133,0.973527,,,,0.200000,no-alert,0.000000,0.117986,low,schedule_unverified;no_eligible_observations;prior_only,data/source_manifest.json,,,
a9a8f99118f052bc,2026-08-11T12:00:00Z,2026-08-02T08:15:00Z,2026-08-02T04:15:00-04:00,2026-08-06,SQ23,2026-08-07T02:15:00Z,2026-08-02T08:15:00Z,114,6h,false,2026-08-06T23:15:00Z,,0.1.0-prior-only,0.028092,0.043321,0.018059,0.933122,0.038789,0.048152,0.973516,0.017986,0.0073,0.004138,0.200000,no-alert,0.000000,0.118059,low,schedule_unverified;no_eligible_observations;prior_only,data/source_manifest.json,,,
f1eb57652956d7e6,2026-08-11T12:00:00Z,2026-08-02T14:15:00Z,2026-08-02T10:15:00-04:00,2026-08-06,SQ23,2026-08-07T02:15:00Z,2026-08-02T14:15:00Z,108,6h,false,2026-08-06T23:15:00Z,,0.1.0-prior-only,0.028262,0.043536,0.018133,0.933094,0.038805,0.048172,0.973505,0.018059,0.0074,0.004138,0.200000,no-alert,0.000000,0.118133,low,schedule_unverified;no_eligible_observations;prior_only,data/source_manifest.json,,,
be3fffb0a73b5b83,2026-08-11T12:00:00Z,2026-08-02T20:15:00Z,2026-08-02T16:15:00-04:00,2026-08-06,SQ23,2026-08-07T02:15:00Z,2026-08-02T20:15:00Z,102,6h,false,2026-08-06T23:15:00Z,,0.1.0-prior-only,0.028432,0.043752,0.018207,0.933067,0.038821,0.048192,0.973494,0.018133,0.0074,0.004138,0.200000,no-alert,0.000000,0.118207,low,schedule_unverified;no_eligible_observations;prior_only,data/source_manifest.json,,,
b495ae807d48150e,2026-08-11T12:00:00Z,2026-08-03T02:15:00Z,2026-08-02T22:15:00-04:00,2026-08-06,SQ23,2026-08-07T02:15:00Z,2026-08-03T02:15:00Z,96,6h,false,2026-08-06T23:15:00Z,,0.1.0-prior-only,0.028604,0.043969,0.018281,0.933039,0.038837,0.048212,0.973483,0.018207,0.0074,0.004138,0.200000,no-alert,0.000000,0.118281,low,schedule_unverified;no_eligible_observations;prior_only,data/source_manifest.json,,,
f41e47b64e3193aa,2026-08-11T12:00:00Z,2026-08-03T08:15:00Z,2026-08-03T04:15:00-04:00,2026-08-06,SQ23,2026-08-07T02:15:00Z,2026-08-03T08:15:00Z,90,6h,false,2026-08-06T23:15:00Z,,0.1.0-prior-only,0.028777,0.044187,0.018355,0.933011,0.038853,0.048232,0.973472,0.018281,0.0074,0.004138,0.200000,no-alert,0.000000,0.118355,low,schedule_unverified;no_eligible_observations;prior_only,data/source_manifest.json,,,
fe0e8ceb339c5d5d,2026-08-11T12:00:00Z,2026-08-03T14:15:00Z,2026-08-03T10:15:00-04:00,2026-08-06,SQ23,2026-08-07T02:15:00Z,2026-08-03T14:15:00Z,84,6h,false,2026-08-06T23:15:00Z,,0.1.0-prior-only,0.028951,0.044406,0.018430,0.932983,0.038870,0.048252,0.973461,0.018355,0.0075,0.004138,0.200000,no-alert,0.000000,0.118430,low,schedule_unverified;no_eligible_observations;prior_only,data/source_manifest.json,,,
2309a43ddb86ef2e,2026-08-11T12:00:00Z,2026-08-03T20:15:00Z,2026-08-03T16:15:00-04:00,2026-08-06,SQ23,2026-08-07T02:15:00Z,2026-08-03T20:15:00Z,78,6h,false,2026-08-06T23:15:00Z,,0.1.0-prior-only,0.029126,0.044626,0.018505,0.932955,0.038886,0.048272,0.973450,0.018430,0.0075,0.004138,0.200000,no-alert,0.000000,0.118505,low,schedule_unverified;no_eligible_observations;prior_only,data/source_manifest.json,,,
1b75dd1efc53cb97,2026-08-11T12:00:00Z,2026-08-04T02:15:00Z,2026-08-03T22:15:00-04:00,2026-08-06,SQ23,2026-08-07T02:15:00Z,2026-08-04T02:15:00Z,72,6h,false,2026-08-06T23:15:00Z,,0.1.0-prior-only,0.029302,0.044847,0.018580,0.932927,0.038902,0.048293,0.973439,0.018505,0.0075,0.004138,0.200000,no-alert,0.000000,0.118580,low,schedule_unverified;no_eligible_observations;prior_only,data/source_manifest.json,,,
7d115a292d7cecb3,2026-08-11T12:00:00Z,2026-08-04T08:15:00Z,2026-08-04T04:15:00-04:00,2026-08-06,SQ23,2026-08-07T02:15:00Z,2026-08-04T08:15:00Z,66,6h,false,2026-08-06T23:15:00Z,,0.1.0-prior-only,0.029479,0.045069,0.018656,0.932898,0.038919,0.048313,0.973428,0.018580,0.0076,0.004138,0.200000,no-alert,0.000000,0.118656,low,schedule_unverified;no_eligible_observations;prior_only,data/source_manifest.json,,,
f275d128d5522248,2026-08-11T12:00:00Z,2026-08-04T14:15:00Z,2026-08-04T10:15:00-04:00,2026-08-06,SQ23,2026-08-07T02:15:00Z,2026-08-04T14:15:00Z,60,6h,false,2026-08-06T23:15:00Z,,0.1.0-prior-only,0.029658,0.045292,0.018732,0.932870,0.038936,0.048334,0.973416,0.018656,0.0076,0.004138,0.200000,no-alert,0.000000,0.118732,low,schedule_unverified;no_eligible_observations;prior_only,data/source_manifest.json,,,
5d8aa36e17008cac,2026-08-11T12:00:00Z,2026-08-04T20:15:00Z,2026-08-04T16:15:00-04:00,2026-08-06,SQ23,2026-08-07T02:15:00Z,2026-08-04T20:15:00Z,54,6h,false,2026-08-06T23:15:00Z,,0.1.0-prior-only,0.029837,0.045516,0.018808,0.932841,0.038952,0.048355,0.973405,0.018732,0.0076,0.004138,0.200000,no-alert,0.000000,0.118808,low,schedule_unverified;no_eligible_observations;prior_only,data/source_manifest.json,,,
fa55ff320bf34ad2,2026-08-11T12:00:00Z,2026-08-05T02:15:00Z,2026-08-04T22:15:00-04:00,2026-08-06,SQ23,2026-08-07T02:15:00Z,2026-08-05T02:15:00Z,48,6h,false,2026-08-06T23:15:00Z,,0.1.0-prior-only,0.030017,0.045741,0.018885,0.932812,0.038969,0.048375,0.973393,0.018808,0.0077,0.004138,0.200000,no-alert,0.000000,0.118885,low,schedule_unverified;no_eligible_observations;prior_only,data/source_manifest.json,,,
d0e9497afa53fc33,2026-08-11T12:00:00Z,2026-08-05T04:15:00Z,2026-08-05T00:15:00-04:00,2026-08-06,SQ23,2026-08-07T02:15:00Z,2026-08-05T04:15:00Z,46,2h,false,2026-08-06T23:15:00Z,,0.1.0-prior-only,0.030077,0.045817,0.018910,0.932802,0.038975,0.048382,0.973390,0.018885,0.0026,0.001379,0.200000,no-alert,0.000000,0.118910,low,schedule_unverified;no_eligible_observations;prior_only,data/source_manifest.json,,,
86d037edb020bdae,2026-08-11T12:00:00Z,2026-08-05T06:15:00Z,2026-08-05T02:15:00-04:00,2026-08-06,SQ23,2026-08-07T02:15:00Z,2026-08-05T06:15:00Z,44,2h,false,2026-08-06T23:15:00Z,,0.1.0-prior-only,0.030138,0.045892,0.018936,0.932792,0.038980,0.048389,0.973386,0.018910,0.0026,0.001379,0.200000,no-alert,0.000000,0.118936,low,schedule_unverified;no_eligible_observations;prior_only,data/source_manifest.json,,,
63dafbba1265a038,2026-08-11T12:00:00Z,2026-08-05T08:15:00Z,2026-08-05T04:15:00-04:00,2026-08-06,SQ23,2026-08-07T02:15:00Z,2026-08-05T08:15:00Z,42,2h,false,2026-08-06T23:15:00Z,,0.1.0-prior-only,0.030198,0.045968,0.018961,0.932783,0.038986,0.048396,0.973382,0.018936,0.0026,0.001379,0.200000,no-alert,0.000000,0.118961,low,schedule_unverified;no_eligible_observations;prior_only,data/source_manifest.json,,,
f661631854c13955,2026-08-11T12:00:00Z,2026-08-05T10:15:00Z,2026-08-05T06:15:00-04:00,2026-08-06,SQ23,2026-08-07T02:15:00Z,2026-08-05T10:15:00Z,40,2h,false,2026-08-06T23:15:00Z,,0.1.0-prior-only,0.030259,0.046043,0.018987,0.932773,0.038992,0.048403,0.973378,0.018961,0.0026,0.001379,0.200000,no-alert,0.000000,0.118987,low,schedule_unverified;no_eligible_observations;prior_only,data/source_manifest.json,,,
8b5fadda7e5561a4,2026-08-11T12:00:00Z,2026-08-05T12:15:00Z,2026-08-05T08:15:00-04:00,2026-08-06,SQ23,2026-08-07T02:15:00Z,2026-08-05T12:15:00Z,38,2h,false,2026-08-06T23:15:00Z,,0.1.0-prior-only,0.030320,0.046119,0.019013,0.932763,0.038997,0.048410,0.973374,0.018987,0.0026,0.001379,0.200000,no-alert,0.000000,0.119013,low,schedule_unverified;no_eligible_observations;prior_only,data/source_manifest.json,,,
8f272003abc90519,2026-08-11T12:00:00Z,2026-08-05T14:15:00Z,2026-08-05T10:15:00-04:00,2026-08-06,SQ23,2026-08-07T02:15:00Z,2026-08-05T14:15:00Z,36,2h,false,2026-08-06T23:15:00Z,,0.1.0-prior-only,0.030380,0.046195,0.019039,0.932753,0.039003,0.048418,0.973370,0.019013,0.0026,0.001379,0.200000,no-alert,0.000000,0.119039,low,schedule_unverified;no_eligible_observations;prior_only,data/source_manifest.json,,,
d0e525f72b54ea35,2026-08-11T12:00:00Z,2026-08-05T16:15:00Z,2026-08-05T12:15:00-04:00,2026-08-06,SQ23,2026-08-07T02:15:00Z,2026-08-05T16:15:00Z,34,2h,false,2026-08-06T23:15:00Z,,0.1.0-prior-only,0.030441,0.046271,0.019064,0.932744,0.039009,0.048425,0.973366,0.019039,0.0026,0.001379,0.200000,no-alert,0.000000,0.119064,low,schedule_unverified;no_eligible_observations;prior_only,data/source_manifest.json,,,
0b2e45a7129ea42d,2026-08-11T12:00:00Z,2026-08-05T18:15:00Z,2026-08-05T14:15:00-04:00,2026-08-06,SQ23,2026-08-07T02:15:00Z,2026-08-05T18:15:00Z,32,2h,false,2026-08-06T23:15:00Z,,0.1.0-prior-only,0.030503,0.046347,0.019090,0.932734,0.039014,0.048432,0.973363,0.019064,0.0026,0.001379,0.200000,no-alert,0.000000,0.119090,low,schedule_unverified;no_eligible_observations;prior_only,data/source_manifest.json,,,
16625ae37ffd2d73,2026-08-11T12:00:00Z,2026-08-05T20:15:00Z,2026-08-05T16:15:00-04:00,2026-08-06,SQ23,2026-08-07T02:15:00Z,2026-08-05T20:15:00Z,30,2h,false,2026-08-06T23:15:00Z,,0.1.0-prior-only,0.030564,0.046424,0.019116,0.932724,0.039020,0.048439,0.973359,0.019090,0.0026,0.001379,0.200000,no-alert,0.000000,0.119116,low,schedule_unverified;no_eligible_observations;prior_only,data/source_manifest.json,,,
e72fe20f4fcf2bc2,2026-08-11T12:00:00Z,2026-08-05T22:15:00Z,2026-08-05T18:15:00-04:00,2026-08-06,SQ23,2026-08-07T02:15:00Z,2026-08-05T22:15:00Z,28,2h,false,2026-08-06T23:15:00Z,,0.1.0-prior-only,0.030625,0.046500,0.019142,0.932714,0.039026,0.048446,0.973355,0.019116,0.0026,0.001379,0.200000,no-alert,0.000000,0.119142,low,schedule_unverified;no_eligible_observations;prior_only,data/source_manifest.json,,,
4af54fd1f84eebd4,2026-08-11T12:00:00Z,2026-08-06T00:15:00Z,2026-08-05T20:15:00-04:00,2026-08-06,SQ23,2026-08-07T02:15:00Z,2026-08-06T00:15:00Z,26,2h,false,2026-08-06T23:15:00Z,,0.1.0-prior-only,0.030687,0.046576,0.019168,0.932704,0.039032,0.048453,0.973351,0.019142,0.0026,0.001379,0.200000,no-alert,0.000000,0.119168,low,schedule_unverified;no_eligible_observations;prior_only,data/source_manifest.json,,,
21e225672cf4fb21,2026-08-11T12:00:00Z,2026-08-06T02:15:00Z,2026-08-05T22:15:00-04:00,2026-08-06,SQ23,2026-08-07T02:15:00Z,2026-08-06T02:15:00Z,24,2h,false,2026-08-06T23:15:00Z,,0.1.0-prior-only,0.030748,0.046653,0.019194,0.932694,0.039037,0.048460,0.973347,0.019168,0.0026,0.001379,0.200000,no-alert,0.000000,0.119194,low,schedule_unverified;no_eligible_observations;prior_only,data/source_manifest.json,,,
5146c79249f98441,2026-08-11T12:00:00Z,2026-08-06T04:15:00Z,2026-08-06T00:15:00-04:00,2026-08-06,SQ23,2026-08-07T02:15:00Z,2026-08-06T04:15:00Z,22,2h,false,2026-08-06T23:15:00Z,,0.1.0-prior-only,0.030810,0.046730,0.019220,0.932684,0.039043,0.048467,0.973343,0.019194,0.0026,0.001379,0.200000,no-alert,0.000000,0.119220,low,schedule_unverified;no_eligible_observations;prior_only,data/source_manifest.json,,,
355ab2f5263a3b52,2026-08-11T12:00:00Z,2026-08-06T06:15:00Z,2026-08-06T02:15:00-04:00,2026-08-06,SQ23,2026-08-07T02:15:00Z,2026-08-06T06:15:00Z,20,2h,false,2026-08-06T23:15:00Z,,0.1.0-prior-only,0.030872,0.046807,0.019246,0.932675,0.039049,0.048474,0.973339,0.019220,0.0026,0.001379,0.200000,no-alert,0.000000,0.119246,low,schedule_unverified;no_eligible_observations;prior_only,data/source_manifest.json,,,
7640416a01c739b5,2026-08-11T12:00:00Z,2026-08-06T08:15:00Z,2026-08-06T04:15:00-04:00,2026-08-06,SQ23,2026-08-07T02:15:00Z,2026-08-06T08:15:00Z,18,2h,false,2026-08-06T23:15:00Z,,0.1.0-prior-only,0.030934,0.046884,0.019272,0.932665,0.039055,0.048481,0.973335,0.019246,0.0026,0.001379,0.200000,no-alert,0.000000,0.119272,low,schedule_unverified;no_eligible_observations;prior_only,data/source_manifest.json,,,
4a39cd00cbb68ba4,2026-08-11T12:00:00Z,2026-08-06T10:15:00Z,2026-08-06T06:15:00-04:00,2026-08-06,SQ23,2026-08-07T02:15:00Z,2026-08-06T10:15:00Z,16,2h,false,2026-08-06T23:15:00Z,,0.1.0-prior-only,0.030996,0.046961,0.019298,0.932655,0.039060,0.048489,0.973331,0.019272,0.0026,0.001379,0.200000,no-alert,0.000000,0.119298,low,schedule_unverified;no_eligible_observations;prior_only,data/source_manifest.json,,,
750fe97a660833d1,2026-08-11T12:00:00Z,2026-08-06T12:15:00Z,2026-08-06T08:15:00-04:00,2026-08-06,SQ23,2026-08-07T02:15:00Z,2026-08-06T12:15:00Z,14,2h,false,2026-08-06T23:15:00Z,,0.1.0-prior-only,0.031058,0.047038,0.019324,0.932645,0.039066,0.048496,0.973327,0.019298,0.0026,0.001379,0.200000,no-alert,0.000000,0.119324,low,schedule_unverified;no_eligible_observations;prior_only,data/source_manifest.json,,,
8091c616abcbe824,2026-08-11T12:00:00Z,2026-08-06T14:15:00Z,2026-08-06T10:15:00-04:00,2026-08-06,SQ23,2026-08-07T02:15:00Z,2026-08-06T14:15:00Z,12,2h,false,2026-08-06T23:15:00Z,,0.1.0-prior-only,0.031120,0.047115,0.019350,0.932635,0.039072,0.048503,0.973323,0.019324,0.0026,0.001379,0.200000,no-alert,0.000000,0.119350,low,schedule_unverified;no_eligible_observations;prior_only,data/source_manifest.json,,,
dbc6edfa02b9f748,2026-08-11T12:00:00Z,2026-08-06T16:15:00Z,2026-08-06T12:15:00-04:00,2026-08-06,SQ23,2026-08-07T02:15:00Z,2026-08-06T16:15:00Z,10,2h,false,2026-08-06T23:15:00Z,,0.1.0-prior-only,0.031183,0.047193,0.019376,0.932625,0.039078,0.048510,0.973319,0.019350,0.0026,0.001379,0.200000,no-alert,0.000000,0.119376,low,schedule_unverified;no_eligible_observations;prior_only,data/source_manifest.json,,,
5ba24ffd9acf0392,2026-08-11T12:00:00Z,2026-08-06T18:15:00Z,2026-08-06T14:15:00-04:00,2026-08-06,SQ23,2026-08-07T02:15:00Z,2026-08-06T18:15:00Z,8,2h,false,2026-08-06T23:15:00Z,,0.1.0-prior-only,0.031245,0.047270,0.019403,0.932615,0.039083,0.048517,0.973315,0.019376,0.0026,0.001379,0.200000,no-alert,0.000000,0.119403,low,schedule_unverified;no_eligible_observations;prior_only,data/source_manifest.json,,,
8b2a186ffc10a83f,2026-08-11T12:00:00Z,2026-08-06T20:15:00Z,2026-08-06T16:15:00-04:00,2026-08-06,SQ23,2026-08-07T02:15:00Z,2026-08-06T20:15:00Z,6,2h,false,2026-08-06T23:15:00Z,,0.1.0-prior-only,0.031308,0.047348,0.019429,0.932605,0.039089,0.048525,0.973311,0.019403,0.0026,0.001379,0.200000,no-alert,0.000000,0.119429,low,schedule_unverified;no_eligible_observations;prior_only,data/source_manifest.json,,,
d0116c9258e5456d,2026-08-11T12:00:00Z,2026-08-06T22:15:00Z,2026-08-06T18:15:00-04:00,2026-08-06,SQ23,2026-08-07T02:15:00Z,2026-08-06T22:15:00Z,4,2h,true,2026-08-06T23:15:00Z,,0.1.0-prior-only,0.031371,0.047426,0.019455,0.932595,0.039095,0.048532,0.973307,0.019429,0.0026,0.001379,0.200000,no-alert,0.000000,0.119455,low,schedule_unverified;no_eligible_observations;prior_only,data/source_manifest.json,,,
38bb9b05ccc6ed83,2026-08-11T12:00:00Z,2026-08-01T20:30:00Z,2026-08-01T16:30:00-04:00,2026-08-06,PAIR,2026-08-06T20:30:00Z,2026-08-01T20:30:00Z,120,6h,false,2026-08-06T17:30:00Z,,0.1.0-prior-only,0.027923,0.043107,0.017986,0.933149,0.038774,0.048133,0.973527,,,,0.200000,no-alert,0.000000,0.166851,low,schedule_unverified;no_eligible_observations;prior_only,data/source_manifest.json,,,
9c20f83b8e7c23f7,2026-08-11T12:00:00Z,2026-08-02T02:30:00Z,2026-08-01T22:30:00-04:00,2026-08-06,PAIR,2026-08-06T20:30:00Z,2026-08-02T02:30:00Z,114,6h,false,2026-08-06T17:30:00Z,,0.1.0-prior-only,0.028092,0.043321,0.018059,0.933122,0.038789,0.048152,0.973516,0.066851,0.0027,0.000437,0.200000,no-alert,0.000000,0.166878,low,schedule_unverified;no_eligible_observations;prior_only,data/source_manifest.json,,,
97c7157ff0ee89b0,2026-08-11T12:00:00Z,2026-08-02T08:30:00Z,2026-08-02T04:30:00-04:00,2026-08-06,PAIR,2026-08-06T20:30:00Z,2026-08-02T08:30:00Z,108,6h,false,2026-08-06T17:30:00Z,,0.1.0-prior-only,0.028262,0.043536,0.018133,0.933094,0.038805,0.048172,0.973505,0.066878,0.0027,0.000439,0.200000,no-alert,0.000000,0.166906,low,schedule_unverified;no_eligible_observations;prior_only,data/source_manifest.json,,,
b8585cf401846e82,2026-08-11T12:00:00Z,2026-08-02T14:30:00Z,2026-08-02T10:30:00-04:00,2026-08-06,PAIR,2026-08-06T20:30:00Z,2026-08-02T14:30:00Z,102,6h,false,2026-08-06T17:30:00Z,,0.1.0-prior-only,0.028432,0.043752,0.018207,0.933067,0.038821,0.048192,0.973494,0.066906,0.0028,0.000441,0.200000,no-alert,0.000000,0.166933,low,schedule_unverified;no_eligible_observations;prior_only,data/source_manifest.json,,,
89b465b41ac5244e,2026-08-11T12:00:00Z,2026-08-02T20:30:00Z,2026-08-02T16:30:00-04:00,2026-08-06,PAIR,2026-08-06T20:30:00Z,2026-08-02T20:30:00Z,96,6h,false,2026-08-06T17:30:00Z,,0.1.0-prior-only,0.028604,0.043969,0.018281,0.933039,0.038837,0.048212,0.973483,0.066933,0.0028,0.000444,0.200000,no-alert,0.000000,0.166961,low,schedule_unverified;no_eligible_observations;prior_only,data/source_manifest.json,,,
8c04df5680575c51,2026-08-11T12:00:00Z,2026-08-03T02:30:00Z,2026-08-02T22:30:00-04:00,2026-08-06,PAIR,2026-08-06T20:30:00Z,2026-08-03T02:30:00Z,90,6h,false,2026-08-06T17:30:00Z,,0.1.0-prior-only,0.028777,0.044187,0.018355,0.933011,0.038853,0.048232,0.973472,0.066961,0.0028,0.000446,0.200000,no-alert,0.000000,0.166989,low,schedule_unverified;no_eligible_observations;prior_only,data/source_manifest.json,,,
b299e42a93127fb7,2026-08-11T12:00:00Z,2026-08-03T08:30:00Z,2026-08-03T04:30:00-04:00,2026-08-06,PAIR,2026-08-06T20:30:00Z,2026-08-03T08:30:00Z,84,6h,false,2026-08-06T17:30:00Z,,0.1.0-prior-only,0.028951,0.044406,0.018430,0.932983,0.038870,0.048252,0.973461,0.066989,0.0028,0.000448,0.200000,no-alert,0.000000,0.167017,low,schedule_unverified;no_eligible_observations;prior_only,data/source_manifest.json,,,
51b49ea2fdf4311d,2026-08-11T12:00:00Z,2026-08-03T14:30:00Z,2026-08-03T10:30:00-04:00,2026-08-06,PAIR,2026-08-06T20:30:00Z,2026-08-03T14:30:00Z,78,6h,false,2026-08-06T17:30:00Z,,0.1.0-prior-only,0.029126,0.044626,0.018505,0.932955,0.038886,0.048272,0.973450,0.067017,0.0028,0.000451,0.200000,no-alert,0.000000,0.167045,low,schedule_unverified;no_eligible_observations;prior_only,data/source_manifest.json,,,
78128384e59df4ad,2026-08-11T12:00:00Z,2026-08-03T20:30:00Z,2026-08-03T16:30:00-04:00,2026-08-06,PAIR,2026-08-06T20:30:00Z,2026-08-03T20:30:00Z,72,6h,false,2026-08-06T17:30:00Z,,0.1.0-prior-only,0.029302,0.044847,0.018580,0.932927,0.038902,0.048293,0.973439,0.067045,0.0028,0.000453,0.200000,no-alert,0.000000,0.167073,low,schedule_unverified;no_eligible_observations;prior_only,data/source_manifest.json,,,
858b02999b06f0bf,2026-08-11T12:00:00Z,2026-08-04T02:30:00Z,2026-08-03T22:30:00-04:00,2026-08-06,PAIR,2026-08-06T20:30:00Z,2026-08-04T02:30:00Z,66,6h,false,2026-08-06T17:30:00Z,,0.1.0-prior-only,0.029479,0.045069,0.018656,0.932898,0.038919,0.048313,0.973428,0.067073,0.0028,0.000455,0.200000,no-alert,0.000000,0.167102,low,schedule_unverified;no_eligible_observations;prior_only,data/source_manifest.json,,,
0432cbec797ccfae,2026-08-11T12:00:00Z,2026-08-04T08:30:00Z,2026-08-04T04:30:00-04:00,2026-08-06,PAIR,2026-08-06T20:30:00Z,2026-08-04T08:30:00Z,60,6h,false,2026-08-06T17:30:00Z,,0.1.0-prior-only,0.029658,0.045292,0.018732,0.932870,0.038936,0.048334,0.973416,0.067102,0.0029,0.000457,0.200000,no-alert,0.000000,0.167130,low,schedule_unverified;no_eligible_observations;prior_only,data/source_manifest.json,,,
f6e7c497ef4c1397,2026-08-11T12:00:00Z,2026-08-04T14:30:00Z,2026-08-04T10:30:00-04:00,2026-08-06,PAIR,2026-08-06T20:30:00Z,2026-08-04T14:30:00Z,54,6h,false,2026-08-06T17:30:00Z,,0.1.0-prior-only,0.029837,0.045516,0.018808,0.932841,0.038952,0.048355,0.973405,0.067130,0.0029,0.000460,0.200000,no-alert,0.000000,0.167159,low,schedule_unverified;no_eligible_observations;prior_only,data/source_manifest.json,,,
d40a6a2022f1c53d,2026-08-11T12:00:00Z,2026-08-04T20:30:00Z,2026-08-04T16:30:00-04:00,2026-08-06,PAIR,2026-08-06T20:30:00Z,2026-08-04T20:30:00Z,48,6h,false,2026-08-06T17:30:00Z,,0.1.0-prior-only,0.030017,0.045741,0.018885,0.932812,0.038969,0.048375,0.973393,0.067159,0.0029,0.000462,0.200000,no-alert,0.000000,0.167188,low,schedule_unverified;no_eligible_observations;prior_only,data/source_manifest.json,,,
00e07edc7b0346be,2026-08-11T12:00:00Z,2026-08-04T22:30:00Z,2026-08-04T18:30:00-04:00,2026-08-06,PAIR,2026-08-06T20:30:00Z,2026-08-04T22:30:00Z,46,2h,false,2026-08-06T17:30:00Z,,0.1.0-prior-only,0.030077,0.045817,0.018910,0.932802,0.038975,0.048382,0.973390,0.067188,0.0010,0.000155,0.200000,no-alert,0.000000,0.167198,low,schedule_unverified;no_eligible_observations;prior_only,data/source_manifest.json,,,
09f54ae0f3f8e662,2026-08-11T12:00:00Z,2026-08-05T00:30:00Z,2026-08-04T20:30:00-04:00,2026-08-06,PAIR,2026-08-06T20:30:00Z,2026-08-05T00:30:00Z,44,2h,false,2026-08-06T17:30:00Z,,0.1.0-prior-only,0.030138,0.045892,0.018936,0.932792,0.038980,0.048389,0.973386,0.067198,0.0010,0.000155,0.200000,no-alert,0.000000,0.167208,low,schedule_unverified;no_eligible_observations;prior_only,data/source_manifest.json,,,
79373615135edd1d,2026-08-11T12:00:00Z,2026-08-05T02:30:00Z,2026-08-04T22:30:00-04:00,2026-08-06,PAIR,2026-08-06T20:30:00Z,2026-08-05T02:30:00Z,42,2h,false,2026-08-06T17:30:00Z,,0.1.0-prior-only,0.030198,0.045968,0.018961,0.932783,0.038986,0.048396,0.973382,0.067208,0.0010,0.000155,0.200000,no-alert,0.000000,0.167217,low,schedule_unverified;no_eligible_observations;prior_only,data/source_manifest.json,,,
528cb7843c2abce1,2026-08-11T12:00:00Z,2026-08-05T04:30:00Z,2026-08-05T00:30:00-04:00,2026-08-06,PAIR,2026-08-06T20:30:00Z,2026-08-05T04:30:00Z,40,2h,false,2026-08-06T17:30:00Z,,0.1.0-prior-only,0.030259,0.046043,0.018987,0.932773,0.038992,0.048403,0.973378,0.067217,0.0010,0.000155,0.200000,no-alert,0.000000,0.167227,low,schedule_unverified;no_eligible_observations;prior_only,data/source_manifest.json,,,
eec69461773f4113,2026-08-11T12:00:00Z,2026-08-05T06:30:00Z,2026-08-05T02:30:00-04:00,2026-08-06,PAIR,2026-08-06T20:30:00Z,2026-08-05T06:30:00Z,38,2h,false,2026-08-06T17:30:00Z,,0.1.0-prior-only,0.030320,0.046119,0.019013,0.932763,0.038997,0.048410,0.973374,0.067227,0.0010,0.000156,0.200000,no-alert,0.000000,0.167237,low,schedule_unverified;no_eligible_observations;prior_only,data/source_manifest.json,,,
a41a44cea61407fb,2026-08-11T12:00:00Z,2026-08-05T08:30:00Z,2026-08-05T04:30:00-04:00,2026-08-06,PAIR,2026-08-06T20:30:00Z,2026-08-05T08:30:00Z,36,2h,false,2026-08-06T17:30:00Z,,0.1.0-prior-only,0.030380,0.046195,0.019039,0.932753,0.039003,0.048418,0.973370,0.067237,0.0010,0.000156,0.200000,no-alert,0.000000,0.167247,low,schedule_unverified;no_eligible_observations;prior_only,data/source_manifest.json,,,
98bda1044c25347f,2026-08-11T12:00:00Z,2026-08-05T10:30:00Z,2026-08-05T06:30:00-04:00,2026-08-06,PAIR,2026-08-06T20:30:00Z,2026-08-05T10:30:00Z,34,2h,false,2026-08-06T17:30:00Z,,0.1.0-prior-only,0.030441,0.046271,0.019064,0.932744,0.039009,0.048425,0.973366,0.067247,0.0010,0.000156,0.200000,no-alert,0.000000,0.167256,low,schedule_unverified;no_eligible_observations;prior_only,data/source_manifest.json,,,
77721c581660167b,2026-08-11T12:00:00Z,2026-08-05T12:30:00Z,2026-08-05T08:30:00-04:00,2026-08-06,PAIR,2026-08-06T20:30:00Z,2026-08-05T12:30:00Z,32,2h,false,2026-08-06T17:30:00Z,,0.1.0-prior-only,0.030503,0.046347,0.019090,0.932734,0.039014,0.048432,0.973363,0.067256,0.0010,0.000156,0.200000,no-alert,0.000000,0.167266,low,schedule_unverified;no_eligible_observations;prior_only,data/source_manifest.json,,,
0c2c0852e58d2427,2026-08-11T12:00:00Z,2026-08-05T14:30:00Z,2026-08-05T10:30:00-04:00,2026-08-06,PAIR,2026-08-06T20:30:00Z,2026-08-05T14:30:00Z,30,2h,false,2026-08-06T17:30:00Z,,0.1.0-prior-only,0.030564,0.046424,0.019116,0.932724,0.039020,0.048439,0.973359,0.067266,0.0010,0.000157,0.200000,no-alert,0.000000,0.167276,low,schedule_unverified;no_eligible_observations;prior_only,data/source_manifest.json,,,
3bdfe8ca2caac294,2026-08-11T12:00:00Z,2026-08-05T16:30:00Z,2026-08-05T12:30:00-04:00,2026-08-06,PAIR,2026-08-06T20:30:00Z,2026-08-05T16:30:00Z,28,2h,false,2026-08-06T17:30:00Z,,0.1.0-prior-only,0.030625,0.046500,0.019142,0.932714,0.039026,0.048446,0.973355,0.067276,0.0010,0.000157,0.200000,no-alert,0.000000,0.167286,low,schedule_unverified;no_eligible_observations;prior_only,data/source_manifest.json,,,
7005c50e8f18beea,2026-08-11T12:00:00Z,2026-08-05T18:30:00Z,2026-08-05T14:30:00-04:00,2026-08-06,PAIR,2026-08-06T20:30:00Z,2026-08-05T18:30:00Z,26,2h,false,2026-08-06T17:30:00Z,,0.1.0-prior-only,0.030687,0.046576,0.019168,0.932704,0.039032,0.048453,0.973351,0.067286,0.0010,0.000157,0.200000,no-alert,0.000000,0.167296,low,schedule_unverified;no_eligible_observations;prior_only,data/source_manifest.json,,,
233c5a5c94b0e080,2026-08-11T12:00:00Z,2026-08-05T20:30:00Z,2026-08-05T16:30:00-04:00,2026-08-06,PAIR,2026-08-06T20:30:00Z,2026-08-05T20:30:00Z,24,2h,false,2026-08-06T17:30:00Z,,0.1.0-prior-only,0.030748,0.046653,0.019194,0.932694,0.039037,0.048460,0.973347,0.067296,0.0010,0.000157,0.200000,no-alert,0.000000,0.167306,low,schedule_unverified;no_eligible_observations;prior_only,data/source_manifest.json,,,
a762d475d30ad73e,2026-08-11T12:00:00Z,2026-08-05T22:30:00Z,2026-08-05T18:30:00-04:00,2026-08-06,PAIR,2026-08-06T20:30:00Z,2026-08-05T22:30:00Z,22,2h,false,2026-08-06T17:30:00Z,,0.1.0-prior-only,0.030810,0.046730,0.019220,0.932684,0.039043,0.048467,0.973343,0.067306,0.0010,0.000158,0.200000,no-alert,0.000000,0.167316,low,schedule_unverified;no_eligible_observations;prior_only,data/source_manifest.json,,,
f4b9b90cc8154c38,2026-08-11T12:00:00Z,2026-08-06T00:30:00Z,2026-08-05T20:30:00-04:00,2026-08-06,PAIR,2026-08-06T20:30:00Z,2026-08-06T00:30:00Z,20,2h,false,2026-08-06T17:30:00Z,,0.1.0-prior-only,0.030872,0.046807,0.019246,0.932675,0.039049,0.048474,0.973339,0.067316,0.0010,0.000158,0.200000,no-alert,0.000000,0.167325,low,schedule_unverified;no_eligible_observations;prior_only,data/source_manifest.json,,,
90ab06eaebd718e3,2026-08-11T12:00:00Z,2026-08-06T02:30:00Z,2026-08-05T22:30:00-04:00,2026-08-06,PAIR,2026-08-06T20:30:00Z,2026-08-06T02:30:00Z,18,2h,false,2026-08-06T17:30:00Z,,0.1.0-prior-only,0.030934,0.046884,0.019272,0.932665,0.039055,0.048481,0.973335,0.067325,0.0010,0.000158,0.200000,no-alert,0.000000,0.167335,low,schedule_unverified;no_eligible_observations;prior_only,data/source_manifest.json,,,
367afc68f75dcecb,2026-08-11T12:00:00Z,2026-08-06T04:30:00Z,2026-08-06T00:30:00-04:00,2026-08-06,PAIR,2026-08-06T20:30:00Z,2026-08-06T04:30:00Z,16,2h,false,2026-08-06T17:30:00Z,,0.1.0-prior-only,0.030996,0.046961,0.019298,0.932655,0.039060,0.048489,0.973331,0.067335,0.0010,0.000159,0.200000,no-alert,0.000000,0.167345,low,schedule_unverified;no_eligible_observations;prior_only,data/source_manifest.json,,,
db1d1f259e65d91e,2026-08-11T12:00:00Z,2026-08-06T06:30:00Z,2026-08-06T02:30:00-04:00,2026-08-06,PAIR,2026-08-06T20:30:00Z,2026-08-06T06:30:00Z,14,2h,false,2026-08-06T17:30:00Z,,0.1.0-prior-only,0.031058,0.047038,0.019324,0.932645,0.039066,0.048496,0.973327,0.067345,0.0010,0.000159,0.200000,no-alert,0.000000,0.167355,low,schedule_unverified;no_eligible_observations;prior_only,data/source_manifest.json,,,
ac7185be03c4e191,2026-08-11T12:00:00Z,2026-08-06T08:30:00Z,2026-08-06T04:30:00-04:00,2026-08-06,PAIR,2026-08-06T20:30:00Z,2026-08-06T08:30:00Z,12,2h,false,2026-08-06T17:30:00Z,,0.1.0-prior-only,0.031120,0.047115,0.019350,0.932635,0.039072,0.048503,0.973323,0.067355,0.0010,0.000159,0.200000,no-alert,0.000000,0.167365,low,schedule_unverified;no_eligible_observations;prior_only,data/source_manifest.json,,,
bfa07b43308da205,2026-08-11T12:00:00Z,2026-08-06T10:30:00Z,2026-08-06T06:30:00-04:00,2026-08-06,PAIR,2026-08-06T20:30:00Z,2026-08-06T10:30:00Z,10,2h,false,2026-08-06T17:30:00Z,,0.1.0-prior-only,0.031183,0.047193,0.019376,0.932625,0.039078,0.048510,0.973319,0.067365,0.0010,0.000159,0.200000,no-alert,0.000000,0.167375,low,schedule_unverified;no_eligible_observations;prior_only,data/source_manifest.json,,,
baf650b68e3439ff,2026-08-11T12:00:00Z,2026-08-06T12:30:00Z,2026-08-06T08:30:00-04:00,2026-08-06,PAIR,2026-08-06T20:30:00Z,2026-08-06T12:30:00Z,8,2h,false,2026-08-06T17:30:00Z,,0.1.0-prior-only,0.031245,0.047270,0.019403,0.932615,0.039083,0.048517,0.973315,0.067375,0.0010,0.000160,0.200000,no-alert,0.000000,0.167385,low,schedule_unverified;no_eligible_observations;prior_only,data/source_manifest.json,,,
956ee11dd614a232,2026-08-11T12:00:00Z,2026-08-06T14:30:00Z,2026-08-06T10:30:00-04:00,2026-08-06,PAIR,2026-08-06T20:30:00Z,2026-08-06T14:30:00Z,6,2h,false,2026-08-06T17:30:00Z,,0.1.0-prior-only,0.031308,0.047348,0.019429,0.932605,0.039089,0.048525,0.973311,0.067385,0.0010,0.000160,0.200000,no-alert,0.000000,0.167395,low,schedule_unverified;no_eligible_observations;prior_only,data/source_manifest.json,,,
4a92fbd9545b02e6,2026-08-11T12:00:00Z,2026-08-06T16:30:00Z,2026-08-06T12:30:00-04:00,2026-08-06,PAIR,2026-08-06T20:30:00Z,2026-08-06T16:30:00Z,4,2h,true,2026-08-06T17:30:00Z,,0.1.0-prior-only,0.031371,0.047426,0.019455,0.932595,0.039095,0.048532,0.973307,0.067395,0.0010,0.000160,0.200000,no-alert,0.000000,0.167405,low,schedule_unverified;no_eligible_observations;prior_only,data/source_manifest.json,,,
de0bdd679b766c08,2026-08-11T12:00:00Z,2026-08-02T20:30:00Z,2026-08-02T16:30:00-04:00,2026-08-07,B6317,2026-08-07T20:30:00Z,2026-08-02T20:30:00Z,120,6h,false,2026-08-07T17:30:00Z,,0.1.0-prior-only,0.027923,0.043107,0.017986,0.933149,0.038774,0.048133,0.973527,,,,0.200000,no-alert,0.000000,0.127923,low,schedule_unverified;no_eligible_observations;prior_only,data/source_manifest.json,,,
1aad9a1875732a50,2026-08-11T12:00:00Z,2026-08-03T02:30:00Z,2026-08-02T22:30:00-04:00,2026-08-07,B6317,2026-08-07T20:30:00Z,2026-08-03T02:30:00Z,114,6h,false,2026-08-07T17:30:00Z,,0.1.0-prior-only,0.028092,0.043321,0.018059,0.933122,0.038789,0.048152,0.973516,0.027923,0.0169,0.006207,0.200000,no-alert,0.000000,0.128092,low,schedule_unverified;no_eligible_observations;prior_only,data/source_manifest.json,,,
17a1cd67d9d06c5d,2026-08-11T12:00:00Z,2026-08-03T08:30:00Z,2026-08-03T04:30:00-04:00,2026-08-07,B6317,2026-08-07T20:30:00Z,2026-08-03T08:30:00Z,108,6h,false,2026-08-07T17:30:00Z,,0.1.0-prior-only,0.028262,0.043536,0.018133,0.933094,0.038805,0.048172,0.973505,0.028092,0.0170,0.006207,0.200000,no-alert,0.000000,0.128262,low,schedule_unverified;no_eligible_observations;prior_only,data/source_manifest.json,,,
90583cd8b0ece4c9,2026-08-11T12:00:00Z,2026-08-03T14:30:00Z,2026-08-03T10:30:00-04:00,2026-08-07,B6317,2026-08-07T20:30:00Z,2026-08-03T14:30:00Z,102,6h,false,2026-08-07T17:30:00Z,,0.1.0-prior-only,0.028432,0.043752,0.018207,0.933067,0.038821,0.048192,0.973494,0.028262,0.0171,0.006207,0.200000,no-alert,0.000000,0.128432,low,schedule_unverified;no_eligible_observations;prior_only,data/source_manifest.json,,,
f1c7db8adafb7b52,2026-08-11T12:00:00Z,2026-08-03T20:30:00Z,2026-08-03T16:30:00-04:00,2026-08-07,B6317,2026-08-07T20:30:00Z,2026-08-03T20:30:00Z,96,6h,false,2026-08-07T17:30:00Z,,0.1.0-prior-only,0.028604,0.043969,0.018281,0.933039,0.038837,0.048212,0.973483,0.028432,0.0172,0.006207,0.200000,no-alert,0.000000,0.128604,low,schedule_unverified;no_eligible_observations;prior_only,data/source_manifest.json,,,
c0ac7a7ee95e8752,2026-08-11T12:00:00Z,2026-08-04T02:30:00Z,2026-08-03T22:30:00-04:00,2026-08-07,B6317,2026-08-07T20:30:00Z,2026-08-04T02:30:00Z,90,6h,false,2026-08-07T17:30:00Z,,0.1.0-prior-only,0.028777,0.044187,0.018355,0.933011,0.038853,0.048232,0.973472,0.028604,0.0173,0.006207,0.200000,no-alert,0.000000,0.128777,low,schedule_unverified;no_eligible_observations;prior_only,data/source_manifest.json,,,
ea92380cd9323564,2026-08-11T12:00:00Z,2026-08-04T08:30:00Z,2026-08-04T04:30:00-04:00,2026-08-07,B6317,2026-08-07T20:30:00Z,2026-08-04T08:30:00Z,84,6h,false,2026-08-07T17:30:00Z,,0.1.0-prior-only,0.028951,0.044406,0.018430,0.932983,0.038870,0.048252,0.973461,0.028777,0.0174,0.006207,0.200000,no-alert,0.000000,0.128951,low,schedule_unverified;no_eligible_observations;prior_only,data/source_manifest.json,,,
7970a29fdc92d4b9,2026-08-11T12:00:00Z,2026-08-04T14:30:00Z,2026-08-04T10:30:00-04:00,2026-08-07,B6317,2026-08-07T20:30:00Z,2026-08-04T14:30:00Z,78,6h,false,2026-08-07T17:30:00Z,,0.1.0-prior-only,0.029126,0.044626,0.018505,0.932955,0.038886,0.048272,0.973450,0.028951,0.0175,0.006207,0.200000,no-alert,0.000000,0.129126,low,schedule_unverified;no_eligible_observations;prior_only,data/source_manifest.json,,,
afdfcd2c6e3f139d,2026-08-11T12:00:00Z,2026-08-04T20:30:00Z,2026-08-04T16:30:00-04:00,2026-08-07,B6317,2026-08-07T20:30:00Z,2026-08-04T20:30:00Z,72,6h,false,2026-08-07T17:30:00Z,,0.1.0-prior-only,0.029302,0.044847,0.018580,0.932927,0.038902,0.048293,0.973439,0.029126,0.0176,0.006207,0.200000,no-alert,0.000000,0.129302,low,schedule_unverified;no_eligible_observations;prior_only,data/source_manifest.json,,,
031ae12cfc2660f1,2026-08-11T12:00:00Z,2026-08-05T02:30:00Z,2026-08-04T22:30:00-04:00,2026-08-07,B6317,2026-08-07T20:30:00Z,2026-08-05T02:30:00Z,66,6h,false,2026-08-07T17:30:00Z,,0.1.0-prior-only,0.029479,0.045069,0.018656,0.932898,0.038919,0.048313,0.973428,0.029302,0.0177,0.006207,0.200000,no-alert,0.000000,0.129479,low,schedule_unverified;no_eligible_observations;prior_only,data/source_manifest.json,,,
a51ead3c34ba536a,2026-08-11T12:00:00Z,2026-08-05T08:30:00Z,2026-08-05T04:30:00-04:00,2026-08-07,B6317,2026-08-07T20:30:00Z,2026-08-05T08:30:00Z,60,6h,false,2026-08-07T17:30:00Z,,0.1.0-prior-only,0.029658,0.045292,0.018732,0.932870,0.038936,0.048334,0.973416,0.029479,0.0178,0.006207,0.200000,no-alert,0.000000,0.129658,low,schedule_unverified;no_eligible_observations;prior_only,data/source_manifest.json,,,
1a19ad68dc5bdc39,2026-08-11T12:00:00Z,2026-08-05T14:30:00Z,2026-08-05T10:30:00-04:00,2026-08-07,B6317,2026-08-07T20:30:00Z,2026-08-05T14:30:00Z,54,6h,false,2026-08-07T17:30:00Z,,0.1.0-prior-only,0.029837,0.045516,0.018808,0.932841,0.038952,0.048355,0.973405,0.029658,0.0179,0.006207,0.200000,no-alert,0.000000,0.129837,low,schedule_unverified;no_eligible_observations;prior_only,data/source_manifest.json,,,
467bdc7c52278379,2026-08-11T12:00:00Z,2026-08-05T20:30:00Z,2026-08-05T16:30:00-04:00,2026-08-07,B6317,2026-08-07T20:30:00Z,2026-08-05T20:30:00Z,48,6h,false,2026-08-07T17:30:00Z,,0.1.0-prior-only,0.030017,0.045741,0.018885,0.932812,0.038969,0.048375,0.973393,0.029837,0.0180,0.006207,0.200000,no-alert,0.000000,0.130017,low,schedule_unverified;no_eligible_observations;prior_only,data/source_manifest.json,,,
ecd9af096d32cfd2,2026-08-11T12:00:00Z,2026-08-05T22:30:00Z,2026-08-05T18:30:00-04:00,2026-08-07,B6317,2026-08-07T20:30:00Z,2026-08-05T22:30:00Z,46,2h,false,2026-08-07T17:30:00Z,,0.1.0-prior-only,0.030077,0.045817,0.018910,0.932802,0.038975,0.048382,0.973390,0.030017,0.0060,0.002069,0.200000,no-alert,0.000000,0.130077,low,schedule_unverified;no_eligible_observations;prior_only,data/source_manifest.json,,,
5c684e9685dda3a1,2026-08-11T12:00:00Z,2026-08-06T00:30:00Z,2026-08-05T20:30:00-04:00,2026-08-07,B6317,2026-08-07T20:30:00Z,2026-08-06T00:30:00Z,44,2h,false,2026-08-07T17:30:00Z,,0.1.0-prior-only,0.030138,0.045892,0.018936,0.932792,0.038980,0.048389,0.973386,0.030077,0.0060,0.002069,0.200000,no-alert,0.000000,0.130138,low,schedule_unverified;no_eligible_observations;prior_only,data/source_manifest.json,,,
a9cbf7f1ffb4a3ec,2026-08-11T12:00:00Z,2026-08-06T02:30:00Z,2026-08-05T22:30:00-04:00,2026-08-07,B6317,2026-08-07T20:30:00Z,2026-08-06T02:30:00Z,42,2h,false,2026-08-07T17:30:00Z,,0.1.0-prior-only,0.030198,0.045968,0.018961,0.932783,0.038986,0.048396,0.973382,0.030138,0.0061,0.002069,0.200000,no-alert,0.000000,0.130198,low,schedule_unverified;no_eligible_observations;prior_only,data/source_manifest.json,,,
ed41b4c92a886b5d,2026-08-11T12:00:00Z,2026-08-06T04:30:00Z,2026-08-06T00:30:00-04:00,2026-08-07,B6317,2026-08-07T20:30:00Z,2026-08-06T04:30:00Z,40,2h,false,2026-08-07T17:30:00Z,,0.1.0-prior-only,0.030259,0.046043,0.018987,0.932773,0.038992,0.048403,0.973378,0.030198,0.0061,0.002069,0.200000,no-alert,0.000000,0.130259,low,schedule_unverified;no_eligible_observations;prior_only,data/source_manifest.json,,,
ef3e553bb28b8af5,2026-08-11T12:00:00Z,2026-08-06T06:30:00Z,2026-08-06T02:30:00-04:00,2026-08-07,B6317,2026-08-07T20:30:00Z,2026-08-06T06:30:00Z,38,2h,false,2026-08-07T17:30:00Z,,0.1.0-prior-only,0.030320,0.046119,0.019013,0.932763,0.038997,0.048410,0.973374,0.030259,0.0061,0.002069,0.200000,no-alert,0.000000,0.130320,low,schedule_unverified;no_eligible_observations;prior_only,data/source_manifest.json,,,
c59b28d11081d4da,2026-08-11T12:00:00Z,2026-08-06T08:30:00Z,2026-08-06T04:30:00-04:00,2026-08-07,B6317,2026-08-07T20:30:00Z,2026-08-06T08:30:00Z,36,2h,false,2026-08-07T17:30:00Z,,0.1.0-prior-only,0.030380,0.046195,0.019039,0.932753,0.039003,0.048418,0.973370,0.030320,0.0061,0.002069,0.200000,no-alert,0.000000,0.130380,low,schedule_unverified;no_eligible_observations;prior_only,data/source_manifest.json,,,
dc4969c5dd5ee07d,2026-08-11T12:00:00Z,2026-08-06T10:30:00Z,2026-08-06T06:30:00-04:00,2026-08-07,B6317,2026-08-07T20:30:00Z,2026-08-06T10:30:00Z,34,2h,false,2026-08-07T17:30:00Z,,0.1.0-prior-only,0.030441,0.046271,0.019064,0.932744,0.039009,0.048425,0.973366,0.030380,0.0061,0.002069,0.200000,no-alert,0.000000,0.130441,low,schedule_unverified;no_eligible_observations;prior_only,data/source_manifest.json,,,
c042328ef7bd4459,2026-08-11T12:00:00Z,2026-08-06T12:30:00Z,2026-08-06T08:30:00-04:00,2026-08-07,B6317,2026-08-07T20:30:00Z,2026-08-06T12:30:00Z,32,2h,false,2026-08-07T17:30:00Z,,0.1.0-prior-only,0.030503,0.046347,0.019090,0.932734,0.039014,0.048432,0.973363,0.030441,0.0061,0.002069,0.200000,no-alert,0.000000,0.130503,low,schedule_unverified;no_eligible_observations;prior_only,data/source_manifest.json,,,
43f2b09b92a6a887,2026-08-11T12:00:00Z,2026-08-06T14:30:00Z,2026-08-06T10:30:00-04:00,2026-08-07,B6317,2026-08-07T20:30:00Z,2026-08-06T14:30:00Z,30,2h,false,2026-08-07T17:30:00Z,,0.1.0-prior-only,0.030564,0.046424,0.019116,0.932724,0.039020,0.048439,0.973359,0.030503,0.0061,0.002069,0.200000,no-alert,0.000000,0.130564,low,schedule_unverified;no_eligible_observations;prior_only,data/source_manifest.json,,,
7c7865161d073950,2026-08-11T12:00:00Z,2026-08-06T16:30:00Z,2026-08-06T12:30:00-04:00,2026-08-07,B6317,2026-08-07T20:30:00Z,2026-08-06T16:30:00Z,28,2h,false,2026-08-07T17:30:00Z,,0.1.0-prior-only,0.030625,0.046500,0.019142,0.932714,0.039026,0.048446,0.973355,0.030564,0.0061,0.002069,0.200000,no-alert,0.000000,0.130625,low,schedule_unverified;no_eligible_observations;prior_only,data/source_manifest.json,,,
409cf95b9eaf5668,2026-08-11T12:00:00Z,2026-08-06T18:30:00Z,2026-08-06T14:30:00-04:00,2026-08-07,B6317,2026-08-07T20:30:00Z,2026-08-06T18:30:00Z,26,2h,false,2026-08-07T17:30:00Z,,0.1.0-prior-only,0.030687,0.046576,0.019168,0.932704,0.039032,0.048453,0.973351,0.030625,0.0061,0.002069,0.200000,no-alert,0.000000,0.130687,low,schedule_unverified;no_eligible_observations;prior_only,data/source_manifest.json,,,
c357e92a5ea51ebf,2026-08-11T12:00:00Z,2026-08-06T20:30:00Z,2026-08-06T16:30:00-04:00,2026-08-07,B6317,2026-08-07T20:30:00Z,2026-08-06T20:30:00Z,24,2h,false,2026-08-07T17:30:00Z,,0.1.0-prior-only,0.030748,0.046653,0.019194,0.932694,0.039037,0.048460,0.973347,0.030687,0.0062,0.002069,0.200000,no-alert,0.000000,0.130748,low,schedule_unverified;no_eligible_observations;prior_only,data/source_manifest.json,,,
f4d059fdd487d8d3,2026-08-11T12:00:00Z,2026-08-06T22:30:00Z,2026-08-06T18:30:00-04:00,2026-08-07,B6317,2026-08-07T20:30:00Z,2026-08-06T22:30:00Z,22,2h,false,2026-08-07T17:30:00Z,,0.1.0-prior-only,0.030810,0.046730,0.019220,0.932684,0.039043,0.048467,0.973343,0.030748,0.0062,0.002069,0.200000,no-alert,0.000000,0.130810,low,schedule_unverified;no_eligible_observations;prior_only,data/source_manifest.json,,,
2662239750a5c02e,2026-08-11T12:00:00Z,2026-08-07T00:30:00Z,2026-08-06T20:30:00-04:00,2026-08-07,B6317,2026-08-07T20:30:00Z,2026-08-07T00:30:00Z,20,2h,false,2026-08-07T17:30:00Z,,0.1.0-prior-only,0.030872,0.046807,0.019246,0.932675,0.039049,0.048474,0.973339,0.030810,0.0062,0.002069,0.200000,no-alert,0.000000,0.130872,low,schedule_unverified;no_eligible_observations;prior_only,data/source_manifest.json,,,
c51c5c535267cbea,2026-08-11T12:00:00Z,2026-08-07T02:30:00Z,2026-08-06T22:30:00-04:00,2026-08-07,B6317,2026-08-07T20:30:00Z,2026-08-07T02:30:00Z,18,2h,false,2026-08-07T17:30:00Z,,0.1.0-prior-only,0.030934,0.046884,0.019272,0.932665,0.039055,0.048481,0.973335,0.030872,0.0062,0.002069,0.200000,no-alert,0.000000,0.130934,low,schedule_unverified;no_eligible_observations;prior_only,data/source_manifest.json,,,
5ddb9272076f4d40,2026-08-11T12:00:00Z,2026-08-07T04:30:00Z,2026-08-07T00:30:00-04:00,2026-08-07,B6317,2026-08-07T20:30:00Z,2026-08-07T04:30:00Z,16,2h,false,2026-08-07T17:30:00Z,,0.1.0-prior-only,0.030996,0.046961,0.019298,0.932655,0.039060,0.048489,0.973331,0.030934,0.0062,0.002069,0.200000,no-alert,0.000000,0.130996,low,schedule_unverified;no_eligible_observations;prior_only,data/source_manifest.json,,,
f69a1acb2bd0bfcb,2026-08-11T12:00:00Z,2026-08-07T06:30:00Z,2026-08-07T02:30:00-04:00,2026-08-07,B6317,2026-08-07T20:30:00Z,2026-08-07T06:30:00Z,14,2h,false,2026-08-07T17:30:00Z,,0.1.0-prior-only,0.031058,0.047038,0.019324,0.932645,0.039066,0.048496,0.973327,0.030996,0.0062,0.002069,0.200000,no-alert,0.000000,0.131058,low,schedule_unverified;no_eligible_observations;prior_only,data/source_manifest.json,,,
82325b3237c91019,2026-08-11T12:00:00Z,2026-08-07T08:30:00Z,2026-08-07T04:30:00-04:00,2026-08-07,B6317,2026-08-07T20:30:00Z,2026-08-07T08:30:00Z,12,2h,false,2026-08-07T17:30:00Z,,0.1.0-prior-only,0.031120,0.047115,0.019350,0.932635,0.039072,0.048503,0.973323,0.031058,0.0062,0.002069,0.200000,no-alert,0.000000,0.131120,low,schedule_unverified;no_eligible_observations;prior_only,data/source_manifest.json,,,
c943a017706e209c,2026-08-11T12:00:00Z,2026-08-07T10:30:00Z,2026-08-07T06:30:00-04:00,2026-08-07,B6317,2026-08-07T20:30:00Z,2026-08-07T10:30:00Z,10,2h,false,2026-08-07T17:30:00Z,,0.1.0-prior-only,0.031183,0.047193,0.019376,0.932625,0.039078,0.048510,0.973319,0.031120,0.0062,0.002069,0.200000,no-alert,0.000000,0.131183,low,schedule_unverified;no_eligible_observations;prior_only,data/source_manifest.json,,,
a283a5b59f9169c8,2026-08-11T12:00:00Z,2026-08-07T12:30:00Z,2026-08-07T08:30:00-04:00,2026-08-07,B6317,2026-08-07T20:30:00Z,2026-08-07T12:30:00Z,8,2h,false,2026-08-07T17:30:00Z,,0.1.0-prior-only,0.031245,0.047270,0.019403,0.932615,0.039083,0.048517,0.973315,0.031183,0.0063,0.002069,0.200000,no-alert,0.000000,0.131245,low,schedule_unverified;no_eligible_observations;prior_only,data/source_manifest.json,,,
83c62b4cf5e79ec5,2026-08-11T12:00:00Z,2026-08-07T14:30:00Z,2026-08-07T10:30:00-04:00,2026-08-07,B6317,2026-08-07T20:30:00Z,2026-08-07T14:30:00Z,6,2h,false,2026-08-07T17:30:00Z,,0.1.0-prior-only,0.031308,0.047348,0.019429,0.932605,0.039089,0.048525,0.973311,0.031245,0.0063,0.002069,0.200000,no-alert,0.000000,0.131308,low,schedule_unverified;no_eligible_observations;prior_only,data/source_manifest.json,,,
b2f20d120937a098,2026-08-11T12:00:00Z,2026-08-07T16:30:00Z,2026-08-07T12:30:00-04:00,2026-08-07,B6317,2026-08-07T20:30:00Z,2026-08-07T16:30:00Z,4,2h,true,2026-08-07T17:30:00Z,,0.1.0-prior-only,0.031371,0.047426,0.019455,0.932595,0.039095,0.048532,0.973307,0.031308,0.0063,0.002069,0.200000,no-alert,0.000000,0.131371,low,schedule_unverified;no_eligible_observations;prior_only,data/source_manifest.json,,,
e6883cdef010cb63,2026-08-11T12:00:00Z,2026-08-03T02:15:00Z,2026-08-02T22:15:00-04:00,2026-08-07,SQ23,2026-08-08T02:15:00Z,2026-08-03T02:15:00Z,120,6h,false,2026-08-07T23:15:00Z,,0.1.0-prior-only,0.027923,0.043107,0.017986,0.933149,0.038774,0.048133,0.973527,,,,0.200000,no-alert,0.000000,0.117986,low,schedule_unverified;no_eligible_observations;prior_only,data/source_manifest.json,,,
36021c8c6fcd936c,2026-08-11T12:00:00Z,2026-08-03T08:15:00Z,2026-08-03T04:15:00-04:00,2026-08-07,SQ23,2026-08-08T02:15:00Z,2026-08-03T08:15:00Z,114,6h,false,2026-08-07T23:15:00Z,,0.1.0-prior-only,0.028092,0.043321,0.018059,0.933122,0.038789,0.048152,0.973516,0.017986,0.0073,0.004138,0.200000,no-alert,0.000000,0.118059,low,schedule_unverified;no_eligible_observations;prior_only,data/source_manifest.json,,,
ffd6b0537f6ecb2c,2026-08-11T12:00:00Z,2026-08-03T14:15:00Z,2026-08-03T10:15:00-04:00,2026-08-07,SQ23,2026-08-08T02:15:00Z,2026-08-03T14:15:00Z,108,6h,false,2026-08-07T23:15:00Z,,0.1.0-prior-only,0.028262,0.043536,0.018133,0.933094,0.038805,0.048172,0.973505,0.018059,0.0074,0.004138,0.200000,no-alert,0.000000,0.118133,low,schedule_unverified;no_eligible_observations;prior_only,data/source_manifest.json,,,
624b84020d115314,2026-08-11T12:00:00Z,2026-08-03T20:15:00Z,2026-08-03T16:15:00-04:00,2026-08-07,SQ23,2026-08-08T02:15:00Z,2026-08-03T20:15:00Z,102,6h,false,2026-08-07T23:15:00Z,,0.1.0-prior-only,0.028432,0.043752,0.018207,0.933067,0.038821,0.048192,0.973494,0.018133,0.0074,0.004138,0.200000,no-alert,0.000000,0.118207,low,schedule_unverified;no_eligible_observations;prior_only,data/source_manifest.json,,,
844f64e1982585bb,2026-08-11T12:00:00Z,2026-08-04T02:15:00Z,2026-08-03T22:15:00-04:00,2026-08-07,SQ23,2026-08-08T02:15:00Z,2026-08-04T02:15:00Z,96,6h,false,2026-08-07T23:15:00Z,,0.1.0-prior-only,0.028604,0.043969,0.018281,0.933039,0.038837,0.048212,0.973483,0.018207,0.0074,0.004138,0.200000,no-alert,0.000000,0.118281,low,schedule_unverified;no_eligible_observations;prior_only,data/source_manifest.json,,,
4d9695fb9c06bbaf,2026-08-11T12:00:00Z,2026-08-04T08:15:00Z,2026-08-04T04:15:00-04:00,2026-08-07,SQ23,2026-08-08T02:15:00Z,2026-08-04T08:15:00Z,90,6h,false,2026-08-07T23:15:00Z,,0.1.0-prior-only,0.028777,0.044187,0.018355,0.933011,0.038853,0.048232,0.973472,0.018281,0.0074,0.004138,0.200000,no-alert,0.000000,0.118355,low,schedule_unverified;no_eligible_observations;prior_only,data/source_manifest.json,,,
d7419bf950bafe5e,2026-08-11T12:00:00Z,2026-08-04T14:15:00Z,2026-08-04T10:15:00-04:00,2026-08-07,SQ23,2026-08-08T02:15:00Z,2026-08-04T14:15:00Z,84,6h,false,2026-08-07T23:15:00Z,,0.1.0-prior-only,0.028951,0.044406,0.018430,0.932983,0.038870,0.048252,0.973461,0.018355,0.0075,0.004138,0.200000,no-alert,0.000000,0.118430,low,schedule_unverified;no_eligible_observations;prior_only,data/source_manifest.json,,,
eddf0955588bf127,2026-08-11T12:00:00Z,2026-08-04T20:15:00Z,2026-08-04T16:15:00-04:00,2026-08-07,SQ23,2026-08-08T02:15:00Z,2026-08-04T20:15:00Z,78,6h,false,2026-08-07T23:15:00Z,,0.1.0-prior-only,0.029126,0.044626,0.018505,0.932955,0.038886,0.048272,0.973450,0.018430,0.0075,0.004138,0.200000,no-alert,0.000000,0.118505,low,schedule_unverified;no_eligible_observations;prior_only,data/source_manifest.json,,,
1a429dd698b97d69,2026-08-11T12:00:00Z,2026-08-05T02:15:00Z,2026-08-04T22:15:00-04:00,2026-08-07,SQ23,2026-08-08T02:15:00Z,2026-08-05T02:15:00Z,72,6h,false,2026-08-07T23:15:00Z,,0.1.0-prior-only,0.029302,0.044847,0.018580,0.932927,0.038902,0.048293,0.973439,0.018505,0.0075,0.004138,0.200000,no-alert,0.000000,0.118580,low,schedule_unverified;no_eligible_observations;prior_only,data/source_manifest.json,,,
75194c1193c9c808,2026-08-11T12:00:00Z,2026-08-05T08:15:00Z,2026-08-05T04:15:00-04:00,2026-08-07,SQ23,2026-08-08T02:15:00Z,2026-08-05T08:15:00Z,66,6h,false,2026-08-07T23:15:00Z,,0.1.0-prior-only,0.029479,0.045069,0.018656,0.932898,0.038919,0.048313,0.973428,0.018580,0.0076,0.004138,0.200000,no-alert,0.000000,0.118656,low,schedule_unverified;no_eligible_observations;prior_only,data/source_manifest.json,,,
56990585fce51b4b,2026-08-11T12:00:00Z,2026-08-05T14:15:00Z,2026-08-05T10:15:00-04:00,2026-08-07,SQ23,2026-08-08T02:15:00Z,2026-08-05T14:15:00Z,60,6h,false,2026-08-07T23:15:00Z,,0.1.0-prior-only,0.029658,0.045292,0.018732,0.932870,0.038936,0.048334,0.973416,0.018656,0.0076,0.004138,0.200000,no-alert,0.000000,0.118732,low,schedule_unverified;no_eligible_observations;prior_only,data/source_manifest.json,,,
f89bb4b5e8be611d,2026-08-11T12:00:00Z,2026-08-05T20:15:00Z,2026-08-05T16:15:00-04:00,2026-08-07,SQ23,2026-08-08T02:15:00Z,2026-08-05T20:15:00Z,54,6h,false,2026-08-07T23:15:00Z,,0.1.0-prior-only,0.029837,0.045516,0.018808,0.932841,0.038952,0.048355,0.973405,0.018732,0.0076,0.004138,0.200000,no-alert,0.000000,0.118808,low,schedule_unverified;no_eligible_observations;prior_only,data/source_manifest.json,,,
9c9d8c1ae8d16945,2026-08-11T12:00:00Z,2026-08-06T02:15:00Z,2026-08-05T22:15:00-04:00,2026-08-07,SQ23,2026-08-08T02:15:00Z,2026-08-06T02:15:00Z,48,6h,false,2026-08-07T23:15:00Z,,0.1.0-prior-only,0.030017,0.045741,0.018885,0.932812,0.038969,0.048375,0.973393,0.018808,0.0077,0.004138,0.200000,no-alert,0.000000,0.118885,low,schedule_unverified;no_eligible_observations;prior_only,data/source_manifest.json,,,
e2636060db59b406,2026-08-11T12:00:00Z,2026-08-06T04:15:00Z,2026-08-06T00:15:00-04:00,2026-08-07,SQ23,2026-08-08T02:15:00Z,2026-08-06T04:15:00Z,46,2h,false,2026-08-07T23:15:00Z,,0.1.0-prior-only,0.030077,0.045817,0.018910,0.932802,0.038975,0.048382,0.973390,0.018885,0.0026,0.001379,0.200000,no-alert,0.000000,0.118910,low,schedule_unverified;no_eligible_observations;prior_only,data/source_manifest.json,,,
0434cfad4fb00f15,2026-08-11T12:00:00Z,2026-08-06T06:15:00Z,2026-08-06T02:15:00-04:00,2026-08-07,SQ23,2026-08-08T02:15:00Z,2026-08-06T06:15:00Z,44,2h,false,2026-08-07T23:15:00Z,,0.1.0-prior-only,0.030138,0.045892,0.018936,0.932792,0.038980,0.048389,0.973386,0.018910,0.0026,0.001379,0.200000,no-alert,0.000000,0.118936,low,schedule_unverified;no_eligible_observations;prior_only,data/source_manifest.json,,,
b9bdffee79f7cedb,2026-08-11T12:00:00Z,2026-08-06T08:15:00Z,2026-08-06T04:15:00-04:00,2026-08-07,SQ23,2026-08-08T02:15:00Z,2026-08-06T08:15:00Z,42,2h,false,2026-08-07T23:15:00Z,,0.1.0-prior-only,0.030198,0.045968,0.018961,0.932783,0.038986,0.048396,0.973382,0.018936,0.0026,0.001379,0.200000,no-alert,0.000000,0.118961,low,schedule_unverified;no_eligible_observations;prior_only,data/source_manifest.json,,,
1c32aad7406afe59,2026-08-11T12:00:00Z,2026-08-06T10:15:00Z,2026-08-06T06:15:00-04:00,2026-08-07,SQ23,2026-08-08T02:15:00Z,2026-08-06T10:15:00Z,40,2h,false,2026-08-07T23:15:00Z,,0.1.0-prior-only,0.030259,0.046043,0.018987,0.932773,0.038992,0.048403,0.973378,0.018961,0.0026,0.001379,0.200000,no-alert,0.000000,0.118987,low,schedule_unverified;no_eligible_observations;prior_only,data/source_manifest.json,,,
05ed5c9c1ebf2d63,2026-08-11T12:00:00Z,2026-08-06T12:15:00Z,2026-08-06T08:15:00-04:00,2026-08-07,SQ23,2026-08-08T02:15:00Z,2026-08-06T12:15:00Z,38,2h,false,2026-08-07T23:15:00Z,,0.1.0-prior-only,0.030320,0.046119,0.019013,0.932763,0.038997,0.048410,0.973374,0.018987,0.0026,0.001379,0.200000,no-alert,0.000000,0.119013,low,schedule_unverified;no_eligible_observations;prior_only,data/source_manifest.json,,,
fcf7098bc509abf6,2026-08-11T12:00:00Z,2026-08-06T14:15:00Z,2026-08-06T10:15:00-04:00,2026-08-07,SQ23,2026-08-08T02:15:00Z,2026-08-06T14:15:00Z,36,2h,false,2026-08-07T23:15:00Z,,0.1.0-prior-only,0.030380,0.046195,0.019039,0.932753,0.039003,0.048418,0.973370,0.019013,0.0026,0.001379,0.200000,no-alert,0.000000,0.119039,low,schedule_unverified;no_eligible_observations;prior_only,data/source_manifest.json,,,
c84279ccf629a85b,2026-08-11T12:00:00Z,2026-08-06T16:15:00Z,2026-08-06T12:15:00-04:00,2026-08-07,SQ23,2026-08-08T02:15:00Z,2026-08-06T16:15:00Z,34,2h,false,2026-08-07T23:15:00Z,,0.1.0-prior-only,0.030441,0.046271,0.019064,0.932744,0.039009,0.048425,0.973366,0.019039,0.0026,0.001379,0.200000,no-alert,0.000000,0.119064,low,schedule_unverified;no_eligible_observations;prior_only,data/source_manifest.json,,,
a8d971bab69195cd,2026-08-11T12:00:00Z,2026-08-06T18:15:00Z,2026-08-06T14:15:00-04:00,2026-08-07,SQ23,2026-08-08T02:15:00Z,2026-08-06T18:15:00Z,32,2h,false,2026-08-07T23:15:00Z,,0.1.0-prior-only,0.030503,0.046347,0.019090,0.932734,0.039014,0.048432,0.973363,0.019064,0.0026,0.001379,0.200000,no-alert,0.000000,0.119090,low,schedule_unverified;no_eligible_observations;prior_only,data/source_manifest.json,,,
1d6a06ef170b1290,2026-08-11T12:00:00Z,2026-08-06T20:15:00Z,2026-08-06T16:15:00-04:00,2026-08-07,SQ23,2026-08-08T02:15:00Z,2026-08-06T20:15:00Z,30,2h,false,2026-08-07T23:15:00Z,,0.1.0-prior-only,0.030564,0.046424,0.019116,0.932724,0.039020,0.048439,0.973359,0.019090,0.0026,0.001379,0.200000,no-alert,0.000000,0.119116,low,schedule_unverified;no_eligible_observations;prior_only,data/source_manifest.json,,,
4387eeaa261f8d3c,2026-08-11T12:00:00Z,2026-08-06T22:15:00Z,2026-08-06T18:15:00-04:00,2026-08-07,SQ23,2026-08-08T02:15:00Z,2026-08-06T22:15:00Z,28,2h,false,2026-08-07T23:15:00Z,,0.1.0-prior-only,0.030625,0.046500,0.019142,0.932714,0.039026,0.048446,0.973355,0.019116,0.0026,0.001379,0.200000,no-alert,0.000000,0.119142,low,schedule_unverified;no_eligible_observations;prior_only,data/source_manifest.json,,,
01786e24e1973097,2026-08-11T12:00:00Z,2026-08-07T00:15:00Z,2026-08-06T20:15:00-04:00,2026-08-07,SQ23,2026-08-08T02:15:00Z,2026-08-07T00:15:00Z,26,2h,false,2026-08-07T23:15:00Z,,0.1.0-prior-only,0.030687,0.046576,0.019168,0.932704,0.039032,0.048453,0.973351,0.019142,0.0026,0.001379,0.200000,no-alert,0.000000,0.119168,low,schedule_unverified;no_eligible_observations;prior_only,data/source_manifest.json,,,
0a7b17b0f8d620d5,2026-08-11T12:00:00Z,2026-08-07T02:15:00Z,2026-08-06T22:15:00-04:00,2026-08-07,SQ23,2026-08-08T02:15:00Z,2026-08-07T02:15:00Z,24,2h,false,2026-08-07T23:15:00Z,,0.1.0-prior-only,0.030748,0.046653,0.019194,0.932694,0.039037,0.048460,0.973347,0.019168,0.0026,0.001379,0.200000,no-alert,0.000000,0.119194,low,schedule_unverified;no_eligible_observations;prior_only,data/source_manifest.json,,,
fb5d30be23cd4e8e,2026-08-11T12:00:00Z,2026-08-07T04:15:00Z,2026-08-07T00:15:00-04:00,2026-08-07,SQ23,2026-08-08T02:15:00Z,2026-08-07T04:15:00Z,22,2h,false,2026-08-07T23:15:00Z,,0.1.0-prior-only,0.030810,0.046730,0.019220,0.932684,0.039043,0.048467,0.973343,0.019194,0.0026,0.001379,0.200000,no-alert,0.000000,0.119220,low,schedule_unverified;no_eligible_observations;prior_only,data/source_manifest.json,,,
27a2d7f85411aee1,2026-08-11T12:00:00Z,2026-08-07T06:15:00Z,2026-08-07T02:15:00-04:00,2026-08-07,SQ23,2026-08-08T02:15:00Z,2026-08-07T06:15:00Z,20,2h,false,2026-08-07T23:15:00Z,,0.1.0-prior-only,0.030872,0.046807,0.019246,0.932675,0.039049,0.048474,0.973339,0.019220,0.0026,0.001379,0.200000,no-alert,0.000000,0.119246,low,schedule_unverified;no_eligible_observations;prior_only,data/source_manifest.json,,,
b0dc87980820e9ad,2026-08-11T12:00:00Z,2026-08-07T08:15:00Z,2026-08-07T04:15:00-04:00,2026-08-07,SQ23,2026-08-08T02:15:00Z,2026-08-07T08:15:00Z,18,2h,false,2026-08-07T23:15:00Z,,0.1.0-prior-only,0.030934,0.046884,0.019272,0.932665,0.039055,0.048481,0.973335,0.019246,0.0026,0.001379,0.200000,no-alert,0.000000,0.119272,low,schedule_unverified;no_eligible_observations;prior_only,data/source_manifest.json,,,
7861c8d6e627e75a,2026-08-11T12:00:00Z,2026-08-07T10:15:00Z,2026-08-07T06:15:00-04:00,2026-08-07,SQ23,2026-08-08T02:15:00Z,2026-08-07T10:15:00Z,16,2h,false,2026-08-07T23:15:00Z,,0.1.0-prior-only,0.030996,0.046961,0.019298,0.932655,0.039060,0.048489,0.973331,0.019272,0.0026,0.001379,0.200000,no-alert,0.000000,0.119298,low,schedule_unverified;no_eligible_observations;prior_only,data/source_manifest.json,,,
7776496ac8853fb0,2026-08-11T12:00:00Z,2026-08-07T12:15:00Z,2026-08-07T08:15:00-04:00,2026-08-07,SQ23,2026-08-08T02:15:00Z,2026-08-07T12:15:00Z,14,2h,false,2026-08-07T23:15:00Z,,0.1.0-prior-only,0.031058,0.047038,0.019324,0.932645,0.039066,0.048496,0.973327,0.019298,0.0026,0.001379,0.200000,no-alert,0.000000,0.119324,low,schedule_unverified;no_eligible_observations;prior_only,data/source_manifest.json,,,
a4fce67bcaeda5b9,2026-08-11T12:00:00Z,2026-08-07T14:15:00Z,2026-08-07T10:15:00-04:00,2026-08-07,SQ23,2026-08-08T02:15:00Z,2026-08-07T14:15:00Z,12,2h,false,2026-08-07T23:15:00Z,,0.1.0-prior-only,0.031120,0.047115,0.019350,0.932635,0.039072,0.048503,0.973323,0.019324,0.0026,0.001379,0.200000,no-alert,0.000000,0.119350,low,schedule_unverified;no_eligible_observations;prior_only,data/source_manifest.json,,,
3dcdf8e2738977ca,2026-08-11T12:00:00Z,2026-08-07T16:15:00Z,2026-08-07T12:15:00-04:00,2026-08-07,SQ23,2026-08-08T02:15:00Z,2026-08-07T16:15:00Z,10,2h,false,2026-08-07T23:15:00Z,,0.1.0-prior-only,0.031183,0.047193,0.019376,0.932625,0.039078,0.048510,0.973319,0.019350,0.0026,0.001379,0.200000,no-alert,0.000000,0.119376,low,schedule_unverified;no_eligible_observations;prior_only,data/source_manifest.json,,,
2c93ae8111c32b1c,2026-08-11T12:00:00Z,2026-08-07T18:15:00Z,2026-08-07T14:15:00-04:00,2026-08-07,SQ23,2026-08-08T02:15:00Z,2026-08-07T18:15:00Z,8,2h,false,2026-08-07T23:15:00Z,,0.1.0-prior-only,0.031245,0.047270,0.019403,0.932615,0.039083,0.048517,0.973315,0.019376,0.0026,0.001379,0.200000,no-alert,0.000000,0.119403,low,schedule_unverified;no_eligible_observations;prior_only,data/source_manifest.json,,,
a7bb65ec9436cb16,2026-08-11T12:00:00Z,2026-08-07T20:15:00Z,2026-08-07T16:15:00-04:00,2026-08-07,SQ23,2026-08-08T02:15:00Z,2026-08-07T20:15:00Z,6,2h,false,2026-08-07T23:15:00Z,,0.1.0-prior-only,0.031308,0.047348,0.019429,0.932605,0.039089,0.048525,0.973311,0.019403,0.0026,0.001379,0.200000,no-alert,0.000000,0.119429,low,schedule_unverified;no_eligible_observations;prior_only,data/source_manifest.json,,,
399a0476ff46a30d,2026-08-11T12:00:00Z,2026-08-07T22:15:00Z,2026-08-07T18:15:00-04:00,2026-08-07,SQ23,2026-08-08T02:15:00Z,2026-08-07T22:15:00Z,4,2h,true,2026-08-07T23:15:00Z,,0.1.0-prior-only,0.031371,0.047426,0.019455,0.932595,0.039095,0.048532,0.973307,0.019429,0.0026,0.001379,0.200000,no-alert,0.000000,0.119455,low,schedule_unverified;no_eligible_observations;prior_only,data/source_manifest.json,,,
5938eb97e86c75ba,2026-08-11T12:00:00Z,2026-08-02T20:30:00Z,2026-08-02T16:30:00-04:00,2026-08-07,PAIR,2026-08-07T20:30:00Z,2026-08-02T20:30:00Z,120,6h,false,2026-08-07T17:30:00Z,,0.1.0-prior-only,0.027923,0.043107,0.017986,0.933149,0.038774,0.048133,0.973527,,,,0.200000,no-alert,0.000000,0.166851,low,schedule_unverified;no_eligible_observations;prior_only,data/source_manifest.json,,,
d4e66e38fdd79366,2026-08-11T12:00:00Z,2026-08-03T02:30:00Z,2026-08-02T22:30:00-04:00,2026-08-07,PAIR,2026-08-07T20:30:00Z,2026-08-03T02:30:00Z,114,6h,false,2026-08-07T17:30:00Z,,0.1.0-prior-only,0.028092,0.043321,0.018059,0.933122,0.038789,0.048152,0.973516,0.066851,0.0027,0.000437,0.200000,no-alert,0.000000,0.166878,low,schedule_unverified;no_eligible_observations;prior_only,data/source_manifest.json,,,
354b8aa856383ea5,2026-08-11T12:00:00Z,2026-08-03T08:30:00Z,2026-08-03T04:30:00-04:00,2026-08-07,PAIR,2026-08-07T20:30:00Z,2026-08-03T08:30:00Z,108,6h,false,2026-08-07T17:30:00Z,,0.1.0-prior-only,0.028262,0.043536,0.018133,0.933094,0.038805,0.048172,0.973505,0.066878,0.0027,0.000439,0.200000,no-alert,0.000000,0.166906,low,schedule_unverified;no_eligible_observations;prior_only,data/source_manifest.json,,,
5fecd69b494690dc,2026-08-11T12:00:00Z,2026-08-03T14:30:00Z,2026-08-03T10:30:00-04:00,2026-08-07,PAIR,2026-08-07T20:30:00Z,2026-08-03T14:30:00Z,102,6h,false,2026-08-07T17:30:00Z,,0.1.0-prior-only,0.028432,0.043752,0.018207,0.933067,0.038821,0.048192,0.973494,0.066906,0.0028,0.000441,0.200000,no-alert,0.000000,0.166933,low,schedule_unverified;no_eligible_observations;prior_only,data/source_manifest.json,,,
cce08d87abc7c92f,2026-08-11T12:00:00Z,2026-08-03T20:30:00Z,2026-08-03T16:30:00-04:00,2026-08-07,PAIR,2026-08-07T20:30:00Z,2026-08-03T20:30:00Z,96,6h,false,2026-08-07T17:30:00Z,,0.1.0-prior-only,0.028604,0.043969,0.018281,0.933039,0.038837,0.048212,0.973483,0.066933,0.0028,0.000444,0.200000,no-alert,0.000000,0.166961,low,schedule_unverified;no_eligible_observations;prior_only,data/source_manifest.json,,,
3249a97a423c4129,2026-08-11T12:00:00Z,2026-08-04T02:30:00Z,2026-08-03T22:30:00-04:00,2026-08-07,PAIR,2026-08-07T20:30:00Z,2026-08-04T02:30:00Z,90,6h,false,2026-08-07T17:30:00Z,,0.1.0-prior-only,0.028777,0.044187,0.018355,0.933011,0.038853,0.048232,0.973472,0.066961,0.0028,0.000446,0.200000,no-alert,0.000000,0.166989,low,schedule_unverified;no_eligible_observations;prior_only,data/source_manifest.json,,,
7f63420a6f55e613,2026-08-11T12:00:00Z,2026-08-04T08:30:00Z,2026-08-04T04:30:00-04:00,2026-08-07,PAIR,2026-08-07T20:30:00Z,2026-08-04T08:30:00Z,84,6h,false,2026-08-07T17:30:00Z,,0.1.0-prior-only,0.028951,0.044406,0.018430,0.932983,0.038870,0.048252,0.973461,0.066989,0.0028,0.000448,0.200000,no-alert,0.000000,0.167017,low,schedule_unverified;no_eligible_observations;prior_only,data/source_manifest.json,,,
dc522b0603e751e3,2026-08-11T12:00:00Z,2026-08-04T14:30:00Z,2026-08-04T10:30:00-04:00,2026-08-07,PAIR,2026-08-07T20:30:00Z,2026-08-04T14:30:00Z,78,6h,false,2026-08-07T17:30:00Z,,0.1.0-prior-only,0.029126,0.044626,0.018505,0.932955,0.038886,0.048272,0.973450,0.067017,0.0028,0.000451,0.200000,no-alert,0.000000,0.167045,low,schedule_unverified;no_eligible_observations;prior_only,data/source_manifest.json,,,
facba79668b1ef71,2026-08-11T12:00:00Z,2026-08-04T20:30:00Z,2026-08-04T16:30:00-04:00,2026-08-07,PAIR,2026-08-07T20:30:00Z,2026-08-04T20:30:00Z,72,6h,false,2026-08-07T17:30:00Z,,0.1.0-prior-only,0.029302,0.044847,0.018580,0.932927,0.038902,0.048293,0.973439,0.067045,0.0028,0.000453,0.200000,no-alert,0.000000,0.167073,low,schedule_unverified;no_eligible_observations;prior_only,data/source_manifest.json,,,
c10f7e8dbc7733ce,2026-08-11T12:00:00Z,2026-08-05T02:30:00Z,2026-08-04T22:30:00-04:00,2026-08-07,PAIR,2026-08-07T20:30:00Z,2026-08-05T02:30:00Z,66,6h,false,2026-08-07T17:30:00Z,,0.1.0-prior-only,0.029479,0.045069,0.018656,0.932898,0.038919,0.048313,0.973428,0.067073,0.0028,0.000455,0.200000,no-alert,0.000000,0.167102,low,schedule_unverified;no_eligible_observations;prior_only,data/source_manifest.json,,,
f8f285b8f0b3d4a5,2026-08-11T12:00:00Z,2026-08-05T08:30:00Z,2026-08-05T04:30:00-04:00,2026-08-07,PAIR,2026-08-07T20:30:00Z,2026-08-05T08:30:00Z,60,6h,false,2026-08-07T17:30:00Z,,0.1.0-prior-only,0.029658,0.045292,0.018732,0.932870,0.038936,0.048334,0.973416,0.067102,0.0029,0.000457,0.200000,no-alert,0.000000,0.167130,low,schedule_unverified;no_eligible_observations;prior_only,data/source_manifest.json,,,
502d14766b56c7d6,2026-08-11T12:00:00Z,2026-08-05T14:30:00Z,2026-08-05T10:30:00-04:00,2026-08-07,PAIR,2026-08-07T20:30:00Z,2026-08-05T14:30:00Z,54,6h,false,2026-08-07T17:30:00Z,,0.1.0-prior-only,0.029837,0.045516,0.018808,0.932841,0.038952,0.048355,0.973405,0.067130,0.0029,0.000460,0.200000,no-alert,0.000000,0.167159,low,schedule_unverified;no_eligible_observations;prior_only,data/source_manifest.json,,,
3e6e1d1251349f11,2026-08-11T12:00:00Z,2026-08-05T20:30:00Z,2026-08-05T16:30:00-04:00,2026-08-07,PAIR,2026-08-07T20:30:00Z,2026-08-05T20:30:00Z,48,6h,false,2026-08-07T17:30:00Z,,0.1.0-prior-only,0.030017,0.045741,0.018885,0.932812,0.038969,0.048375,0.973393,0.067159,0.0029,0.000462,0.200000,no-alert,0.000000,0.167188,low,schedule_unverified;no_eligible_observations;prior_only,data/source_manifest.json,,,
d98a78c03ae66ffc,2026-08-11T12:00:00Z,2026-08-05T22:30:00Z,2026-08-05T18:30:00-04:00,2026-08-07,PAIR,2026-08-07T20:30:00Z,2026-08-05T22:30:00Z,46,2h,false,2026-08-07T17:30:00Z,,0.1.0-prior-only,0.030077,0.045817,0.018910,0.932802,0.038975,0.048382,0.973390,0.067188,0.0010,0.000155,0.200000,no-alert,0.000000,0.167198,low,schedule_unverified;no_eligible_observations;prior_only,data/source_manifest.json,,,
95e8b349b0a3bf58,2026-08-11T12:00:00Z,2026-08-06T00:30:00Z,2026-08-05T20:30:00-04:00,2026-08-07,PAIR,2026-08-07T20:30:00Z,2026-08-06T00:30:00Z,44,2h,false,2026-08-07T17:30:00Z,,0.1.0-prior-only,0.030138,0.045892,0.018936,0.932792,0.038980,0.048389,0.973386,0.067198,0.0010,0.000155,0.200000,no-alert,0.000000,0.167208,low,schedule_unverified;no_eligible_observations;prior_only,data/source_manifest.json,,,
b5ff8943a585b220,2026-08-11T12:00:00Z,2026-08-06T02:30:00Z,2026-08-05T22:30:00-04:00,2026-08-07,PAIR,2026-08-07T20:30:00Z,2026-08-06T02:30:00Z,42,2h,false,2026-08-07T17:30:00Z,,0.1.0-prior-only,0.030198,0.045968,0.018961,0.932783,0.038986,0.048396,0.973382,0.067208,0.0010,0.000155,0.200000,no-alert,0.000000,0.167217,low,schedule_unverified;no_eligible_observations;prior_only,data/source_manifest.json,,,
46cb171549009359,2026-08-11T12:00:00Z,2026-08-06T04:30:00Z,2026-08-06T00:30:00-04:00,2026-08-07,PAIR,2026-08-07T20:30:00Z,2026-08-06T04:30:00Z,40,2h,false,2026-08-07T17:30:00Z,,0.1.0-prior-only,0.030259,0.046043,0.018987,0.932773,0.038992,0.048403,0.973378,0.067217,0.0010,0.000155,0.200000,no-alert,0.000000,0.167227,low,schedule_unverified;no_eligible_observations;prior_only,data/source_manifest.json,,,
29b4aabf0d21b308,2026-08-11T12:00:00Z,2026-08-06T06:30:00Z,2026-08-06T02:30:00-04:00,2026-08-07,PAIR,2026-08-07T20:30:00Z,2026-08-06T06:30:00Z,38,2h,false,2026-08-07T17:30:00Z,,0.1.0-prior-only,0.030320,0.046119,0.019013,0.932763,0.038997,0.048410,0.973374,0.067227,0.0010,0.000156,0.200000,no-alert,0.000000,0.167237,low,schedule_unverified;no_eligible_observations;prior_only,data/source_manifest.json,,,
e76466796987c9d1,2026-08-11T12:00:00Z,2026-08-06T08:30:00Z,2026-08-06T04:30:00-04:00,2026-08-07,PAIR,2026-08-07T20:30:00Z,2026-08-06T08:30:00Z,36,2h,false,2026-08-07T17:30:00Z,,0.1.0-prior-only,0.030380,0.046195,0.019039,0.932753,0.039003,0.048418,0.973370,0.067237,0.0010,0.000156,0.200000,no-alert,0.000000,0.167247,low,schedule_unverified;no_eligible_observations;prior_only,data/source_manifest.json,,,
032b5327f0469fe4,2026-08-11T12:00:00Z,2026-08-06T10:30:00Z,2026-08-06T06:30:00-04:00,2026-08-07,PAIR,2026-08-07T20:30:00Z,2026-08-06T10:30:00Z,34,2h,false,2026-08-07T17:30:00Z,,0.1.0-prior-only,0.030441,0.046271,0.019064,0.932744,0.039009,0.048425,0.973366,0.067247,0.0010,0.000156,0.200000,no-alert,0.000000,0.167256,low,schedule_unverified;no_eligible_observations;prior_only,data/source_manifest.json,,,
e750a1531537e915,2026-08-11T12:00:00Z,2026-08-06T12:30:00Z,2026-08-06T08:30:00-04:00,2026-08-07,PAIR,2026-08-07T20:30:00Z,2026-08-06T12:30:00Z,32,2h,false,2026-08-07T17:30:00Z,,0.1.0-prior-only,0.030503,0.046347,0.019090,0.932734,0.039014,0.048432,0.973363,0.067256,0.0010,0.000156,0.200000,no-alert,0.000000,0.167266,low,schedule_unverified;no_eligible_observations;prior_only,data/source_manifest.json,,,
8b99686bf4b712f1,2026-08-11T12:00:00Z,2026-08-06T14:30:00Z,2026-08-06T10:30:00-04:00,2026-08-07,PAIR,2026-08-07T20:30:00Z,2026-08-06T14:30:00Z,30,2h,false,2026-08-07T17:30:00Z,,0.1.0-prior-only,0.030564,0.046424,0.019116,0.932724,0.039020,0.048439,0.973359,0.067266,0.0010,0.000157,0.200000,no-alert,0.000000,0.167276,low,schedule_unverified;no_eligible_observations;prior_only,data/source_manifest.json,,,
ace78c841434903c,2026-08-11T12:00:00Z,2026-08-06T16:30:00Z,2026-08-06T12:30:00-04:00,2026-08-07,PAIR,2026-08-07T20:30:00Z,2026-08-06T16:30:00Z,28,2h,false,2026-08-07T17:30:00Z,,0.1.0-prior-only,0.030625,0.046500,0.019142,0.932714,0.039026,0.048446,0.973355,0.067276,0.0010,0.000157,0.200000,no-alert,0.000000,0.167286,low,schedule_unverified;no_eligible_observations;prior_only,data/source_manifest.json,,,
a2a87598dce199bf,2026-08-11T12:00:00Z,2026-08-06T18:30:00Z,2026-08-06T14:30:00-04:00,2026-08-07,PAIR,2026-08-07T20:30:00Z,2026-08-06T18:30:00Z,26,2h,false,2026-08-07T17:30:00Z,,0.1.0-prior-only,0.030687,0.046576,0.019168,0.932704,0.039032,0.048453,0.973351,0.067286,0.0010,0.000157,0.200000,no-alert,0.000000,0.167296,low,schedule_unverified;no_eligible_observations;prior_only,data/source_manifest.json,,,
f181ef8e2bfbc286,2026-08-11T12:00:00Z,2026-08-06T20:30:00Z,2026-08-06T16:30:00-04:00,2026-08-07,PAIR,2026-08-07T20:30:00Z,2026-08-06T20:30:00Z,24,2h,false,2026-08-07T17:30:00Z,,0.1.0-prior-only,0.030748,0.046653,0.019194,0.932694,0.039037,0.048460,0.973347,0.067296,0.0010,0.000157,0.200000,no-alert,0.000000,0.167306,low,schedule_unverified;no_eligible_observations;prior_only,data/source_manifest.json,,,
a51b531fae50a7f0,2026-08-11T12:00:00Z,2026-08-06T22:30:00Z,2026-08-06T18:30:00-04:00,2026-08-07,PAIR,2026-08-07T20:30:00Z,2026-08-06T22:30:00Z,22,2h,false,2026-08-07T17:30:00Z,,0.1.0-prior-only,0.030810,0.046730,0.019220,0.932684,0.039043,0.048467,0.973343,0.067306,0.0010,0.000158,0.200000,no-alert,0.000000,0.167316,low,schedule_unverified;no_eligible_observations;prior_only,data/source_manifest.json,,,
225cff486e33ad12,2026-08-11T12:00:00Z,2026-08-07T00:30:00Z,2026-08-06T20:30:00-04:00,2026-08-07,PAIR,2026-08-07T20:30:00Z,2026-08-07T00:30:00Z,20,2h,false,2026-08-07T17:30:00Z,,0.1.0-prior-only,0.030872,0.046807,0.019246,0.932675,0.039049,0.048474,0.973339,0.067316,0.0010,0.000158,0.200000,no-alert,0.000000,0.167325,low,schedule_unverified;no_eligible_observations;prior_only,data/source_manifest.json,,,
536f5b10bff4a9d5,2026-08-11T12:00:00Z,2026-08-07T02:30:00Z,2026-08-06T22:30:00-04:00,2026-08-07,PAIR,2026-08-07T20:30:00Z,2026-08-07T02:30:00Z,18,2h,false,2026-08-07T17:30:00Z,,0.1.0-prior-only,0.030934,0.046884,0.019272,0.932665,0.039055,0.048481,0.973335,0.067325,0.0010,0.000158,0.200000,no-alert,0.000000,0.167335,low,schedule_unverified;no_eligible_observations;prior_only,data/source_manifest.json,,,
7aa83a43da109c2e,2026-08-11T12:00:00Z,2026-08-07T04:30:00Z,2026-08-07T00:30:00-04:00,2026-08-07,PAIR,2026-08-07T20:30:00Z,2026-08-07T04:30:00Z,16,2h,false,2026-08-07T17:30:00Z,,0.1.0-prior-only,0.030996,0.046961,0.019298,0.932655,0.039060,0.048489,0.973331,0.067335,0.0010,0.000159,0.200000,no-alert,0.000000,0.167345,low,schedule_unverified;no_eligible_observations;prior_only,data/source_manifest.json,,,
2ae925574503e719,2026-08-11T12:00:00Z,2026-08-07T06:30:00Z,2026-08-07T02:30:00-04:00,2026-08-07,PAIR,2026-08-07T20:30:00Z,2026-08-07T06:30:00Z,14,2h,false,2026-08-07T17:30:00Z,,0.1.0-prior-only,0.031058,0.047038,0.019324,0.932645,0.039066,0.048496,0.973327,0.067345,0.0010,0.000159,0.200000,no-alert,0.000000,0.167355,low,schedule_unverified;no_eligible_observations;prior_only,data/source_manifest.json,,,
b9593b93c829bd0d,2026-08-11T12:00:00Z,2026-08-07T08:30:00Z,2026-08-07T04:30:00-04:00,2026-08-07,PAIR,2026-08-07T20:30:00Z,2026-08-07T08:30:00Z,12,2h,false,2026-08-07T17:30:00Z,,0.1.0-prior-only,0.031120,0.047115,0.019350,0.932635,0.039072,0.048503,0.973323,0.067355,0.0010,0.000159,0.200000,no-alert,0.000000,0.167365,low,schedule_unverified;no_eligible_observations;prior_only,data/source_manifest.json,,,
ba1bee1c6f0cf074,2026-08-11T12:00:00Z,2026-08-07T10:30:00Z,2026-08-07T06:30:00-04:00,2026-08-07,PAIR,2026-08-07T20:30:00Z,2026-08-07T10:30:00Z,10,2h,false,2026-08-07T17:30:00Z,,0.1.0-prior-only,0.031183,0.047193,0.019376,0.932625,0.039078,0.048510,0.973319,0.067365,0.0010,0.000159,0.200000,no-alert,0.000000,0.167375,low,schedule_unverified;no_eligible_observations;prior_only,data/source_manifest.json,,,
016a3356053fc634,2026-08-11T12:00:00Z,2026-08-07T12:30:00Z,2026-08-07T08:30:00-04:00,2026-08-07,PAIR,2026-08-07T20:30:00Z,2026-08-07T12:30:00Z,8,2h,false,2026-08-07T17:30:00Z,,0.1.0-prior-only,0.031245,0.047270,0.019403,0.932615,0.039083,0.048517,0.973315,0.067375,0.0010,0.000160,0.200000,no-alert,0.000000,0.167385,low,schedule_unverified;no_eligible_observations;prior_only,data/source_manifest.json,,,
03bcb058d9132ad1,2026-08-11T12:00:00Z,2026-08-07T14:30:00Z,2026-08-07T10:30:00-04:00,2026-08-07,PAIR,2026-08-07T20:30:00Z,2026-08-07T14:30:00Z,6,2h,false,2026-08-07T17:30:00Z,,0.1.0-prior-only,0.031308,0.047348,0.019429,0.932605,0.039089,0.048525,0.973311,0.067385,0.0010,0.000160,0.200000,no-alert,0.000000,0.167395,low,schedule_unverified;no_eligible_observations;prior_only,data/source_manifest.json,,,
4ea013f6b4443048,2026-08-11T12:00:00Z,2026-08-07T16:30:00Z,2026-08-07T12:30:00-04:00,2026-08-07,PAIR,2026-08-07T20:30:00Z,2026-08-07T16:30:00Z,4,2h,true,2026-08-07T17:30:00Z,,0.1.0-prior-only,0.031371,0.047426,0.019455,0.932595,0.039095,0.048532,0.973307,0.067395,0.0010,0.000160,0.200000,no-alert,0.000000,0.167405,low,schedule_unverified;no_eligible_observations;prior_only,data/source_manifest.json,,,
c6687f2abf537aba,2026-08-11T12:00:00Z,2026-08-03T20:30:00Z,2026-08-03T16:30:00-04:00,2026-08-08,B6317,2026-08-08T20:30:00Z,2026-08-03T20:30:00Z,120,6h,false,2026-08-08T17:30:00Z,,0.1.0-prior-only,0.027923,0.043107,0.017986,0.933149,0.038774,0.048133,0.973527,,,,0.200000,no-alert,0.000000,0.127923,low,schedule_unverified;no_eligible_observations;prior_only,data/source_manifest.json,,,
d4ba31e18dd718c2,2026-08-11T12:00:00Z,2026-08-04T02:30:00Z,2026-08-03T22:30:00-04:00,2026-08-08,B6317,2026-08-08T20:30:00Z,2026-08-04T02:30:00Z,114,6h,false,2026-08-08T17:30:00Z,,0.1.0-prior-only,0.028092,0.043321,0.018059,0.933122,0.038789,0.048152,0.973516,0.027923,0.0169,0.006207,0.200000,no-alert,0.000000,0.128092,low,schedule_unverified;no_eligible_observations;prior_only,data/source_manifest.json,,,
f328b17cfa9ef30d,2026-08-11T12:00:00Z,2026-08-04T08:30:00Z,2026-08-04T04:30:00-04:00,2026-08-08,B6317,2026-08-08T20:30:00Z,2026-08-04T08:30:00Z,108,6h,false,2026-08-08T17:30:00Z,,0.1.0-prior-only,0.028262,0.043536,0.018133,0.933094,0.038805,0.048172,0.973505,0.028092,0.0170,0.006207,0.200000,no-alert,0.000000,0.128262,low,schedule_unverified;no_eligible_observations;prior_only,data/source_manifest.json,,,
cfa014edad823844,2026-08-11T12:00:00Z,2026-08-04T14:30:00Z,2026-08-04T10:30:00-04:00,2026-08-08,B6317,2026-08-08T20:30:00Z,2026-08-04T14:30:00Z,102,6h,false,2026-08-08T17:30:00Z,,0.1.0-prior-only,0.028432,0.043752,0.018207,0.933067,0.038821,0.048192,0.973494,0.028262,0.0171,0.006207,0.200000,no-alert,0.000000,0.128432,low,schedule_unverified;no_eligible_observations;prior_only,data/source_manifest.json,,,
cb0a1d1240c8938c,2026-08-11T12:00:00Z,2026-08-04T20:30:00Z,2026-08-04T16:30:00-04:00,2026-08-08,B6317,2026-08-08T20:30:00Z,2026-08-04T20:30:00Z,96,6h,false,2026-08-08T17:30:00Z,,0.1.0-prior-only,0.028604,0.043969,0.018281,0.933039,0.038837,0.048212,0.973483,0.028432,0.0172,0.006207,0.200000,no-alert,0.000000,0.128604,low,schedule_unverified;no_eligible_observations;prior_only,data/source_manifest.json,,,
65f0d7000414025f,2026-08-11T12:00:00Z,2026-08-05T02:30:00Z,2026-08-04T22:30:00-04:00,2026-08-08,B6317,2026-08-08T20:30:00Z,2026-08-05T02:30:00Z,90,6h,false,2026-08-08T17:30:00Z,,0.1.0-prior-only,0.028777,0.044187,0.018355,0.933011,0.038853,0.048232,0.973472,0.028604,0.0173,0.006207,0.200000,no-alert,0.000000,0.128777,low,schedule_unverified;no_eligible_observations;prior_only,data/source_manifest.json,,,
961d53043356fd75,2026-08-11T12:00:00Z,2026-08-05T08:30:00Z,2026-08-05T04:30:00-04:00,2026-08-08,B6317,2026-08-08T20:30:00Z,2026-08-05T08:30:00Z,84,6h,false,2026-08-08T17:30:00Z,,0.1.0-prior-only,0.028951,0.044406,0.018430,0.932983,0.038870,0.048252,0.973461,0.028777,0.0174,0.006207,0.200000,no-alert,0.000000,0.128951,low,schedule_unverified;no_eligible_observations;prior_only,data/source_manifest.json,,,
c6afa6633a6b34ea,2026-08-11T12:00:00Z,2026-08-05T14:30:00Z,2026-08-05T10:30:00-04:00,2026-08-08,B6317,2026-08-08T20:30:00Z,2026-08-05T14:30:00Z,78,6h,false,2026-08-08T17:30:00Z,,0.1.0-prior-only,0.029126,0.044626,0.018505,0.932955,0.038886,0.048272,0.973450,0.028951,0.0175,0.006207,0.200000,no-alert,0.000000,0.129126,low,schedule_unverified;no_eligible_observations;prior_only,data/source_manifest.json,,,
ab667eecdc812160,2026-08-11T12:00:00Z,2026-08-05T20:30:00Z,2026-08-05T16:30:00-04:00,2026-08-08,B6317,2026-08-08T20:30:00Z,2026-08-05T20:30:00Z,72,6h,false,2026-08-08T17:30:00Z,,0.1.0-prior-only,0.029302,0.044847,0.018580,0.932927,0.038902,0.048293,0.973439,0.029126,0.0176,0.006207,0.200000,no-alert,0.000000,0.129302,low,schedule_unverified;no_eligible_observations;prior_only,data/source_manifest.json,,,
874d020ced2b6d52,2026-08-11T12:00:00Z,2026-08-06T02:30:00Z,2026-08-05T22:30:00-04:00,2026-08-08,B6317,2026-08-08T20:30:00Z,2026-08-06T02:30:00Z,66,6h,false,2026-08-08T17:30:00Z,,0.1.0-prior-only,0.029479,0.045069,0.018656,0.932898,0.038919,0.048313,0.973428,0.029302,0.0177,0.006207,0.200000,no-alert,0.000000,0.129479,low,schedule_unverified;no_eligible_observations;prior_only,data/source_manifest.json,,,
64f175c635f18e9a,2026-08-11T12:00:00Z,2026-08-06T08:30:00Z,2026-08-06T04:30:00-04:00,2026-08-08,B6317,2026-08-08T20:30:00Z,2026-08-06T08:30:00Z,60,6h,false,2026-08-08T17:30:00Z,,0.1.0-prior-only,0.029658,0.045292,0.018732,0.932870,0.038936,0.048334,0.973416,0.029479,0.0178,0.006207,0.200000,no-alert,0.000000,0.129658,low,schedule_unverified;no_eligible_observations;prior_only,data/source_manifest.json,,,
3f7f37c3aad26e68,2026-08-11T12:00:00Z,2026-08-06T14:30:00Z,2026-08-06T10:30:00-04:00,2026-08-08,B6317,2026-08-08T20:30:00Z,2026-08-06T14:30:00Z,54,6h,false,2026-08-08T17:30:00Z,,0.1.0-prior-only,0.029837,0.045516,0.018808,0.932841,0.038952,0.048355,0.973405,0.029658,0.0179,0.006207,0.200000,no-alert,0.000000,0.129837,low,schedule_unverified;no_eligible_observations;prior_only,data/source_manifest.json,,,
57ea13b8fe098d5a,2026-08-11T12:00:00Z,2026-08-06T20:30:00Z,2026-08-06T16:30:00-04:00,2026-08-08,B6317,2026-08-08T20:30:00Z,2026-08-06T20:30:00Z,48,6h,false,2026-08-08T17:30:00Z,,0.1.0-prior-only,0.030017,0.045741,0.018885,0.932812,0.038969,0.048375,0.973393,0.029837,0.0180,0.006207,0.200000,no-alert,0.000000,0.130017,low,schedule_unverified;no_eligible_observations;prior_only,data/source_manifest.json,,,
b320fcefc83e9190,2026-08-11T12:00:00Z,2026-08-06T22:30:00Z,2026-08-06T18:30:00-04:00,2026-08-08,B6317,2026-08-08T20:30:00Z,2026-08-06T22:30:00Z,46,2h,false,2026-08-08T17:30:00Z,,0.1.0-prior-only,0.030077,0.045817,0.018910,0.932802,0.038975,0.048382,0.973390,0.030017,0.0060,0.002069,0.200000,no-alert,0.000000,0.130077,low,schedule_unverified;no_eligible_observations;prior_only,data/source_manifest.json,,,
c200b2c7f61260f7,2026-08-11T12:00:00Z,2026-08-07T00:30:00Z,2026-08-06T20:30:00-04:00,2026-08-08,B6317,2026-08-08T20:30:00Z,2026-08-07T00:30:00Z,44,2h,false,2026-08-08T17:30:00Z,,0.1.0-prior-only,0.030138,0.045892,0.018936,0.932792,0.038980,0.048389,0.973386,0.030077,0.0060,0.002069,0.200000,no-alert,0.000000,0.130138,low,schedule_unverified;no_eligible_observations;prior_only,data/source_manifest.json,,,
b2d1bd25f17577ef,2026-08-11T12:00:00Z,2026-08-07T02:30:00Z,2026-08-06T22:30:00-04:00,2026-08-08,B6317,2026-08-08T20:30:00Z,2026-08-07T02:30:00Z,42,2h,false,2026-08-08T17:30:00Z,,0.1.0-prior-only,0.030198,0.045968,0.018961,0.932783,0.038986,0.048396,0.973382,0.030138,0.0061,0.002069,0.200000,no-alert,0.000000,0.130198,low,schedule_unverified;no_eligible_observations;prior_only,data/source_manifest.json,,,
653783e6da9b1f6d,2026-08-11T12:00:00Z,2026-08-07T04:30:00Z,2026-08-07T00:30:00-04:00,2026-08-08,B6317,2026-08-08T20:30:00Z,2026-08-07T04:30:00Z,40,2h,false,2026-08-08T17:30:00Z,,0.1.0-prior-only,0.030259,0.046043,0.018987,0.932773,0.038992,0.048403,0.973378,0.030198,0.0061,0.002069,0.200000,no-alert,0.000000,0.130259,low,schedule_unverified;no_eligible_observations;prior_only,data/source_manifest.json,,,
aa65a8c29093920a,2026-08-11T12:00:00Z,2026-08-07T06:30:00Z,2026-08-07T02:30:00-04:00,2026-08-08,B6317,2026-08-08T20:30:00Z,2026-08-07T06:30:00Z,38,2h,false,2026-08-08T17:30:00Z,,0.1.0-prior-only,0.030320,0.046119,0.019013,0.932763,0.038997,0.048410,0.973374,0.030259,0.0061,0.002069,0.200000,no-alert,0.000000,0.130320,low,schedule_unverified;no_eligible_observations;prior_only,data/source_manifest.json,,,
202aa70ea4a583ce,2026-08-11T12:00:00Z,2026-08-07T08:30:00Z,2026-08-07T04:30:00-04:00,2026-08-08,B6317,2026-08-08T20:30:00Z,2026-08-07T08:30:00Z,36,2h,false,2026-08-08T17:30:00Z,,0.1.0-prior-only,0.030380,0.046195,0.019039,0.932753,0.039003,0.048418,0.973370,0.030320,0.0061,0.002069,0.200000,no-alert,0.000000,0.130380,low,schedule_unverified;no_eligible_observations;prior_only,data/source_manifest.json,,,
33437b6440cc1f74,2026-08-11T12:00:00Z,2026-08-07T10:30:00Z,2026-08-07T06:30:00-04:00,2026-08-08,B6317,2026-08-08T20:30:00Z,2026-08-07T10:30:00Z,34,2h,false,2026-08-08T17:30:00Z,,0.1.0-prior-only,0.030441,0.046271,0.019064,0.932744,0.039009,0.048425,0.973366,0.030380,0.0061,0.002069,0.200000,no-alert,0.000000,0.130441,low,schedule_unverified;no_eligible_observations;prior_only,data/source_manifest.json,,,
dea5faf3aa57a65d,2026-08-11T12:00:00Z,2026-08-07T12:30:00Z,2026-08-07T08:30:00-04:00,2026-08-08,B6317,2026-08-08T20:30:00Z,2026-08-07T12:30:00Z,32,2h,false,2026-08-08T17:30:00Z,,0.1.0-prior-only,0.030503,0.046347,0.019090,0.932734,0.039014,0.048432,0.973363,0.030441,0.0061,0.002069,0.200000,no-alert,0.000000,0.130503,low,schedule_unverified;no_eligible_observations;prior_only,data/source_manifest.json,,,
d92281bede0a5f6e,2026-08-11T12:00:00Z,2026-08-07T14:30:00Z,2026-08-07T10:30:00-04:00,2026-08-08,B6317,2026-08-08T20:30:00Z,2026-08-07T14:30:00Z,30,2h,false,2026-08-08T17:30:00Z,,0.1.0-prior-only,0.030564,0.046424,0.019116,0.932724,0.039020,0.048439,0.973359,0.030503,0.0061,0.002069,0.200000,no-alert,0.000000,0.130564,low,schedule_unverified;no_eligible_observations;prior_only,data/source_manifest.json,,,
d16fc7eacfdd6aa4,2026-08-11T12:00:00Z,2026-08-07T16:30:00Z,2026-08-07T12:30:00-04:00,2026-08-08,B6317,2026-08-08T20:30:00Z,2026-08-07T16:30:00Z,28,2h,false,2026-08-08T17:30:00Z,,0.1.0-prior-only,0.030625,0.046500,0.019142,0.932714,0.039026,0.048446,0.973355,0.030564,0.0061,0.002069,0.200000,no-alert,0.000000,0.130625,low,schedule_unverified;no_eligible_observations;prior_only,data/source_manifest.json,,,
633c56d2aed34f0b,2026-08-11T12:00:00Z,2026-08-07T18:30:00Z,2026-08-07T14:30:00-04:00,2026-08-08,B6317,2026-08-08T20:30:00Z,2026-08-07T18:30:00Z,26,2h,false,2026-08-08T17:30:00Z,,0.1.0-prior-only,0.030687,0.046576,0.019168,0.932704,0.039032,0.048453,0.973351,0.030625,0.0061,0.002069,0.200000,no-alert,0.000000,0.130687,low,schedule_unverified;no_eligible_observations;prior_only,data/source_manifest.json,,,
2d22541c9c8e17b9,2026-08-11T12:00:00Z,2026-08-07T20:30:00Z,2026-08-07T16:30:00-04:00,2026-08-08,B6317,2026-08-08T20:30:00Z,2026-08-07T20:30:00Z,24,2h,false,2026-08-08T17:30:00Z,,0.1.0-prior-only,0.030748,0.046653,0.019194,0.932694,0.039037,0.048460,0.973347,0.030687,0.0062,0.002069,0.200000,no-alert,0.000000,0.130748,low,schedule_unverified;no_eligible_observations;prior_only,data/source_manifest.json,,,
af4da892cfc05683,2026-08-11T12:00:00Z,2026-08-07T22:30:00Z,2026-08-07T18:30:00-04:00,2026-08-08,B6317,2026-08-08T20:30:00Z,2026-08-07T22:30:00Z,22,2h,false,2026-08-08T17:30:00Z,,0.1.0-prior-only,0.030810,0.046730,0.019220,0.932684,0.039043,0.048467,0.973343,0.030748,0.0062,0.002069,0.200000,no-alert,0.000000,0.130810,low,schedule_unverified;no_eligible_observations;prior_only,data/source_manifest.json,,,
8ed464d4ed0279d2,2026-08-11T12:00:00Z,2026-08-08T00:30:00Z,2026-08-07T20:30:00-04:00,2026-08-08,B6317,2026-08-08T20:30:00Z,2026-08-08T00:30:00Z,20,2h,false,2026-08-08T17:30:00Z,,0.1.0-prior-only,0.030872,0.046807,0.019246,0.932675,0.039049,0.048474,0.973339,0.030810,0.0062,0.002069,0.200000,no-alert,0.000000,0.130872,low,schedule_unverified;no_eligible_observations;prior_only,data/source_manifest.json,,,
e602d3884c1e355b,2026-08-11T12:00:00Z,2026-08-08T02:30:00Z,2026-08-07T22:30:00-04:00,2026-08-08,B6317,2026-08-08T20:30:00Z,2026-08-08T02:30:00Z,18,2h,false,2026-08-08T17:30:00Z,,0.1.0-prior-only,0.030934,0.046884,0.019272,0.932665,0.039055,0.048481,0.973335,0.030872,0.0062,0.002069,0.200000,no-alert,0.000000,0.130934,low,schedule_unverified;no_eligible_observations;prior_only,data/source_manifest.json,,,
a40beed8b7de5f14,2026-08-11T12:00:00Z,2026-08-08T04:30:00Z,2026-08-08T00:30:00-04:00,2026-08-08,B6317,2026-08-08T20:30:00Z,2026-08-08T04:30:00Z,16,2h,false,2026-08-08T17:30:00Z,,0.1.0-prior-only,0.030996,0.046961,0.019298,0.932655,0.039060,0.048489,0.973331,0.030934,0.0062,0.002069,0.200000,no-alert,0.000000,0.130996,low,schedule_unverified;no_eligible_observations;prior_only,data/source_manifest.json,,,
2d7e4478cb38f354,2026-08-11T12:00:00Z,2026-08-08T06:30:00Z,2026-08-08T02:30:00-04:00,2026-08-08,B6317,2026-08-08T20:30:00Z,2026-08-08T06:30:00Z,14,2h,false,2026-08-08T17:30:00Z,,0.1.0-prior-only,0.031058,0.047038,0.019324,0.932645,0.039066,0.048496,0.973327,0.030996,0.0062,0.002069,0.200000,no-alert,0.000000,0.131058,low,schedule_unverified;no_eligible_observations;prior_only,data/source_manifest.json,,,
f39af3bac03b720d,2026-08-11T12:00:00Z,2026-08-08T08:30:00Z,2026-08-08T04:30:00-04:00,2026-08-08,B6317,2026-08-08T20:30:00Z,2026-08-08T08:30:00Z,12,2h,false,2026-08-08T17:30:00Z,,0.1.0-prior-only,0.031120,0.047115,0.019350,0.932635,0.039072,0.048503,0.973323,0.031058,0.0062,0.002069,0.200000,no-alert,0.000000,0.131120,low,schedule_unverified;no_eligible_observations;prior_only,data/source_manifest.json,,,
df096b68b831834a,2026-08-11T12:00:00Z,2026-08-08T10:30:00Z,2026-08-08T06:30:00-04:00,2026-08-08,B6317,2026-08-08T20:30:00Z,2026-08-08T10:30:00Z,10,2h,false,2026-08-08T17:30:00Z,,0.1.0-prior-only,0.031183,0.047193,0.019376,0.932625,0.039078,0.048510,0.973319,0.031120,0.0062,0.002069,0.200000,no-alert,0.000000,0.131183,low,schedule_unverified;no_eligible_observations;prior_only,data/source_manifest.json,,,
f2220e36501588e1,2026-08-11T12:00:00Z,2026-08-08T12:30:00Z,2026-08-08T08:30:00-04:00,2026-08-08,B6317,2026-08-08T20:30:00Z,2026-08-08T12:30:00Z,8,2h,false,2026-08-08T17:30:00Z,,0.1.0-prior-only,0.031245,0.047270,0.019403,0.932615,0.039083,0.048517,0.973315,0.031183,0.0063,0.002069,0.200000,no-alert,0.000000,0.131245,low,schedule_unverified;no_eligible_observations;prior_only,data/source_manifest.json,,,
84293c75ef393db2,2026-08-11T12:00:00Z,2026-08-08T14:30:00Z,2026-08-08T10:30:00-04:00,2026-08-08,B6317,2026-08-08T20:30:00Z,2026-08-08T14:30:00Z,6,2h,false,2026-08-08T17:30:00Z,,0.1.0-prior-only,0.031308,0.047348,0.019429,0.932605,0.039089,0.048525,0.973311,0.031245,0.0063,0.002069,0.200000,no-alert,0.000000,0.131308,low,schedule_unverified;no_eligible_observations;prior_only,data/source_manifest.json,,,
a4691fcc66f59d90,2026-08-11T12:00:00Z,2026-08-08T16:30:00Z,2026-08-08T12:30:00-04:00,2026-08-08,B6317,2026-08-08T20:30:00Z,2026-08-08T16:30:00Z,4,2h,true,2026-08-08T17:30:00Z,,0.1.0-prior-only,0.031371,0.047426,0.019455,0.932595,0.039095,0.048532,0.973307,0.031308,0.0063,0.002069,0.200000,no-alert,0.000000,0.131371,low,schedule_unverified;no_eligible_observations;prior_only,data/source_manifest.json,,,
fb96c295e5c8d123,2026-08-11T12:00:00Z,2026-08-04T02:15:00Z,2026-08-03T22:15:00-04:00,2026-08-08,SQ23,2026-08-09T02:15:00Z,2026-08-04T02:15:00Z,120,6h,false,2026-08-08T23:15:00Z,,0.1.0-prior-only,0.027923,0.043107,0.017986,0.933149,0.038774,0.048133,0.973527,,,,0.200000,no-alert,0.000000,0.117986,low,schedule_unverified;no_eligible_observations;prior_only,data/source_manifest.json,,,
146d484b29f33650,2026-08-11T12:00:00Z,2026-08-04T08:15:00Z,2026-08-04T04:15:00-04:00,2026-08-08,SQ23,2026-08-09T02:15:00Z,2026-08-04T08:15:00Z,114,6h,false,2026-08-08T23:15:00Z,,0.1.0-prior-only,0.028092,0.043321,0.018059,0.933122,0.038789,0.048152,0.973516,0.017986,0.0073,0.004138,0.200000,no-alert,0.000000,0.118059,low,schedule_unverified;no_eligible_observations;prior_only,data/source_manifest.json,,,
e299eb4ef7c8d4f3,2026-08-11T12:00:00Z,2026-08-04T14:15:00Z,2026-08-04T10:15:00-04:00,2026-08-08,SQ23,2026-08-09T02:15:00Z,2026-08-04T14:15:00Z,108,6h,false,2026-08-08T23:15:00Z,,0.1.0-prior-only,0.028262,0.043536,0.018133,0.933094,0.038805,0.048172,0.973505,0.018059,0.0074,0.004138,0.200000,no-alert,0.000000,0.118133,low,schedule_unverified;no_eligible_observations;prior_only,data/source_manifest.json,,,
20769e59dbd31e19,2026-08-11T12:00:00Z,2026-08-04T20:15:00Z,2026-08-04T16:15:00-04:00,2026-08-08,SQ23,2026-08-09T02:15:00Z,2026-08-04T20:15:00Z,102,6h,false,2026-08-08T23:15:00Z,,0.1.0-prior-only,0.028432,0.043752,0.018207,0.933067,0.038821,0.048192,0.973494,0.018133,0.0074,0.004138,0.200000,no-alert,0.000000,0.118207,low,schedule_unverified;no_eligible_observations;prior_only,data/source_manifest.json,,,
c341bc105c629d8e,2026-08-11T12:00:00Z,2026-08-05T02:15:00Z,2026-08-04T22:15:00-04:00,2026-08-08,SQ23,2026-08-09T02:15:00Z,2026-08-05T02:15:00Z,96,6h,false,2026-08-08T23:15:00Z,,0.1.0-prior-only,0.028604,0.043969,0.018281,0.933039,0.038837,0.048212,0.973483,0.018207,0.0074,0.004138,0.200000,no-alert,0.000000,0.118281,low,schedule_unverified;no_eligible_observations;prior_only,data/source_manifest.json,,,
0df3d977644efaf0,2026-08-11T12:00:00Z,2026-08-05T08:15:00Z,2026-08-05T04:15:00-04:00,2026-08-08,SQ23,2026-08-09T02:15:00Z,2026-08-05T08:15:00Z,90,6h,false,2026-08-08T23:15:00Z,,0.1.0-prior-only,0.028777,0.044187,0.018355,0.933011,0.038853,0.048232,0.973472,0.018281,0.0074,0.004138,0.200000,no-alert,0.000000,0.118355,low,schedule_unverified;no_eligible_observations;prior_only,data/source_manifest.json,,,
21651a149dd9c485,2026-08-11T12:00:00Z,2026-08-05T14:15:00Z,2026-08-05T10:15:00-04:00,2026-08-08,SQ23,2026-08-09T02:15:00Z,2026-08-05T14:15:00Z,84,6h,false,2026-08-08T23:15:00Z,,0.1.0-prior-only,0.028951,0.044406,0.018430,0.932983,0.038870,0.048252,0.973461,0.018355,0.0075,0.004138,0.200000,no-alert,0.000000,0.118430,low,schedule_unverified;no_eligible_observations;prior_only,data/source_manifest.json,,,
4880b472bb4f2f9d,2026-08-11T12:00:00Z,2026-08-05T20:15:00Z,2026-08-05T16:15:00-04:00,2026-08-08,SQ23,2026-08-09T02:15:00Z,2026-08-05T20:15:00Z,78,6h,false,2026-08-08T23:15:00Z,,0.1.0-prior-only,0.029126,0.044626,0.018505,0.932955,0.038886,0.048272,0.973450,0.018430,0.0075,0.004138,0.200000,no-alert,0.000000,0.118505,low,schedule_unverified;no_eligible_observations;prior_only,data/source_manifest.json,,,
4b41c3205e4b4e7c,2026-08-11T12:00:00Z,2026-08-06T02:15:00Z,2026-08-05T22:15:00-04:00,2026-08-08,SQ23,2026-08-09T02:15:00Z,2026-08-06T02:15:00Z,72,6h,false,2026-08-08T23:15:00Z,,0.1.0-prior-only,0.029302,0.044847,0.018580,0.932927,0.038902,0.048293,0.973439,0.018505,0.0075,0.004138,0.200000,no-alert,0.000000,0.118580,low,schedule_unverified;no_eligible_observations;prior_only,data/source_manifest.json,,,
f8bc6da9a2d4b09d,2026-08-11T12:00:00Z,2026-08-06T08:15:00Z,2026-08-06T04:15:00-04:00,2026-08-08,SQ23,2026-08-09T02:15:00Z,2026-08-06T08:15:00Z,66,6h,false,2026-08-08T23:15:00Z,,0.1.0-prior-only,0.029479,0.045069,0.018656,0.932898,0.038919,0.048313,0.973428,0.018580,0.0076,0.004138,0.200000,no-alert,0.000000,0.118656,low,schedule_unverified;no_eligible_observations;prior_only,data/source_manifest.json,,,
5cd90ccb95253020,2026-08-11T12:00:00Z,2026-08-06T14:15:00Z,2026-08-06T10:15:00-04:00,2026-08-08,SQ23,2026-08-09T02:15:00Z,2026-08-06T14:15:00Z,60,6h,false,2026-08-08T23:15:00Z,,0.1.0-prior-only,0.029658,0.045292,0.018732,0.932870,0.038936,0.048334,0.973416,0.018656,0.0076,0.004138,0.200000,no-alert,0.000000,0.118732,low,schedule_unverified;no_eligible_observations;prior_only,data/source_manifest.json,,,
aee722d07e2c976d,2026-08-11T12:00:00Z,2026-08-06T20:15:00Z,2026-08-06T16:15:00-04:00,2026-08-08,SQ23,2026-08-09T02:15:00Z,2026-08-06T20:15:00Z,54,6h,false,2026-08-08T23:15:00Z,,0.1.0-prior-only,0.029837,0.045516,0.018808,0.932841,0.038952,0.048355,0.973405,0.018732,0.0076,0.004138,0.200000,no-alert,0.000000,0.118808,low,schedule_unverified;no_eligible_observations;prior_only,data/source_manifest.json,,,
9c6e2f74153aad71,2026-08-11T12:00:00Z,2026-08-07T02:15:00Z,2026-08-06T22:15:00-04:00,2026-08-08,SQ23,2026-08-09T02:15:00Z,2026-08-07T02:15:00Z,48,6h,false,2026-08-08T23:15:00Z,,0.1.0-prior-only,0.030017,0.045741,0.018885,0.932812,0.038969,0.048375,0.973393,0.018808,0.0077,0.004138,0.200000,no-alert,0.000000,0.118885,low,schedule_unverified;no_eligible_observations;prior_only,data/source_manifest.json,,,
3373e22896ec56f0,2026-08-11T12:00:00Z,2026-08-07T04:15:00Z,2026-08-07T00:15:00-04:00,2026-08-08,SQ23,2026-08-09T02:15:00Z,2026-08-07T04:15:00Z,46,2h,false,2026-08-08T23:15:00Z,,0.1.0-prior-only,0.030077,0.045817,0.018910,0.932802,0.038975,0.048382,0.973390,0.018885,0.0026,0.001379,0.200000,no-alert,0.000000,0.118910,low,schedule_unverified;no_eligible_observations;prior_only,data/source_manifest.json,,,
4c688efd42c4063b,2026-08-11T12:00:00Z,2026-08-07T06:15:00Z,2026-08-07T02:15:00-04:00,2026-08-08,SQ23,2026-08-09T02:15:00Z,2026-08-07T06:15:00Z,44,2h,false,2026-08-08T23:15:00Z,,0.1.0-prior-only,0.030138,0.045892,0.018936,0.932792,0.038980,0.048389,0.973386,0.018910,0.0026,0.001379,0.200000,no-alert,0.000000,0.118936,low,schedule_unverified;no_eligible_observations;prior_only,data/source_manifest.json,,,
17d511a48363ba80,2026-08-11T12:00:00Z,2026-08-07T08:15:00Z,2026-08-07T04:15:00-04:00,2026-08-08,SQ23,2026-08-09T02:15:00Z,2026-08-07T08:15:00Z,42,2h,false,2026-08-08T23:15:00Z,,0.1.0-prior-only,0.030198,0.045968,0.018961,0.932783,0.038986,0.048396,0.973382,0.018936,0.0026,0.001379,0.200000,no-alert,0.000000,0.118961,low,schedule_unverified;no_eligible_observations;prior_only,data/source_manifest.json,,,
a74bc9e5738fcc78,2026-08-11T12:00:00Z,2026-08-07T10:15:00Z,2026-08-07T06:15:00-04:00,2026-08-08,SQ23,2026-08-09T02:15:00Z,2026-08-07T10:15:00Z,40,2h,false,2026-08-08T23:15:00Z,,0.1.0-prior-only,0.030259,0.046043,0.018987,0.932773,0.038992,0.048403,0.973378,0.018961,0.0026,0.001379,0.200000,no-alert,0.000000,0.118987,low,schedule_unverified;no_eligible_observations;prior_only,data/source_manifest.json,,,
a6cdcc4f0574b943,2026-08-11T12:00:00Z,2026-08-07T12:15:00Z,2026-08-07T08:15:00-04:00,2026-08-08,SQ23,2026-08-09T02:15:00Z,2026-08-07T12:15:00Z,38,2h,false,2026-08-08T23:15:00Z,,0.1.0-prior-only,0.030320,0.046119,0.019013,0.932763,0.038997,0.048410,0.973374,0.018987,0.0026,0.001379,0.200000,no-alert,0.000000,0.119013,low,schedule_unverified;no_eligible_observations;prior_only,data/source_manifest.json,,,
c48e53210417734d,2026-08-11T12:00:00Z,2026-08-07T14:15:00Z,2026-08-07T10:15:00-04:00,2026-08-08,SQ23,2026-08-09T02:15:00Z,2026-08-07T14:15:00Z,36,2h,false,2026-08-08T23:15:00Z,,0.1.0-prior-only,0.030380,0.046195,0.019039,0.932753,0.039003,0.048418,0.973370,0.019013,0.0026,0.001379,0.200000,no-alert,0.000000,0.119039,low,schedule_unverified;no_eligible_observations;prior_only,data/source_manifest.json,,,
48f73f15656f001a,2026-08-11T12:00:00Z,2026-08-07T16:15:00Z,2026-08-07T12:15:00-04:00,2026-08-08,SQ23,2026-08-09T02:15:00Z,2026-08-07T16:15:00Z,34,2h,false,2026-08-08T23:15:00Z,,0.1.0-prior-only,0.030441,0.046271,0.019064,0.932744,0.039009,0.048425,0.973366,0.019039,0.0026,0.001379,0.200000,no-alert,0.000000,0.119064,low,schedule_unverified;no_eligible_observations;prior_only,data/source_manifest.json,,,
6f9e15c2409284e6,2026-08-11T12:00:00Z,2026-08-07T18:15:00Z,2026-08-07T14:15:00-04:00,2026-08-08,SQ23,2026-08-09T02:15:00Z,2026-08-07T18:15:00Z,32,2h,false,2026-08-08T23:15:00Z,,0.1.0-prior-only,0.030503,0.046347,0.019090,0.932734,0.039014,0.048432,0.973363,0.019064,0.0026,0.001379,0.200000,no-alert,0.000000,0.119090,low,schedule_unverified;no_eligible_observations;prior_only,data/source_manifest.json,,,
e0fb030dc0ed5698,2026-08-11T12:00:00Z,2026-08-07T20:15:00Z,2026-08-07T16:15:00-04:00,2026-08-08,SQ23,2026-08-09T02:15:00Z,2026-08-07T20:15:00Z,30,2h,false,2026-08-08T23:15:00Z,,0.1.0-prior-only,0.030564,0.046424,0.019116,0.932724,0.039020,0.048439,0.973359,0.019090,0.0026,0.001379,0.200000,no-alert,0.000000,0.119116,low,schedule_unverified;no_eligible_observations;prior_only,data/source_manifest.json,,,
394626a048457817,2026-08-11T12:00:00Z,2026-08-07T22:15:00Z,2026-08-07T18:15:00-04:00,2026-08-08,SQ23,2026-08-09T02:15:00Z,2026-08-07T22:15:00Z,28,2h,false,2026-08-08T23:15:00Z,,0.1.0-prior-only,0.030625,0.046500,0.019142,0.932714,0.039026,0.048446,0.973355,0.019116,0.0026,0.001379,0.200000,no-alert,0.000000,0.119142,low,schedule_unverified;no_eligible_observations;prior_only,data/source_manifest.json,,,
4ab47e89a4ab26d0,2026-08-11T12:00:00Z,2026-08-08T00:15:00Z,2026-08-07T20:15:00-04:00,2026-08-08,SQ23,2026-08-09T02:15:00Z,2026-08-08T00:15:00Z,26,2h,false,2026-08-08T23:15:00Z,,0.1.0-prior-only,0.030687,0.046576,0.019168,0.932704,0.039032,0.048453,0.973351,0.019142,0.0026,0.001379,0.200000,no-alert,0.000000,0.119168,low,schedule_unverified;no_eligible_observations;prior_only,data/source_manifest.json,,,
69dc4b4feab6933f,2026-08-11T12:00:00Z,2026-08-08T02:15:00Z,2026-08-07T22:15:00-04:00,2026-08-08,SQ23,2026-08-09T02:15:00Z,2026-08-08T02:15:00Z,24,2h,false,2026-08-08T23:15:00Z,,0.1.0-prior-only,0.030748,0.046653,0.019194,0.932694,0.039037,0.048460,0.973347,0.019168,0.0026,0.001379,0.200000,no-alert,0.000000,0.119194,low,schedule_unverified;no_eligible_observations;prior_only,data/source_manifest.json,,,
4d97cf7b1a91b097,2026-08-11T12:00:00Z,2026-08-08T04:15:00Z,2026-08-08T00:15:00-04:00,2026-08-08,SQ23,2026-08-09T02:15:00Z,2026-08-08T04:15:00Z,22,2h,false,2026-08-08T23:15:00Z,,0.1.0-prior-only,0.030810,0.046730,0.019220,0.932684,0.039043,0.048467,0.973343,0.019194,0.0026,0.001379,0.200000,no-alert,0.000000,0.119220,low,schedule_unverified;no_eligible_observations;prior_only,data/source_manifest.json,,,
bba9b63328cb4215,2026-08-11T12:00:00Z,2026-08-08T06:15:00Z,2026-08-08T02:15:00-04:00,2026-08-08,SQ23,2026-08-09T02:15:00Z,2026-08-08T06:15:00Z,20,2h,false,2026-08-08T23:15:00Z,,0.1.0-prior-only,0.030872,0.046807,0.019246,0.932675,0.039049,0.048474,0.973339,0.019220,0.0026,0.001379,0.200000,no-alert,0.000000,0.119246,low,schedule_unverified;no_eligible_observations;prior_only,data/source_manifest.json,,,
c1262b6839767197,2026-08-11T12:00:00Z,2026-08-08T08:15:00Z,2026-08-08T04:15:00-04:00,2026-08-08,SQ23,2026-08-09T02:15:00Z,2026-08-08T08:15:00Z,18,2h,false,2026-08-08T23:15:00Z,,0.1.0-prior-only,0.030934,0.046884,0.019272,0.932665,0.039055,0.048481,0.973335,0.019246,0.0026,0.001379,0.200000,no-alert,0.000000,0.119272,low,schedule_unverified;no_eligible_observations;prior_only,data/source_manifest.json,,,
12d8c3d9b1734cb0,2026-08-11T12:00:00Z,2026-08-08T10:15:00Z,2026-08-08T06:15:00-04:00,2026-08-08,SQ23,2026-08-09T02:15:00Z,2026-08-08T10:15:00Z,16,2h,false,2026-08-08T23:15:00Z,,0.1.0-prior-only,0.030996,0.046961,0.019298,0.932655,0.039060,0.048489,0.973331,0.019272,0.0026,0.001379,0.200000,no-alert,0.000000,0.119298,low,schedule_unverified;no_eligible_observations;prior_only,data/source_manifest.json,,,
56c0cc6bbe02d9a0,2026-08-11T12:00:00Z,2026-08-08T12:15:00Z,2026-08-08T08:15:00-04:00,2026-08-08,SQ23,2026-08-09T02:15:00Z,2026-08-08T12:15:00Z,14,2h,false,2026-08-08T23:15:00Z,,0.1.0-prior-only,0.031058,0.047038,0.019324,0.932645,0.039066,0.048496,0.973327,0.019298,0.0026,0.001379,0.200000,no-alert,0.000000,0.119324,low,schedule_unverified;no_eligible_observations;prior_only,data/source_manifest.json,,,
02bab3a786387c66,2026-08-11T12:00:00Z,2026-08-08T14:15:00Z,2026-08-08T10:15:00-04:00,2026-08-08,SQ23,2026-08-09T02:15:00Z,2026-08-08T14:15:00Z,12,2h,false,2026-08-08T23:15:00Z,,0.1.0-prior-only,0.031120,0.047115,0.019350,0.932635,0.039072,0.048503,0.973323,0.019324,0.0026,0.001379,0.200000,no-alert,0.000000,0.119350,low,schedule_unverified;no_eligible_observations;prior_only,data/source_manifest.json,,,
b083bbf61b6d581d,2026-08-11T12:00:00Z,2026-08-08T16:15:00Z,2026-08-08T12:15:00-04:00,2026-08-08,SQ23,2026-08-09T02:15:00Z,2026-08-08T16:15:00Z,10,2h,false,2026-08-08T23:15:00Z,,0.1.0-prior-only,0.031183,0.047193,0.019376,0.932625,0.039078,0.048510,0.973319,0.019350,0.0026,0.001379,0.200000,no-alert,0.000000,0.119376,low,schedule_unverified;no_eligible_observations;prior_only,data/source_manifest.json,,,
398c6f8347cdb84c,2026-08-11T12:00:00Z,2026-08-08T18:15:00Z,2026-08-08T14:15:00-04:00,2026-08-08,SQ23,2026-08-09T02:15:00Z,2026-08-08T18:15:00Z,8,2h,false,2026-08-08T23:15:00Z,,0.1.0-prior-only,0.031245,0.047270,0.019403,0.932615,0.039083,0.048517,0.973315,0.019376,0.0026,0.001379,0.200000,no-alert,0.000000,0.119403,low,schedule_unverified;no_eligible_observations;prior_only,data/source_manifest.json,,,
058155a1332e482d,2026-08-11T12:00:00Z,2026-08-08T20:15:00Z,2026-08-08T16:15:00-04:00,2026-08-08,SQ23,2026-08-09T02:15:00Z,2026-08-08T20:15:00Z,6,2h,false,2026-08-08T23:15:00Z,,0.1.0-prior-only,0.031308,0.047348,0.019429,0.932605,0.039089,0.048525,0.973311,0.019403,0.0026,0.001379,0.200000,no-alert,0.000000,0.119429,low,schedule_unverified;no_eligible_observations;prior_only,data/source_manifest.json,,,
4489fcb8762609b8,2026-08-11T12:00:00Z,2026-08-08T22:15:00Z,2026-08-08T18:15:00-04:00,2026-08-08,SQ23,2026-08-09T02:15:00Z,2026-08-08T22:15:00Z,4,2h,true,2026-08-08T23:15:00Z,,0.1.0-prior-only,0.031371,0.047426,0.019455,0.932595,0.039095,0.048532,0.973307,0.019429,0.0026,0.001379,0.200000,no-alert,0.000000,0.119455,low,schedule_unverified;no_eligible_observations;prior_only,data/source_manifest.json,,,
db7b0677620291bb,2026-08-11T12:00:00Z,2026-08-03T20:30:00Z,2026-08-03T16:30:00-04:00,2026-08-08,PAIR,2026-08-08T20:30:00Z,2026-08-03T20:30:00Z,120,6h,false,2026-08-08T17:30:00Z,,0.1.0-prior-only,0.027923,0.043107,0.017986,0.933149,0.038774,0.048133,0.973527,,,,0.200000,no-alert,0.000000,0.166851,low,schedule_unverified;no_eligible_observations;prior_only,data/source_manifest.json,,,
bc5dbac4e1351d88,2026-08-11T12:00:00Z,2026-08-04T02:30:00Z,2026-08-03T22:30:00-04:00,2026-08-08,PAIR,2026-08-08T20:30:00Z,2026-08-04T02:30:00Z,114,6h,false,2026-08-08T17:30:00Z,,0.1.0-prior-only,0.028092,0.043321,0.018059,0.933122,0.038789,0.048152,0.973516,0.066851,0.0027,0.000437,0.200000,no-alert,0.000000,0.166878,low,schedule_unverified;no_eligible_observations;prior_only,data/source_manifest.json,,,
905db3546897be7e,2026-08-11T12:00:00Z,2026-08-04T08:30:00Z,2026-08-04T04:30:00-04:00,2026-08-08,PAIR,2026-08-08T20:30:00Z,2026-08-04T08:30:00Z,108,6h,false,2026-08-08T17:30:00Z,,0.1.0-prior-only,0.028262,0.043536,0.018133,0.933094,0.038805,0.048172,0.973505,0.066878,0.0027,0.000439,0.200000,no-alert,0.000000,0.166906,low,schedule_unverified;no_eligible_observations;prior_only,data/source_manifest.json,,,
3ec0625f234a6634,2026-08-11T12:00:00Z,2026-08-04T14:30:00Z,2026-08-04T10:30:00-04:00,2026-08-08,PAIR,2026-08-08T20:30:00Z,2026-08-04T14:30:00Z,102,6h,false,2026-08-08T17:30:00Z,,0.1.0-prior-only,0.028432,0.043752,0.018207,0.933067,0.038821,0.048192,0.973494,0.066906,0.0028,0.000441,0.200000,no-alert,0.000000,0.166933,low,schedule_unverified;no_eligible_observations;prior_only,data/source_manifest.json,,,
0d110c8e280278bb,2026-08-11T12:00:00Z,2026-08-04T20:30:00Z,2026-08-04T16:30:00-04:00,2026-08-08,PAIR,2026-08-08T20:30:00Z,2026-08-04T20:30:00Z,96,6h,false,2026-08-08T17:30:00Z,,0.1.0-prior-only,0.028604,0.043969,0.018281,0.933039,0.038837,0.048212,0.973483,0.066933,0.0028,0.000444,0.200000,no-alert,0.000000,0.166961,low,schedule_unverified;no_eligible_observations;prior_only,data/source_manifest.json,,,
f51aade9441c1f9d,2026-08-11T12:00:00Z,2026-08-05T02:30:00Z,2026-08-04T22:30:00-04:00,2026-08-08,PAIR,2026-08-08T20:30:00Z,2026-08-05T02:30:00Z,90,6h,false,2026-08-08T17:30:00Z,,0.1.0-prior-only,0.028777,0.044187,0.018355,0.933011,0.038853,0.048232,0.973472,0.066961,0.0028,0.000446,0.200000,no-alert,0.000000,0.166989,low,schedule_unverified;no_eligible_observations;prior_only,data/source_manifest.json,,,
c6cd9d9c6a5b28eb,2026-08-11T12:00:00Z,2026-08-05T08:30:00Z,2026-08-05T04:30:00-04:00,2026-08-08,PAIR,2026-08-08T20:30:00Z,2026-08-05T08:30:00Z,84,6h,false,2026-08-08T17:30:00Z,,0.1.0-prior-only,0.028951,0.044406,0.018430,0.932983,0.038870,0.048252,0.973461,0.066989,0.0028,0.000448,0.200000,no-alert,0.000000,0.167017,low,schedule_unverified;no_eligible_observations;prior_only,data/source_manifest.json,,,
939c8cad1147f19e,2026-08-11T12:00:00Z,2026-08-05T14:30:00Z,2026-08-05T10:30:00-04:00,2026-08-08,PAIR,2026-08-08T20:30:00Z,2026-08-05T14:30:00Z,78,6h,false,2026-08-08T17:30:00Z,,0.1.0-prior-only,0.029126,0.044626,0.018505,0.932955,0.038886,0.048272,0.973450,0.067017,0.0028,0.000451,0.200000,no-alert,0.000000,0.167045,low,schedule_unverified;no_eligible_observations;prior_only,data/source_manifest.json,,,
799c579cec2c43ce,2026-08-11T12:00:00Z,2026-08-05T20:30:00Z,2026-08-05T16:30:00-04:00,2026-08-08,PAIR,2026-08-08T20:30:00Z,2026-08-05T20:30:00Z,72,6h,false,2026-08-08T17:30:00Z,,0.1.0-prior-only,0.029302,0.044847,0.018580,0.932927,0.038902,0.048293,0.973439,0.067045,0.0028,0.000453,0.200000,no-alert,0.000000,0.167073,low,schedule_unverified;no_eligible_observations;prior_only,data/source_manifest.json,,,
ff540a8d85cdb5c7,2026-08-11T12:00:00Z,2026-08-06T02:30:00Z,2026-08-05T22:30:00-04:00,2026-08-08,PAIR,2026-08-08T20:30:00Z,2026-08-06T02:30:00Z,66,6h,false,2026-08-08T17:30:00Z,,0.1.0-prior-only,0.029479,0.045069,0.018656,0.932898,0.038919,0.048313,0.973428,0.067073,0.0028,0.000455,0.200000,no-alert,0.000000,0.167102,low,schedule_unverified;no_eligible_observations;prior_only,data/source_manifest.json,,,
d52885f1e676b2bf,2026-08-11T12:00:00Z,2026-08-06T08:30:00Z,2026-08-06T04:30:00-04:00,2026-08-08,PAIR,2026-08-08T20:30:00Z,2026-08-06T08:30:00Z,60,6h,false,2026-08-08T17:30:00Z,,0.1.0-prior-only,0.029658,0.045292,0.018732,0.932870,0.038936,0.048334,0.973416,0.067102,0.0029,0.000457,0.200000,no-alert,0.000000,0.167130,low,schedule_unverified;no_eligible_observations;prior_only,data/source_manifest.json,,,
5b98c33513a78828,2026-08-11T12:00:00Z,2026-08-06T14:30:00Z,2026-08-06T10:30:00-04:00,2026-08-08,PAIR,2026-08-08T20:30:00Z,2026-08-06T14:30:00Z,54,6h,false,2026-08-08T17:30:00Z,,0.1.0-prior-only,0.029837,0.045516,0.018808,0.932841,0.038952,0.048355,0.973405,0.067130,0.0029,0.000460,0.200000,no-alert,0.000000,0.167159,low,schedule_unverified;no_eligible_observations;prior_only,data/source_manifest.json,,,
7ceefe6528282149,2026-08-11T12:00:00Z,2026-08-06T20:30:00Z,2026-08-06T16:30:00-04:00,2026-08-08,PAIR,2026-08-08T20:30:00Z,2026-08-06T20:30:00Z,48,6h,false,2026-08-08T17:30:00Z,,0.1.0-prior-only,0.030017,0.045741,0.018885,0.932812,0.038969,0.048375,0.973393,0.067159,0.0029,0.000462,0.200000,no-alert,0.000000,0.167188,low,schedule_unverified;no_eligible_observations;prior_only,data/source_manifest.json,,,
9c2003edcb8277ee,2026-08-11T12:00:00Z,2026-08-06T22:30:00Z,2026-08-06T18:30:00-04:00,2026-08-08,PAIR,2026-08-08T20:30:00Z,2026-08-06T22:30:00Z,46,2h,false,2026-08-08T17:30:00Z,,0.1.0-prior-only,0.030077,0.045817,0.018910,0.932802,0.038975,0.048382,0.973390,0.067188,0.0010,0.000155,0.200000,no-alert,0.000000,0.167198,low,schedule_unverified;no_eligible_observations;prior_only,data/source_manifest.json,,,
02ce2081f55de467,2026-08-11T12:00:00Z,2026-08-07T00:30:00Z,2026-08-06T20:30:00-04:00,2026-08-08,PAIR,2026-08-08T20:30:00Z,2026-08-07T00:30:00Z,44,2h,false,2026-08-08T17:30:00Z,,0.1.0-prior-only,0.030138,0.045892,0.018936,0.932792,0.038980,0.048389,0.973386,0.067198,0.0010,0.000155,0.200000,no-alert,0.000000,0.167208,low,schedule_unverified;no_eligible_observations;prior_only,data/source_manifest.json,,,
8bc396cf66ed89be,2026-08-11T12:00:00Z,2026-08-07T02:30:00Z,2026-08-06T22:30:00-04:00,2026-08-08,PAIR,2026-08-08T20:30:00Z,2026-08-07T02:30:00Z,42,2h,false,2026-08-08T17:30:00Z,,0.1.0-prior-only,0.030198,0.045968,0.018961,0.932783,0.038986,0.048396,0.973382,0.067208,0.0010,0.000155,0.200000,no-alert,0.000000,0.167217,low,schedule_unverified;no_eligible_observations;prior_only,data/source_manifest.json,,,
4288a18b74f5c836,2026-08-11T12:00:00Z,2026-08-07T04:30:00Z,2026-08-07T00:30:00-04:00,2026-08-08,PAIR,2026-08-08T20:30:00Z,2026-08-07T04:30:00Z,40,2h,false,2026-08-08T17:30:00Z,,0.1.0-prior-only,0.030259,0.046043,0.018987,0.932773,0.038992,0.048403,0.973378,0.067217,0.0010,0.000155,0.200000,no-alert,0.000000,0.167227,low,schedule_unverified;no_eligible_observations;prior_only,data/source_manifest.json,,,
ac6aba9313783574,2026-08-11T12:00:00Z,2026-08-07T06:30:00Z,2026-08-07T02:30:00-04:00,2026-08-08,PAIR,2026-08-08T20:30:00Z,2026-08-07T06:30:00Z,38,2h,false,2026-08-08T17:30:00Z,,0.1.0-prior-only,0.030320,0.046119,0.019013,0.932763,0.038997,0.048410,0.973374,0.067227,0.0010,0.000156,0.200000,no-alert,0.000000,0.167237,low,schedule_unverified;no_eligible_observations;prior_only,data/source_manifest.json,,,
7b77458d0e382c85,2026-08-11T12:00:00Z,2026-08-07T08:30:00Z,2026-08-07T04:30:00-04:00,2026-08-08,PAIR,2026-08-08T20:30:00Z,2026-08-07T08:30:00Z,36,2h,false,2026-08-08T17:30:00Z,,0.1.0-prior-only,0.030380,0.046195,0.019039,0.932753,0.039003,0.048418,0.973370,0.067237,0.0010,0.000156,0.200000,no-alert,0.000000,0.167247,low,schedule_unverified;no_eligible_observations;prior_only,data/source_manifest.json,,,
b9fd38633190e06b,2026-08-11T12:00:00Z,2026-08-07T10:30:00Z,2026-08-07T06:30:00-04:00,2026-08-08,PAIR,2026-08-08T20:30:00Z,2026-08-07T10:30:00Z,34,2h,false,2026-08-08T17:30:00Z,,0.1.0-prior-only,0.030441,0.046271,0.019064,0.932744,0.039009,0.048425,0.973366,0.067247,0.0010,0.000156,0.200000,no-alert,0.000000,0.167256,low,schedule_unverified;no_eligible_observations;prior_only,data/source_manifest.json,,,
4a657db545799007,2026-08-11T12:00:00Z,2026-08-07T12:30:00Z,2026-08-07T08:30:00-04:00,2026-08-08,PAIR,2026-08-08T20:30:00Z,2026-08-07T12:30:00Z,32,2h,false,2026-08-08T17:30:00Z,,0.1.0-prior-only,0.030503,0.046347,0.019090,0.932734,0.039014,0.048432,0.973363,0.067256,0.0010,0.000156,0.200000,no-alert,0.000000,0.167266,low,schedule_unverified;no_eligible_observations;prior_only,data/source_manifest.json,,,
bf8b3d26311149ff,2026-08-11T12:00:00Z,2026-08-07T14:30:00Z,2026-08-07T10:30:00-04:00,2026-08-08,PAIR,2026-08-08T20:30:00Z,2026-08-07T14:30:00Z,30,2h,false,2026-08-08T17:30:00Z,,0.1.0-prior-only,0.030564,0.046424,0.019116,0.932724,0.039020,0.048439,0.973359,0.067266,0.0010,0.000157,0.200000,no-alert,0.000000,0.167276,low,schedule_unverified;no_eligible_observations;prior_only,data/source_manifest.json,,,
e31aa42b3c270606,2026-08-11T12:00:00Z,2026-08-07T16:30:00Z,2026-08-07T12:30:00-04:00,2026-08-08,PAIR,2026-08-08T20:30:00Z,2026-08-07T16:30:00Z,28,2h,false,2026-08-08T17:30:00Z,,0.1.0-prior-only,0.030625,0.046500,0.019142,0.932714,0.039026,0.048446,0.973355,0.067276,0.0010,0.000157,0.200000,no-alert,0.000000,0.167286,low,schedule_unverified;no_eligible_observations;prior_only,data/source_manifest.json,,,
084e7d4287bf1f68,2026-08-11T12:00:00Z,2026-08-07T18:30:00Z,2026-08-07T14:30:00-04:00,2026-08-08,PAIR,2026-08-08T20:30:00Z,2026-08-07T18:30:00Z,26,2h,false,2026-08-08T17:30:00Z,,0.1.0-prior-only,0.030687,0.046576,0.019168,0.932704,0.039032,0.048453,0.973351,0.067286,0.0010,0.000157,0.200000,no-alert,0.000000,0.167296,low,schedule_unverified;no_eligible_observations;prior_only,data/source_manifest.json,,,
4b19d2878e72c1f2,2026-08-11T12:00:00Z,2026-08-07T20:30:00Z,2026-08-07T16:30:00-04:00,2026-08-08,PAIR,2026-08-08T20:30:00Z,2026-08-07T20:30:00Z,24,2h,false,2026-08-08T17:30:00Z,,0.1.0-prior-only,0.030748,0.046653,0.019194,0.932694,0.039037,0.048460,0.973347,0.067296,0.0010,0.000157,0.200000,no-alert,0.000000,0.167306,low,schedule_unverified;no_eligible_observations;prior_only,data/source_manifest.json,,,
f75111686c9ddccc,2026-08-11T12:00:00Z,2026-08-07T22:30:00Z,2026-08-07T18:30:00-04:00,2026-08-08,PAIR,2026-08-08T20:30:00Z,2026-08-07T22:30:00Z,22,2h,false,2026-08-08T17:30:00Z,,0.1.0-prior-only,0.030810,0.046730,0.019220,0.932684,0.039043,0.048467,0.973343,0.067306,0.0010,0.000158,0.200000,no-alert,0.000000,0.167316,low,schedule_unverified;no_eligible_observations;prior_only,data/source_manifest.json,,,
0bafded7491c4949,2026-08-11T12:00:00Z,2026-08-08T00:30:00Z,2026-08-07T20:30:00-04:00,2026-08-08,PAIR,2026-08-08T20:30:00Z,2026-08-08T00:30:00Z,20,2h,false,2026-08-08T17:30:00Z,,0.1.0-prior-only,0.030872,0.046807,0.019246,0.932675,0.039049,0.048474,0.973339,0.067316,0.0010,0.000158,0.200000,no-alert,0.000000,0.167325,low,schedule_unverified;no_eligible_observations;prior_only,data/source_manifest.json,,,
583684a9862bcdf2,2026-08-11T12:00:00Z,2026-08-08T02:30:00Z,2026-08-07T22:30:00-04:00,2026-08-08,PAIR,2026-08-08T20:30:00Z,2026-08-08T02:30:00Z,18,2h,false,2026-08-08T17:30:00Z,,0.1.0-prior-only,0.030934,0.046884,0.019272,0.932665,0.039055,0.048481,0.973335,0.067325,0.0010,0.000158,0.200000,no-alert,0.000000,0.167335,low,schedule_unverified;no_eligible_observations;prior_only,data/source_manifest.json,,,
cf13e37a82b56656,2026-08-11T12:00:00Z,2026-08-08T04:30:00Z,2026-08-08T00:30:00-04:00,2026-08-08,PAIR,2026-08-08T20:30:00Z,2026-08-08T04:30:00Z,16,2h,false,2026-08-08T17:30:00Z,,0.1.0-prior-only,0.030996,0.046961,0.019298,0.932655,0.039060,0.048489,0.973331,0.067335,0.0010,0.000159,0.200000,no-alert,0.000000,0.167345,low,schedule_unverified;no_eligible_observations;prior_only,data/source_manifest.json,,,
85201eb441d441e2,2026-08-11T12:00:00Z,2026-08-08T06:30:00Z,2026-08-08T02:30:00-04:00,2026-08-08,PAIR,2026-08-08T20:30:00Z,2026-08-08T06:30:00Z,14,2h,false,2026-08-08T17:30:00Z,,0.1.0-prior-only,0.031058,0.047038,0.019324,0.932645,0.039066,0.048496,0.973327,0.067345,0.0010,0.000159,0.200000,no-alert,0.000000,0.167355,low,schedule_unverified;no_eligible_observations;prior_only,data/source_manifest.json,,,
8e51cb7a91fc278c,2026-08-11T12:00:00Z,2026-08-08T08:30:00Z,2026-08-08T04:30:00-04:00,2026-08-08,PAIR,2026-08-08T20:30:00Z,2026-08-08T08:30:00Z,12,2h,false,2026-08-08T17:30:00Z,,0.1.0-prior-only,0.031120,0.047115,0.019350,0.932635,0.039072,0.048503,0.973323,0.067355,0.0010,0.000159,0.200000,no-alert,0.000000,0.167365,low,schedule_unverified;no_eligible_observations;prior_only,data/source_manifest.json,,,
30cf2950d5061c00,2026-08-11T12:00:00Z,2026-08-08T10:30:00Z,2026-08-08T06:30:00-04:00,2026-08-08,PAIR,2026-08-08T20:30:00Z,2026-08-08T10:30:00Z,10,2h,false,2026-08-08T17:30:00Z,,0.1.0-prior-only,0.031183,0.047193,0.019376,0.932625,0.039078,0.048510,0.973319,0.067365,0.0010,0.000159,0.200000,no-alert,0.000000,0.167375,low,schedule_unverified;no_eligible_observations;prior_only,data/source_manifest.json,,,
9dc70cc71c5f843f,2026-08-11T12:00:00Z,2026-08-08T12:30:00Z,2026-08-08T08:30:00-04:00,2026-08-08,PAIR,2026-08-08T20:30:00Z,2026-08-08T12:30:00Z,8,2h,false,2026-08-08T17:30:00Z,,0.1.0-prior-only,0.031245,0.047270,0.019403,0.932615,0.039083,0.048517,0.973315,0.067375,0.0010,0.000160,0.200000,no-alert,0.000000,0.167385,low,schedule_unverified;no_eligible_observations;prior_only,data/source_manifest.json,,,
e37cca532e3ffa11,2026-08-11T12:00:00Z,2026-08-08T14:30:00Z,2026-08-08T10:30:00-04:00,2026-08-08,PAIR,2026-08-08T20:30:00Z,2026-08-08T14:30:00Z,6,2h,false,2026-08-08T17:30:00Z,,0.1.0-prior-only,0.031308,0.047348,0.019429,0.932605,0.039089,0.048525,0.973311,0.067385,0.0010,0.000160,0.200000,no-alert,0.000000,0.167395,low,schedule_unverified;no_eligible_observations;prior_only,data/source_manifest.json,,,
d2f50e4cd2347df0,2026-08-11T12:00:00Z,2026-08-08T16:30:00Z,2026-08-08T12:30:00-04:00,2026-08-08,PAIR,2026-08-08T20:30:00Z,2026-08-08T16:30:00Z,4,2h,true,2026-08-08T17:30:00Z,,0.1.0-prior-only,0.031371,0.047426,0.019455,0.932595,0.039095,0.048532,0.973307,0.067395,0.0010,0.000160,0.200000,no-alert,0.000000,0.167405,low,schedule_unverified;no_eligible_observations;prior_only,data/source_manifest.json,,,
8209a373e8e8db9a,2026-08-11T12:00:00Z,2026-08-04T20:30:00Z,2026-08-04T16:30:00-04:00,2026-08-09,B6317,2026-08-09T20:30:00Z,2026-08-04T20:30:00Z,120,6h,false,2026-08-09T17:30:00Z,,0.1.0-prior-only,0.027923,0.043107,0.017986,0.933149,0.038774,0.048133,0.973527,,,,0.200000,no-alert,0.000000,0.127923,low,schedule_unverified;no_eligible_observations;prior_only,data/source_manifest.json,,,
43369076b6f781d8,2026-08-11T12:00:00Z,2026-08-05T02:30:00Z,2026-08-04T22:30:00-04:00,2026-08-09,B6317,2026-08-09T20:30:00Z,2026-08-05T02:30:00Z,114,6h,false,2026-08-09T17:30:00Z,,0.1.0-prior-only,0.028092,0.043321,0.018059,0.933122,0.038789,0.048152,0.973516,0.027923,0.0169,0.006207,0.200000,no-alert,0.000000,0.128092,low,schedule_unverified;no_eligible_observations;prior_only,data/source_manifest.json,,,
654951846038f737,2026-08-11T12:00:00Z,2026-08-05T08:30:00Z,2026-08-05T04:30:00-04:00,2026-08-09,B6317,2026-08-09T20:30:00Z,2026-08-05T08:30:00Z,108,6h,false,2026-08-09T17:30:00Z,,0.1.0-prior-only,0.028262,0.043536,0.018133,0.933094,0.038805,0.048172,0.973505,0.028092,0.0170,0.006207,0.200000,no-alert,0.000000,0.128262,low,schedule_unverified;no_eligible_observations;prior_only,data/source_manifest.json,,,
b2f4e59b4f7dbbfb,2026-08-11T12:00:00Z,2026-08-05T14:30:00Z,2026-08-05T10:30:00-04:00,2026-08-09,B6317,2026-08-09T20:30:00Z,2026-08-05T14:30:00Z,102,6h,false,2026-08-09T17:30:00Z,,0.1.0-prior-only,0.028432,0.043752,0.018207,0.933067,0.038821,0.048192,0.973494,0.028262,0.0171,0.006207,0.200000,no-alert,0.000000,0.128432,low,schedule_unverified;no_eligible_observations;prior_only,data/source_manifest.json,,,
98ca7f8914406f54,2026-08-11T12:00:00Z,2026-08-05T20:30:00Z,2026-08-05T16:30:00-04:00,2026-08-09,B6317,2026-08-09T20:30:00Z,2026-08-05T20:30:00Z,96,6h,false,2026-08-09T17:30:00Z,,0.1.0-prior-only,0.028604,0.043969,0.018281,0.933039,0.038837,0.048212,0.973483,0.028432,0.0172,0.006207,0.200000,no-alert,0.000000,0.128604,low,schedule_unverified;no_eligible_observations;prior_only,data/source_manifest.json,,,
7888f182005d6efa,2026-08-11T12:00:00Z,2026-08-06T02:30:00Z,2026-08-05T22:30:00-04:00,2026-08-09,B6317,2026-08-09T20:30:00Z,2026-08-06T02:30:00Z,90,6h,false,2026-08-09T17:30:00Z,,0.1.0-prior-only,0.028777,0.044187,0.018355,0.933011,0.038853,0.048232,0.973472,0.028604,0.0173,0.006207,0.200000,no-alert,0.000000,0.128777,low,schedule_unverified;no_eligible_observations;prior_only,data/source_manifest.json,,,
87cad1c55da1ad53,2026-08-11T12:00:00Z,2026-08-06T08:30:00Z,2026-08-06T04:30:00-04:00,2026-08-09,B6317,2026-08-09T20:30:00Z,2026-08-06T08:30:00Z,84,6h,false,2026-08-09T17:30:00Z,,0.1.0-prior-only,0.028951,0.044406,0.018430,0.932983,0.038870,0.048252,0.973461,0.028777,0.0174,0.006207,0.200000,no-alert,0.000000,0.128951,low,schedule_unverified;no_eligible_observations;prior_only,data/source_manifest.json,,,
7ea6e714a50cd095,2026-08-11T12:00:00Z,2026-08-06T14:30:00Z,2026-08-06T10:30:00-04:00,2026-08-09,B6317,2026-08-09T20:30:00Z,2026-08-06T14:30:00Z,78,6h,false,2026-08-09T17:30:00Z,,0.1.0-prior-only,0.029126,0.044626,0.018505,0.932955,0.038886,0.048272,0.973450,0.028951,0.0175,0.006207,0.200000,no-alert,0.000000,0.129126,low,schedule_unverified;no_eligible_observations;prior_only,data/source_manifest.json,,,
6fd7576203703ff6,2026-08-11T12:00:00Z,2026-08-06T20:30:00Z,2026-08-06T16:30:00-04:00,2026-08-09,B6317,2026-08-09T20:30:00Z,2026-08-06T20:30:00Z,72,6h,false,2026-08-09T17:30:00Z,,0.1.0-prior-only,0.029302,0.044847,0.018580,0.932927,0.038902,0.048293,0.973439,0.029126,0.0176,0.006207,0.200000,no-alert,0.000000,0.129302,low,schedule_unverified;no_eligible_observations;prior_only,data/source_manifest.json,,,
3d4fe77ac06b891b,2026-08-11T12:00:00Z,2026-08-07T02:30:00Z,2026-08-06T22:30:00-04:00,2026-08-09,B6317,2026-08-09T20:30:00Z,2026-08-07T02:30:00Z,66,6h,false,2026-08-09T17:30:00Z,,0.1.0-prior-only,0.029479,0.045069,0.018656,0.932898,0.038919,0.048313,0.973428,0.029302,0.0177,0.006207,0.200000,no-alert,0.000000,0.129479,low,schedule_unverified;no_eligible_observations;prior_only,data/source_manifest.json,,,
65c0805832bd4956,2026-08-11T12:00:00Z,2026-08-07T08:30:00Z,2026-08-07T04:30:00-04:00,2026-08-09,B6317,2026-08-09T20:30:00Z,2026-08-07T08:30:00Z,60,6h,false,2026-08-09T17:30:00Z,,0.1.0-prior-only,0.029658,0.045292,0.018732,0.932870,0.038936,0.048334,0.973416,0.029479,0.0178,0.006207,0.200000,no-alert,0.000000,0.129658,low,schedule_unverified;no_eligible_observations;prior_only,data/source_manifest.json,,,
773d6f7892b96b89,2026-08-11T12:00:00Z,2026-08-07T14:30:00Z,2026-08-07T10:30:00-04:00,2026-08-09,B6317,2026-08-09T20:30:00Z,2026-08-07T14:30:00Z,54,6h,false,2026-08-09T17:30:00Z,,0.1.0-prior-only,0.029837,0.045516,0.018808,0.932841,0.038952,0.048355,0.973405,0.029658,0.0179,0.006207,0.200000,no-alert,0.000000,0.129837,low,schedule_unverified;no_eligible_observations;prior_only,data/source_manifest.json,,,
02fe29a67be2c06a,2026-08-11T12:00:00Z,2026-08-07T20:30:00Z,2026-08-07T16:30:00-04:00,2026-08-09,B6317,2026-08-09T20:30:00Z,2026-08-07T20:30:00Z,48,6h,false,2026-08-09T17:30:00Z,,0.1.0-prior-only,0.030017,0.045741,0.018885,0.932812,0.038969,0.048375,0.973393,0.029837,0.0180,0.006207,0.200000,no-alert,0.000000,0.130017,low,schedule_unverified;no_eligible_observations;prior_only,data/source_manifest.json,,,
f6e0319fd8f42d9a,2026-08-11T12:00:00Z,2026-08-07T22:30:00Z,2026-08-07T18:30:00-04:00,2026-08-09,B6317,2026-08-09T20:30:00Z,2026-08-07T22:30:00Z,46,2h,false,2026-08-09T17:30:00Z,,0.1.0-prior-only,0.030077,0.045817,0.018910,0.932802,0.038975,0.048382,0.973390,0.030017,0.0060,0.002069,0.200000,no-alert,0.000000,0.130077,low,schedule_unverified;no_eligible_observations;prior_only,data/source_manifest.json,,,
3beae9c482969638,2026-08-11T12:00:00Z,2026-08-08T00:30:00Z,2026-08-07T20:30:00-04:00,2026-08-09,B6317,2026-08-09T20:30:00Z,2026-08-08T00:30:00Z,44,2h,false,2026-08-09T17:30:00Z,,0.1.0-prior-only,0.030138,0.045892,0.018936,0.932792,0.038980,0.048389,0.973386,0.030077,0.0060,0.002069,0.200000,no-alert,0.000000,0.130138,low,schedule_unverified;no_eligible_observations;prior_only,data/source_manifest.json,,,
a20cb423714b3a0b,2026-08-11T12:00:00Z,2026-08-08T02:30:00Z,2026-08-07T22:30:00-04:00,2026-08-09,B6317,2026-08-09T20:30:00Z,2026-08-08T02:30:00Z,42,2h,false,2026-08-09T17:30:00Z,,0.1.0-prior-only,0.030198,0.045968,0.018961,0.932783,0.038986,0.048396,0.973382,0.030138,0.0061,0.002069,0.200000,no-alert,0.000000,0.130198,low,schedule_unverified;no_eligible_observations;prior_only,data/source_manifest.json,,,
3d8f8152f7613125,2026-08-11T12:00:00Z,2026-08-08T04:30:00Z,2026-08-08T00:30:00-04:00,2026-08-09,B6317,2026-08-09T20:30:00Z,2026-08-08T04:30:00Z,40,2h,false,2026-08-09T17:30:00Z,,0.1.0-prior-only,0.030259,0.046043,0.018987,0.932773,0.038992,0.048403,0.973378,0.030198,0.0061,0.002069,0.200000,no-alert,0.000000,0.130259,low,schedule_unverified;no_eligible_observations;prior_only,data/source_manifest.json,,,
786b6730a85b7ae8,2026-08-11T12:00:00Z,2026-08-08T06:30:00Z,2026-08-08T02:30:00-04:00,2026-08-09,B6317,2026-08-09T20:30:00Z,2026-08-08T06:30:00Z,38,2h,false,2026-08-09T17:30:00Z,,0.1.0-prior-only,0.030320,0.046119,0.019013,0.932763,0.038997,0.048410,0.973374,0.030259,0.0061,0.002069,0.200000,no-alert,0.000000,0.130320,low,schedule_unverified;no_eligible_observations;prior_only,data/source_manifest.json,,,
8476422087bac99a,2026-08-11T12:00:00Z,2026-08-08T08:30:00Z,2026-08-08T04:30:00-04:00,2026-08-09,B6317,2026-08-09T20:30:00Z,2026-08-08T08:30:00Z,36,2h,false,2026-08-09T17:30:00Z,,0.1.0-prior-only,0.030380,0.046195,0.019039,0.932753,0.039003,0.048418,0.973370,0.030320,0.0061,0.002069,0.200000,no-alert,0.000000,0.130380,low,schedule_unverified;no_eligible_observations;prior_only,data/source_manifest.json,,,
a6bc8286e2725c6b,2026-08-11T12:00:00Z,2026-08-08T10:30:00Z,2026-08-08T06:30:00-04:00,2026-08-09,B6317,2026-08-09T20:30:00Z,2026-08-08T10:30:00Z,34,2h,false,2026-08-09T17:30:00Z,,0.1.0-prior-only,0.030441,0.046271,0.019064,0.932744,0.039009,0.048425,0.973366,0.030380,0.0061,0.002069,0.200000,no-alert,0.000000,0.130441,low,schedule_unverified;no_eligible_observations;prior_only,data/source_manifest.json,,,
8150695f3fa035f8,2026-08-11T12:00:00Z,2026-08-08T12:30:00Z,2026-08-08T08:30:00-04:00,2026-08-09,B6317,2026-08-09T20:30:00Z,2026-08-08T12:30:00Z,32,2h,false,2026-08-09T17:30:00Z,,0.1.0-prior-only,0.030503,0.046347,0.019090,0.932734,0.039014,0.048432,0.973363,0.030441,0.0061,0.002069,0.200000,no-alert,0.000000,0.130503,low,schedule_unverified;no_eligible_observations;prior_only,data/source_manifest.json,,,
3aa79affe5d2856d,2026-08-11T12:00:00Z,2026-08-08T14:30:00Z,2026-08-08T10:30:00-04:00,2026-08-09,B6317,2026-08-09T20:30:00Z,2026-08-08T14:30:00Z,30,2h,false,2026-08-09T17:30:00Z,,0.1.0-prior-only,0.030564,0.046424,0.019116,0.932724,0.039020,0.048439,0.973359,0.030503,0.0061,0.002069,0.200000,no-alert,0.000000,0.130564,low,schedule_unverified;no_eligible_observations;prior_only,data/source_manifest.json,,,
7725c8ebb7c0734e,2026-08-11T12:00:00Z,2026-08-08T16:30:00Z,2026-08-08T12:30:00-04:00,2026-08-09,B6317,2026-08-09T20:30:00Z,2026-08-08T16:30:00Z,28,2h,false,2026-08-09T17:30:00Z,,0.1.0-prior-only,0.030625,0.046500,0.019142,0.932714,0.039026,0.048446,0.973355,0.030564,0.0061,0.002069,0.200000,no-alert,0.000000,0.130625,low,schedule_unverified;no_eligible_observations;prior_only,data/source_manifest.json,,,
8946f034a72adf4b,2026-08-11T12:00:00Z,2026-08-08T18:30:00Z,2026-08-08T14:30:00-04:00,2026-08-09,B6317,2026-08-09T20:30:00Z,2026-08-08T18:30:00Z,26,2h,false,2026-08-09T17:30:00Z,,0.1.0-prior-only,0.030687,0.046576,0.019168,0.932704,0.039032,0.048453,0.973351,0.030625,0.0061,0.002069,0.200000,no-alert,0.000000,0.130687,low,schedule_unverified;no_eligible_observations;prior_only,data/source_manifest.json,,,
bfa8fdaca577ea5a,2026-08-11T12:00:00Z,2026-08-08T20:30:00Z,2026-08-08T16:30:00-04:00,2026-08-09,B6317,2026-08-09T20:30:00Z,2026-08-08T20:30:00Z,24,2h,false,2026-08-09T17:30:00Z,,0.1.0-prior-only,0.030748,0.046653,0.019194,0.932694,0.039037,0.048460,0.973347,0.030687,0.0062,0.002069,0.200000,no-alert,0.000000,0.130748,low,schedule_unverified;no_eligible_observations;prior_only,data/source_manifest.json,,,
67afa2df0dc2e891,2026-08-11T12:00:00Z,2026-08-08T22:30:00Z,2026-08-08T18:30:00-04:00,2026-08-09,B6317,2026-08-09T20:30:00Z,2026-08-08T22:30:00Z,22,2h,false,2026-08-09T17:30:00Z,,0.1.0-prior-only,0.030810,0.046730,0.019220,0.932684,0.039043,0.048467,0.973343,0.030748,0.0062,0.002069,0.200000,no-alert,0.000000,0.130810,low,schedule_unverified;no_eligible_observations;prior_only,data/source_manifest.json,,,
2f2f245bddbe99e0,2026-08-11T12:00:00Z,2026-08-09T00:30:00Z,2026-08-08T20:30:00-04:00,2026-08-09,B6317,2026-08-09T20:30:00Z,2026-08-09T00:30:00Z,20,2h,false,2026-08-09T17:30:00Z,,0.1.0-prior-only,0.030872,0.046807,0.019246,0.932675,0.039049,0.048474,0.973339,0.030810,0.0062,0.002069,0.200000,no-alert,0.000000,0.130872,low,schedule_unverified;no_eligible_observations;prior_only,data/source_manifest.json,,,
9b71f7648a6f1172,2026-08-11T12:00:00Z,2026-08-09T02:30:00Z,2026-08-08T22:30:00-04:00,2026-08-09,B6317,2026-08-09T20:30:00Z,2026-08-09T02:30:00Z,18,2h,false,2026-08-09T17:30:00Z,,0.1.0-prior-only,0.030934,0.046884,0.019272,0.932665,0.039055,0.048481,0.973335,0.030872,0.0062,0.002069,0.200000,no-alert,0.000000,0.130934,low,schedule_unverified;no_eligible_observations;prior_only,data/source_manifest.json,,,
898ea3cbd1030b14,2026-08-11T12:00:00Z,2026-08-09T04:30:00Z,2026-08-09T00:30:00-04:00,2026-08-09,B6317,2026-08-09T20:30:00Z,2026-08-09T04:30:00Z,16,2h,false,2026-08-09T17:30:00Z,,0.1.0-prior-only,0.030996,0.046961,0.019298,0.932655,0.039060,0.048489,0.973331,0.030934,0.0062,0.002069,0.200000,no-alert,0.000000,0.130996,low,schedule_unverified;no_eligible_observations;prior_only,data/source_manifest.json,,,
a09eb44a2f0bac5d,2026-08-11T12:00:00Z,2026-08-09T06:30:00Z,2026-08-09T02:30:00-04:00,2026-08-09,B6317,2026-08-09T20:30:00Z,2026-08-09T06:30:00Z,14,2h,false,2026-08-09T17:30:00Z,,0.1.0-prior-only,0.031058,0.047038,0.019324,0.932645,0.039066,0.048496,0.973327,0.030996,0.0062,0.002069,0.200000,no-alert,0.000000,0.131058,low,schedule_unverified;no_eligible_observations;prior_only,data/source_manifest.json,,,
db7f8183c8ef63b2,2026-08-11T12:00:00Z,2026-08-09T08:30:00Z,2026-08-09T04:30:00-04:00,2026-08-09,B6317,2026-08-09T20:30:00Z,2026-08-09T08:30:00Z,12,2h,false,2026-08-09T17:30:00Z,,0.1.0-prior-only,0.031120,0.047115,0.019350,0.932635,0.039072,0.048503,0.973323,0.031058,0.0062,0.002069,0.200000,no-alert,0.000000,0.131120,low,schedule_unverified;no_eligible_observations;prior_only,data/source_manifest.json,,,
64f28b5cf9cdc31b,2026-08-11T12:00:00Z,2026-08-09T10:30:00Z,2026-08-09T06:30:00-04:00,2026-08-09,B6317,2026-08-09T20:30:00Z,2026-08-09T10:30:00Z,10,2h,false,2026-08-09T17:30:00Z,,0.1.0-prior-only,0.031183,0.047193,0.019376,0.932625,0.039078,0.048510,0.973319,0.031120,0.0062,0.002069,0.200000,no-alert,0.000000,0.131183,low,schedule_unverified;no_eligible_observations;prior_only,data/source_manifest.json,,,
d6ee9aa5ab31d671,2026-08-11T12:00:00Z,2026-08-09T12:30:00Z,2026-08-09T08:30:00-04:00,2026-08-09,B6317,2026-08-09T20:30:00Z,2026-08-09T12:30:00Z,8,2h,false,2026-08-09T17:30:00Z,,0.1.0-prior-only,0.031245,0.047270,0.019403,0.932615,0.039083,0.048517,0.973315,0.031183,0.0063,0.002069,0.200000,no-alert,0.000000,0.131245,low,schedule_unverified;no_eligible_observations;prior_only,data/source_manifest.json,,,
be5a640fc5cde126,2026-08-11T12:00:00Z,2026-08-09T14:30:00Z,2026-08-09T10:30:00-04:00,2026-08-09,B6317,2026-08-09T20:30:00Z,2026-08-09T14:30:00Z,6,2h,false,2026-08-09T17:30:00Z,,0.1.0-prior-only,0.031308,0.047348,0.019429,0.932605,0.039089,0.048525,0.973311,0.031245,0.0063,0.002069,0.200000,no-alert,0.000000,0.131308,low,schedule_unverified;no_eligible_observations;prior_only,data/source_manifest.json,,,
0e71b943e2cdbb5c,2026-08-11T12:00:00Z,2026-08-09T16:30:00Z,2026-08-09T12:30:00-04:00,2026-08-09,B6317,2026-08-09T20:30:00Z,2026-08-09T16:30:00Z,4,2h,true,2026-08-09T17:30:00Z,,0.1.0-prior-only,0.031371,0.047426,0.019455,0.932595,0.039095,0.048532,0.973307,0.031308,0.0063,0.002069,0.200000,no-alert,0.000000,0.131371,low,schedule_unverified;no_eligible_observations;prior_only,data/source_manifest.json,,,
42ccadc49ef942bb,2026-08-11T12:00:00Z,2026-08-05T02:15:00Z,2026-08-04T22:15:00-04:00,2026-08-09,SQ23,2026-08-10T02:15:00Z,2026-08-05T02:15:00Z,120,6h,false,2026-08-09T23:15:00Z,,0.1.0-prior-only,0.027923,0.043107,0.017986,0.933149,0.038774,0.048133,0.973527,,,,0.200000,no-alert,0.000000,0.117986,low,schedule_unverified;no_eligible_observations;prior_only,data/source_manifest.json,,,
30f5f0647b412940,2026-08-11T12:00:00Z,2026-08-05T08:15:00Z,2026-08-05T04:15:00-04:00,2026-08-09,SQ23,2026-08-10T02:15:00Z,2026-08-05T08:15:00Z,114,6h,false,2026-08-09T23:15:00Z,,0.1.0-prior-only,0.028092,0.043321,0.018059,0.933122,0.038789,0.048152,0.973516,0.017986,0.0073,0.004138,0.200000,no-alert,0.000000,0.118059,low,schedule_unverified;no_eligible_observations;prior_only,data/source_manifest.json,,,
afc459139e3673c4,2026-08-11T12:00:00Z,2026-08-05T14:15:00Z,2026-08-05T10:15:00-04:00,2026-08-09,SQ23,2026-08-10T02:15:00Z,2026-08-05T14:15:00Z,108,6h,false,2026-08-09T23:15:00Z,,0.1.0-prior-only,0.028262,0.043536,0.018133,0.933094,0.038805,0.048172,0.973505,0.018059,0.0074,0.004138,0.200000,no-alert,0.000000,0.118133,low,schedule_unverified;no_eligible_observations;prior_only,data/source_manifest.json,,,
6939c27e4fdc8c92,2026-08-11T12:00:00Z,2026-08-05T20:15:00Z,2026-08-05T16:15:00-04:00,2026-08-09,SQ23,2026-08-10T02:15:00Z,2026-08-05T20:15:00Z,102,6h,false,2026-08-09T23:15:00Z,,0.1.0-prior-only,0.028432,0.043752,0.018207,0.933067,0.038821,0.048192,0.973494,0.018133,0.0074,0.004138,0.200000,no-alert,0.000000,0.118207,low,schedule_unverified;no_eligible_observations;prior_only,data/source_manifest.json,,,
20daac25031dca1b,2026-08-11T12:00:00Z,2026-08-06T02:15:00Z,2026-08-05T22:15:00-04:00,2026-08-09,SQ23,2026-08-10T02:15:00Z,2026-08-06T02:15:00Z,96,6h,false,2026-08-09T23:15:00Z,,0.1.0-prior-only,0.028604,0.043969,0.018281,0.933039,0.038837,0.048212,0.973483,0.018207,0.0074,0.004138,0.200000,no-alert,0.000000,0.118281,low,schedule_unverified;no_eligible_observations;prior_only,data/source_manifest.json,,,
039263ad02ef7fd3,2026-08-11T12:00:00Z,2026-08-06T08:15:00Z,2026-08-06T04:15:00-04:00,2026-08-09,SQ23,2026-08-10T02:15:00Z,2026-08-06T08:15:00Z,90,6h,false,2026-08-09T23:15:00Z,,0.1.0-prior-only,0.028777,0.044187,0.018355,0.933011,0.038853,0.048232,0.973472,0.018281,0.0074,0.004138,0.200000,no-alert,0.000000,0.118355,low,schedule_unverified;no_eligible_observations;prior_only,data/source_manifest.json,,,
c7ae11d71f5f36ba,2026-08-11T12:00:00Z,2026-08-06T14:15:00Z,2026-08-06T10:15:00-04:00,2026-08-09,SQ23,2026-08-10T02:15:00Z,2026-08-06T14:15:00Z,84,6h,false,2026-08-09T23:15:00Z,,0.1.0-prior-only,0.028951,0.044406,0.018430,0.932983,0.038870,0.048252,0.973461,0.018355,0.0075,0.004138,0.200000,no-alert,0.000000,0.118430,low,schedule_unverified;no_eligible_observations;prior_only,data/source_manifest.json,,,
d30c37ca37ce8ca7,2026-08-11T12:00:00Z,2026-08-06T20:15:00Z,2026-08-06T16:15:00-04:00,2026-08-09,SQ23,2026-08-10T02:15:00Z,2026-08-06T20:15:00Z,78,6h,false,2026-08-09T23:15:00Z,,0.1.0-prior-only,0.029126,0.044626,0.018505,0.932955,0.038886,0.048272,0.973450,0.018430,0.0075,0.004138,0.200000,no-alert,0.000000,0.118505,low,schedule_unverified;no_eligible_observations;prior_only,data/source_manifest.json,,,
40a51f201d357816,2026-08-11T12:00:00Z,2026-08-07T02:15:00Z,2026-08-06T22:15:00-04:00,2026-08-09,SQ23,2026-08-10T02:15:00Z,2026-08-07T02:15:00Z,72,6h,false,2026-08-09T23:15:00Z,,0.1.0-prior-only,0.029302,0.044847,0.018580,0.932927,0.038902,0.048293,0.973439,0.018505,0.0075,0.004138,0.200000,no-alert,0.000000,0.118580,low,schedule_unverified;no_eligible_observations;prior_only,data/source_manifest.json,,,
3be0716c40dacf4b,2026-08-11T12:00:00Z,2026-08-07T08:15:00Z,2026-08-07T04:15:00-04:00,2026-08-09,SQ23,2026-08-10T02:15:00Z,2026-08-07T08:15:00Z,66,6h,false,2026-08-09T23:15:00Z,,0.1.0-prior-only,0.029479,0.045069,0.018656,0.932898,0.038919,0.048313,0.973428,0.018580,0.0076,0.004138,0.200000,no-alert,0.000000,0.118656,low,schedule_unverified;no_eligible_observations;prior_only,data/source_manifest.json,,,
cef2f9d0a6c9b5de,2026-08-11T12:00:00Z,2026-08-07T14:15:00Z,2026-08-07T10:15:00-04:00,2026-08-09,SQ23,2026-08-10T02:15:00Z,2026-08-07T14:15:00Z,60,6h,false,2026-08-09T23:15:00Z,,0.1.0-prior-only,0.029658,0.045292,0.018732,0.932870,0.038936,0.048334,0.973416,0.018656,0.0076,0.004138,0.200000,no-alert,0.000000,0.118732,low,schedule_unverified;no_eligible_observations;prior_only,data/source_manifest.json,,,
cc13a0ec018b6354,2026-08-11T12:00:00Z,2026-08-07T20:15:00Z,2026-08-07T16:15:00-04:00,2026-08-09,SQ23,2026-08-10T02:15:00Z,2026-08-07T20:15:00Z,54,6h,false,2026-08-09T23:15:00Z,,0.1.0-prior-only,0.029837,0.045516,0.018808,0.932841,0.038952,0.048355,0.973405,0.018732,0.0076,0.004138,0.200000,no-alert,0.000000,0.118808,low,schedule_unverified;no_eligible_observations;prior_only,data/source_manifest.json,,,
59a5f8bc5e7aa7b9,2026-08-11T12:00:00Z,2026-08-08T02:15:00Z,2026-08-07T22:15:00-04:00,2026-08-09,SQ23,2026-08-10T02:15:00Z,2026-08-08T02:15:00Z,48,6h,false,2026-08-09T23:15:00Z,,0.1.0-prior-only,0.030017,0.045741,0.018885,0.932812,0.038969,0.048375,0.973393,0.018808,0.0077,0.004138,0.200000,no-alert,0.000000,0.118885,low,schedule_unverified;no_eligible_observations;prior_only,data/source_manifest.json,,,
4e2372f9e0af7ea4,2026-08-11T12:00:00Z,2026-08-08T04:15:00Z,2026-08-08T00:15:00-04:00,2026-08-09,SQ23,2026-08-10T02:15:00Z,2026-08-08T04:15:00Z,46,2h,false,2026-08-09T23:15:00Z,,0.1.0-prior-only,0.030077,0.045817,0.018910,0.932802,0.038975,0.048382,0.973390,0.018885,0.0026,0.001379,0.200000,no-alert,0.000000,0.118910,low,schedule_unverified;no_eligible_observations;prior_only,data/source_manifest.json,,,
a9cd9f0cf1c4e880,2026-08-11T12:00:00Z,2026-08-08T06:15:00Z,2026-08-08T02:15:00-04:00,2026-08-09,SQ23,2026-08-10T02:15:00Z,2026-08-08T06:15:00Z,44,2h,false,2026-08-09T23:15:00Z,,0.1.0-prior-only,0.030138,0.045892,0.018936,0.932792,0.038980,0.048389,0.973386,0.018910,0.0026,0.001379,0.200000,no-alert,0.000000,0.118936,low,schedule_unverified;no_eligible_observations;prior_only,data/source_manifest.json,,,
1b9179714b2555d7,2026-08-11T12:00:00Z,2026-08-08T08:15:00Z,2026-08-08T04:15:00-04:00,2026-08-09,SQ23,2026-08-10T02:15:00Z,2026-08-08T08:15:00Z,42,2h,false,2026-08-09T23:15:00Z,,0.1.0-prior-only,0.030198,0.045968,0.018961,0.932783,0.038986,0.048396,0.973382,0.018936,0.0026,0.001379,0.200000,no-alert,0.000000,0.118961,low,schedule_unverified;no_eligible_observations;prior_only,data/source_manifest.json,,,
4598461284aa5699,2026-08-11T12:00:00Z,2026-08-08T10:15:00Z,2026-08-08T06:15:00-04:00,2026-08-09,SQ23,2026-08-10T02:15:00Z,2026-08-08T10:15:00Z,40,2h,false,2026-08-09T23:15:00Z,,0.1.0-prior-only,0.030259,0.046043,0.018987,0.932773,0.038992,0.048403,0.973378,0.018961,0.0026,0.001379,0.200000,no-alert,0.000000,0.118987,low,schedule_unverified;no_eligible_observations;prior_only,data/source_manifest.json,,,
27666263907650a6,2026-08-11T12:00:00Z,2026-08-08T12:15:00Z,2026-08-08T08:15:00-04:00,2026-08-09,SQ23,2026-08-10T02:15:00Z,2026-08-08T12:15:00Z,38,2h,false,2026-08-09T23:15:00Z,,0.1.0-prior-only,0.030320,0.046119,0.019013,0.932763,0.038997,0.048410,0.973374,0.018987,0.0026,0.001379,0.200000,no-alert,0.000000,0.119013,low,schedule_unverified;no_eligible_observations;prior_only,data/source_manifest.json,,,
57c0dd48de8289d4,2026-08-11T12:00:00Z,2026-08-08T14:15:00Z,2026-08-08T10:15:00-04:00,2026-08-09,SQ23,2026-08-10T02:15:00Z,2026-08-08T14:15:00Z,36,2h,false,2026-08-09T23:15:00Z,,0.1.0-prior-only,0.030380,0.046195,0.019039,0.932753,0.039003,0.048418,0.973370,0.019013,0.0026,0.001379,0.200000,no-alert,0.000000,0.119039,low,schedule_unverified;no_eligible_observations;prior_only,data/source_manifest.json,,,
93e67ebba25d68c7,2026-08-11T12:00:00Z,2026-08-08T16:15:00Z,2026-08-08T12:15:00-04:00,2026-08-09,SQ23,2026-08-10T02:15:00Z,2026-08-08T16:15:00Z,34,2h,false,2026-08-09T23:15:00Z,,0.1.0-prior-only,0.030441,0.046271,0.019064,0.932744,0.039009,0.048425,0.973366,0.019039,0.0026,0.001379,0.200000,no-alert,0.000000,0.119064,low,schedule_unverified;no_eligible_observations;prior_only,data/source_manifest.json,,,
3e3588b032c0f5f6,2026-08-11T12:00:00Z,2026-08-08T18:15:00Z,2026-08-08T14:15:00-04:00,2026-08-09,SQ23,2026-08-10T02:15:00Z,2026-08-08T18:15:00Z,32,2h,false,2026-08-09T23:15:00Z,,0.1.0-prior-only,0.030503,0.046347,0.019090,0.932734,0.039014,0.048432,0.973363,0.019064,0.0026,0.001379,0.200000,no-alert,0.000000,0.119090,low,schedule_unverified;no_eligible_observations;prior_only,data/source_manifest.json,,,
1081754c1ac8a760,2026-08-11T12:00:00Z,2026-08-08T20:15:00Z,2026-08-08T16:15:00-04:00,2026-08-09,SQ23,2026-08-10T02:15:00Z,2026-08-08T20:15:00Z,30,2h,false,2026-08-09T23:15:00Z,,0.1.0-prior-only,0.030564,0.046424,0.019116,0.932724,0.039020,0.048439,0.973359,0.019090,0.0026,0.001379,0.200000,no-alert,0.000000,0.119116,low,schedule_unverified;no_eligible_observations;prior_only,data/source_manifest.json,,,
7649a82739b8fcbe,2026-08-11T12:00:00Z,2026-08-08T22:15:00Z,2026-08-08T18:15:00-04:00,2026-08-09,SQ23,2026-08-10T02:15:00Z,2026-08-08T22:15:00Z,28,2h,false,2026-08-09T23:15:00Z,,0.1.0-prior-only,0.030625,0.046500,0.019142,0.932714,0.039026,0.048446,0.973355,0.019116,0.0026,0.001379,0.200000,no-alert,0.000000,0.119142,low,schedule_unverified;no_eligible_observations;prior_only,data/source_manifest.json,,,
f23f8fad67e6bc78,2026-08-11T12:00:00Z,2026-08-09T00:15:00Z,2026-08-08T20:15:00-04:00,2026-08-09,SQ23,2026-08-10T02:15:00Z,2026-08-09T00:15:00Z,26,2h,false,2026-08-09T23:15:00Z,,0.1.0-prior-only,0.030687,0.046576,0.019168,0.932704,0.039032,0.048453,0.973351,0.019142,0.0026,0.001379,0.200000,no-alert,0.000000,0.119168,low,schedule_unverified;no_eligible_observations;prior_only,data/source_manifest.json,,,
6edaf4cf4d9c06c7,2026-08-11T12:00:00Z,2026-08-09T02:15:00Z,2026-08-08T22:15:00-04:00,2026-08-09,SQ23,2026-08-10T02:15:00Z,2026-08-09T02:15:00Z,24,2h,false,2026-08-09T23:15:00Z,,0.1.0-prior-only,0.030748,0.046653,0.019194,0.932694,0.039037,0.048460,0.973347,0.019168,0.0026,0.001379,0.200000,no-alert,0.000000,0.119194,low,schedule_unverified;no_eligible_observations;prior_only,data/source_manifest.json,,,
cc4867881ecff0ed,2026-08-11T12:00:00Z,2026-08-09T04:15:00Z,2026-08-09T00:15:00-04:00,2026-08-09,SQ23,2026-08-10T02:15:00Z,2026-08-09T04:15:00Z,22,2h,false,2026-08-09T23:15:00Z,,0.1.0-prior-only,0.030810,0.046730,0.019220,0.932684,0.039043,0.048467,0.973343,0.019194,0.0026,0.001379,0.200000,no-alert,0.000000,0.119220,low,schedule_unverified;no_eligible_observations;prior_only,data/source_manifest.json,,,
2e69c1518a8f5fea,2026-08-11T12:00:00Z,2026-08-09T06:15:00Z,2026-08-09T02:15:00-04:00,2026-08-09,SQ23,2026-08-10T02:15:00Z,2026-08-09T06:15:00Z,20,2h,false,2026-08-09T23:15:00Z,,0.1.0-prior-only,0.030872,0.046807,0.019246,0.932675,0.039049,0.048474,0.973339,0.019220,0.0026,0.001379,0.200000,no-alert,0.000000,0.119246,low,schedule_unverified;no_eligible_observations;prior_only,data/source_manifest.json,,,
3fbf0fa249b43611,2026-08-11T12:00:00Z,2026-08-09T08:15:00Z,2026-08-09T04:15:00-04:00,2026-08-09,SQ23,2026-08-10T02:15:00Z,2026-08-09T08:15:00Z,18,2h,false,2026-08-09T23:15:00Z,,0.1.0-prior-only,0.030934,0.046884,0.019272,0.932665,0.039055,0.048481,0.973335,0.019246,0.0026,0.001379,0.200000,no-alert,0.000000,0.119272,low,schedule_unverified;no_eligible_observations;prior_only,data/source_manifest.json,,,
26637e71a0cbb59b,2026-08-11T12:00:00Z,2026-08-09T10:15:00Z,2026-08-09T06:15:00-04:00,2026-08-09,SQ23,2026-08-10T02:15:00Z,2026-08-09T10:15:00Z,16,2h,false,2026-08-09T23:15:00Z,,0.1.0-prior-only,0.030996,0.046961,0.019298,0.932655,0.039060,0.048489,0.973331,0.019272,0.0026,0.001379,0.200000,no-alert,0.000000,0.119298,low,schedule_unverified;no_eligible_observations;prior_only,data/source_manifest.json,,,
2ebf3b79e719a533,2026-08-11T12:00:00Z,2026-08-09T12:15:00Z,2026-08-09T08:15:00-04:00,2026-08-09,SQ23,2026-08-10T02:15:00Z,2026-08-09T12:15:00Z,14,2h,false,2026-08-09T23:15:00Z,,0.1.0-prior-only,0.031058,0.047038,0.019324,0.932645,0.039066,0.048496,0.973327,0.019298,0.0026,0.001379,0.200000,no-alert,0.000000,0.119324,low,schedule_unverified;no_eligible_observations;prior_only,data/source_manifest.json,,,
1be9333d7b815a66,2026-08-11T12:00:00Z,2026-08-09T14:15:00Z,2026-08-09T10:15:00-04:00,2026-08-09,SQ23,2026-08-10T02:15:00Z,2026-08-09T14:15:00Z,12,2h,false,2026-08-09T23:15:00Z,,0.1.0-prior-only,0.031120,0.047115,0.019350,0.932635,0.039072,0.048503,0.973323,0.019324,0.0026,0.001379,0.200000,no-alert,0.000000,0.119350,low,schedule_unverified;no_eligible_observations;prior_only,data/source_manifest.json,,,
49765b3bee8e84e7,2026-08-11T12:00:00Z,2026-08-09T16:15:00Z,2026-08-09T12:15:00-04:00,2026-08-09,SQ23,2026-08-10T02:15:00Z,2026-08-09T16:15:00Z,10,2h,false,2026-08-09T23:15:00Z,,0.1.0-prior-only,0.031183,0.047193,0.019376,0.932625,0.039078,0.048510,0.973319,0.019350,0.0026,0.001379,0.200000,no-alert,0.000000,0.119376,low,schedule_unverified;no_eligible_observations;prior_only,data/source_manifest.json,,,
0977f3e1c57e32db,2026-08-11T12:00:00Z,2026-08-09T18:15:00Z,2026-08-09T14:15:00-04:00,2026-08-09,SQ23,2026-08-10T02:15:00Z,2026-08-09T18:15:00Z,8,2h,false,2026-08-09T23:15:00Z,,0.1.0-prior-only,0.031245,0.047270,0.019403,0.932615,0.039083,0.048517,0.973315,0.019376,0.0026,0.001379,0.200000,no-alert,0.000000,0.119403,low,schedule_unverified;no_eligible_observations;prior_only,data/source_manifest.json,,,
217e64b9e5607711,2026-08-11T12:00:00Z,2026-08-09T20:15:00Z,2026-08-09T16:15:00-04:00,2026-08-09,SQ23,2026-08-10T02:15:00Z,2026-08-09T20:15:00Z,6,2h,false,2026-08-09T23:15:00Z,,0.1.0-prior-only,0.031308,0.047348,0.019429,0.932605,0.039089,0.048525,0.973311,0.019403,0.0026,0.001379,0.200000,no-alert,0.000000,0.119429,low,schedule_unverified;no_eligible_observations;prior_only,data/source_manifest.json,,,
2af5c7701aafd225,2026-08-11T12:00:00Z,2026-08-09T22:15:00Z,2026-08-09T18:15:00-04:00,2026-08-09,SQ23,2026-08-10T02:15:00Z,2026-08-09T22:15:00Z,4,2h,true,2026-08-09T23:15:00Z,,0.1.0-prior-only,0.031371,0.047426,0.019455,0.932595,0.039095,0.048532,0.973307,0.019429,0.0026,0.001379,0.200000,no-alert,0.000000,0.119455,low,schedule_unverified;no_eligible_observations;prior_only,data/source_manifest.json,,,
0c801fdfab963c95,2026-08-11T12:00:00Z,2026-08-04T20:30:00Z,2026-08-04T16:30:00-04:00,2026-08-09,PAIR,2026-08-09T20:30:00Z,2026-08-04T20:30:00Z,120,6h,false,2026-08-09T17:30:00Z,,0.1.0-prior-only,0.027923,0.043107,0.017986,0.933149,0.038774,0.048133,0.973527,,,,0.200000,no-alert,0.000000,0.166851,low,schedule_unverified;no_eligible_observations;prior_only,data/source_manifest.json,,,
7b82b4bdc31bf3cd,2026-08-11T12:00:00Z,2026-08-05T02:30:00Z,2026-08-04T22:30:00-04:00,2026-08-09,PAIR,2026-08-09T20:30:00Z,2026-08-05T02:30:00Z,114,6h,false,2026-08-09T17:30:00Z,,0.1.0-prior-only,0.028092,0.043321,0.018059,0.933122,0.038789,0.048152,0.973516,0.066851,0.0027,0.000437,0.200000,no-alert,0.000000,0.166878,low,schedule_unverified;no_eligible_observations;prior_only,data/source_manifest.json,,,
380b56d509c56da9,2026-08-11T12:00:00Z,2026-08-05T08:30:00Z,2026-08-05T04:30:00-04:00,2026-08-09,PAIR,2026-08-09T20:30:00Z,2026-08-05T08:30:00Z,108,6h,false,2026-08-09T17:30:00Z,,0.1.0-prior-only,0.028262,0.043536,0.018133,0.933094,0.038805,0.048172,0.973505,0.066878,0.0027,0.000439,0.200000,no-alert,0.000000,0.166906,low,schedule_unverified;no_eligible_observations;prior_only,data/source_manifest.json,,,
a0759b392518eb75,2026-08-11T12:00:00Z,2026-08-05T14:30:00Z,2026-08-05T10:30:00-04:00,2026-08-09,PAIR,2026-08-09T20:30:00Z,2026-08-05T14:30:00Z,102,6h,false,2026-08-09T17:30:00Z,,0.1.0-prior-only,0.028432,0.043752,0.018207,0.933067,0.038821,0.048192,0.973494,0.066906,0.0028,0.000441,0.200000,no-alert,0.000000,0.166933,low,schedule_unverified;no_eligible_observations;prior_only,data/source_manifest.json,,,
b6b47a9fa072e5a0,2026-08-11T12:00:00Z,2026-08-05T20:30:00Z,2026-08-05T16:30:00-04:00,2026-08-09,PAIR,2026-08-09T20:30:00Z,2026-08-05T20:30:00Z,96,6h,false,2026-08-09T17:30:00Z,,0.1.0-prior-only,0.028604,0.043969,0.018281,0.933039,0.038837,0.048212,0.973483,0.066933,0.0028,0.000444,0.200000,no-alert,0.000000,0.166961,low,schedule_unverified;no_eligible_observations;prior_only,data/source_manifest.json,,,
1f26808406bf317d,2026-08-11T12:00:00Z,2026-08-06T02:30:00Z,2026-08-05T22:30:00-04:00,2026-08-09,PAIR,2026-08-09T20:30:00Z,2026-08-06T02:30:00Z,90,6h,false,2026-08-09T17:30:00Z,,0.1.0-prior-only,0.028777,0.044187,0.018355,0.933011,0.038853,0.048232,0.973472,0.066961,0.0028,0.000446,0.200000,no-alert,0.000000,0.166989,low,schedule_unverified;no_eligible_observations;prior_only,data/source_manifest.json,,,
33a3cb289e2ebe25,2026-08-11T12:00:00Z,2026-08-06T08:30:00Z,2026-08-06T04:30:00-04:00,2026-08-09,PAIR,2026-08-09T20:30:00Z,2026-08-06T08:30:00Z,84,6h,false,2026-08-09T17:30:00Z,,0.1.0-prior-only,0.028951,0.044406,0.018430,0.932983,0.038870,0.048252,0.973461,0.066989,0.0028,0.000448,0.200000,no-alert,0.000000,0.167017,low,schedule_unverified;no_eligible_observations;prior_only,data/source_manifest.json,,,
24809bc129b66c07,2026-08-11T12:00:00Z,2026-08-06T14:30:00Z,2026-08-06T10:30:00-04:00,2026-08-09,PAIR,2026-08-09T20:30:00Z,2026-08-06T14:30:00Z,78,6h,false,2026-08-09T17:30:00Z,,0.1.0-prior-only,0.029126,0.044626,0.018505,0.932955,0.038886,0.048272,0.973450,0.067017,0.0028,0.000451,0.200000,no-alert,0.000000,0.167045,low,schedule_unverified;no_eligible_observations;prior_only,data/source_manifest.json,,,
49a66dc0da7b8dbf,2026-08-11T12:00:00Z,2026-08-06T20:30:00Z,2026-08-06T16:30:00-04:00,2026-08-09,PAIR,2026-08-09T20:30:00Z,2026-08-06T20:30:00Z,72,6h,false,2026-08-09T17:30:00Z,,0.1.0-prior-only,0.029302,0.044847,0.018580,0.932927,0.038902,0.048293,0.973439,0.067045,0.0028,0.000453,0.200000,no-alert,0.000000,0.167073,low,schedule_unverified;no_eligible_observations;prior_only,data/source_manifest.json,,,
e9e60e052cf83d1a,2026-08-11T12:00:00Z,2026-08-07T02:30:00Z,2026-08-06T22:30:00-04:00,2026-08-09,PAIR,2026-08-09T20:30:00Z,2026-08-07T02:30:00Z,66,6h,false,2026-08-09T17:30:00Z,,0.1.0-prior-only,0.029479,0.045069,0.018656,0.932898,0.038919,0.048313,0.973428,0.067073,0.0028,0.000455,0.200000,no-alert,0.000000,0.167102,low,schedule_unverified;no_eligible_observations;prior_only,data/source_manifest.json,,,
675c2dd61ee70191,2026-08-11T12:00:00Z,2026-08-07T08:30:00Z,2026-08-07T04:30:00-04:00,2026-08-09,PAIR,2026-08-09T20:30:00Z,2026-08-07T08:30:00Z,60,6h,false,2026-08-09T17:30:00Z,,0.1.0-prior-only,0.029658,0.045292,0.018732,0.932870,0.038936,0.048334,0.973416,0.067102,0.0029,0.000457,0.200000,no-alert,0.000000,0.167130,low,schedule_unverified;no_eligible_observations;prior_only,data/source_manifest.json,,,
d2db1d81d5f6772c,2026-08-11T12:00:00Z,2026-08-07T14:30:00Z,2026-08-07T10:30:00-04:00,2026-08-09,PAIR,2026-08-09T20:30:00Z,2026-08-07T14:30:00Z,54,6h,false,2026-08-09T17:30:00Z,,0.1.0-prior-only,0.029837,0.045516,0.018808,0.932841,0.038952,0.048355,0.973405,0.067130,0.0029,0.000460,0.200000,no-alert,0.000000,0.167159,low,schedule_unverified;no_eligible_observations;prior_only,data/source_manifest.json,,,
c563884609355915,2026-08-11T12:00:00Z,2026-08-07T20:30:00Z,2026-08-07T16:30:00-04:00,2026-08-09,PAIR,2026-08-09T20:30:00Z,2026-08-07T20:30:00Z,48,6h,false,2026-08-09T17:30:00Z,,0.1.0-prior-only,0.030017,0.045741,0.018885,0.932812,0.038969,0.048375,0.973393,0.067159,0.0029,0.000462,0.200000,no-alert,0.000000,0.167188,low,schedule_unverified;no_eligible_observations;prior_only,data/source_manifest.json,,,
77b6fed0259960f1,2026-08-11T12:00:00Z,2026-08-07T22:30:00Z,2026-08-07T18:30:00-04:00,2026-08-09,PAIR,2026-08-09T20:30:00Z,2026-08-07T22:30:00Z,46,2h,false,2026-08-09T17:30:00Z,,0.1.0-prior-only,0.030077,0.045817,0.018910,0.932802,0.038975,0.048382,0.973390,0.067188,0.0010,0.000155,0.200000,no-alert,0.000000,0.167198,low,schedule_unverified;no_eligible_observations;prior_only,data/source_manifest.json,,,
8d8c8d8ed7b36025,2026-08-11T12:00:00Z,2026-08-08T00:30:00Z,2026-08-07T20:30:00-04:00,2026-08-09,PAIR,2026-08-09T20:30:00Z,2026-08-08T00:30:00Z,44,2h,false,2026-08-09T17:30:00Z,,0.1.0-prior-only,0.030138,0.045892,0.018936,0.932792,0.038980,0.048389,0.973386,0.067198,0.0010,0.000155,0.200000,no-alert,0.000000,0.167208,low,schedule_unverified;no_eligible_observations;prior_only,data/source_manifest.json,,,
0ee0c7080d983261,2026-08-11T12:00:00Z,2026-08-08T02:30:00Z,2026-08-07T22:30:00-04:00,2026-08-09,PAIR,2026-08-09T20:30:00Z,2026-08-08T02:30:00Z,42,2h,false,2026-08-09T17:30:00Z,,0.1.0-prior-only,0.030198,0.045968,0.018961,0.932783,0.038986,0.048396,0.973382,0.067208,0.0010,0.000155,0.200000,no-alert,0.000000,0.167217,low,schedule_unverified;no_eligible_observations;prior_only,data/source_manifest.json,,,
6e6d5f9ac3ef6310,2026-08-11T12:00:00Z,2026-08-08T04:30:00Z,2026-08-08T00:30:00-04:00,2026-08-09,PAIR,2026-08-09T20:30:00Z,2026-08-08T04:30:00Z,40,2h,false,2026-08-09T17:30:00Z,,0.1.0-prior-only,0.030259,0.046043,0.018987,0.932773,0.038992,0.048403,0.973378,0.067217,0.0010,0.000155,0.200000,no-alert,0.000000,0.167227,low,schedule_unverified;no_eligible_observations;prior_only,data/source_manifest.json,,,
7e50e38180709ac9,2026-08-11T12:00:00Z,2026-08-08T06:30:00Z,2026-08-08T02:30:00-04:00,2026-08-09,PAIR,2026-08-09T20:30:00Z,2026-08-08T06:30:00Z,38,2h,false,2026-08-09T17:30:00Z,,0.1.0-prior-only,0.030320,0.046119,0.019013,0.932763,0.038997,0.048410,0.973374,0.067227,0.0010,0.000156,0.200000,no-alert,0.000000,0.167237,low,schedule_unverified;no_eligible_observations;prior_only,data/source_manifest.json,,,
093e60de485be0a2,2026-08-11T12:00:00Z,2026-08-08T08:30:00Z,2026-08-08T04:30:00-04:00,2026-08-09,PAIR,2026-08-09T20:30:00Z,2026-08-08T08:30:00Z,36,2h,false,2026-08-09T17:30:00Z,,0.1.0-prior-only,0.030380,0.046195,0.019039,0.932753,0.039003,0.048418,0.973370,0.067237,0.0010,0.000156,0.200000,no-alert,0.000000,0.167247,low,schedule_unverified;no_eligible_observations;prior_only,data/source_manifest.json,,,
4593a135157a6f9c,2026-08-11T12:00:00Z,2026-08-08T10:30:00Z,2026-08-08T06:30:00-04:00,2026-08-09,PAIR,2026-08-09T20:30:00Z,2026-08-08T10:30:00Z,34,2h,false,2026-08-09T17:30:00Z,,0.1.0-prior-only,0.030441,0.046271,0.019064,0.932744,0.039009,0.048425,0.973366,0.067247,0.0010,0.000156,0.200000,no-alert,0.000000,0.167256,low,schedule_unverified;no_eligible_observations;prior_only,data/source_manifest.json,,,
5e30e909c4f04e81,2026-08-11T12:00:00Z,2026-08-08T12:30:00Z,2026-08-08T08:30:00-04:00,2026-08-09,PAIR,2026-08-09T20:30:00Z,2026-08-08T12:30:00Z,32,2h,false,2026-08-09T17:30:00Z,,0.1.0-prior-only,0.030503,0.046347,0.019090,0.932734,0.039014,0.048432,0.973363,0.067256,0.0010,0.000156,0.200000,no-alert,0.000000,0.167266,low,schedule_unverified;no_eligible_observations;prior_only,data/source_manifest.json,,,
309476304b67acda,2026-08-11T12:00:00Z,2026-08-08T14:30:00Z,2026-08-08T10:30:00-04:00,2026-08-09,PAIR,2026-08-09T20:30:00Z,2026-08-08T14:30:00Z,30,2h,false,2026-08-09T17:30:00Z,,0.1.0-prior-only,0.030564,0.046424,0.019116,0.932724,0.039020,0.048439,0.973359,0.067266,0.0010,0.000157,0.200000,no-alert,0.000000,0.167276,low,schedule_unverified;no_eligible_observations;prior_only,data/source_manifest.json,,,
6ad942da3cfff75a,2026-08-11T12:00:00Z,2026-08-08T16:30:00Z,2026-08-08T12:30:00-04:00,2026-08-09,PAIR,2026-08-09T20:30:00Z,2026-08-08T16:30:00Z,28,2h,false,2026-08-09T17:30:00Z,,0.1.0-prior-only,0.030625,0.046500,0.019142,0.932714,0.039026,0.048446,0.973355,0.067276,0.0010,0.000157,0.200000,no-alert,0.000000,0.167286,low,schedule_unverified;no_eligible_observations;prior_only,data/source_manifest.json,,,
7ff3a1821792722c,2026-08-11T12:00:00Z,2026-08-08T18:30:00Z,2026-08-08T14:30:00-04:00,2026-08-09,PAIR,2026-08-09T20:30:00Z,2026-08-08T18:30:00Z,26,2h,false,2026-08-09T17:30:00Z,,0.1.0-prior-only,0.030687,0.046576,0.019168,0.932704,0.039032,0.048453,0.973351,0.067286,0.0010,0.000157,0.200000,no-alert,0.000000,0.167296,low,schedule_unverified;no_eligible_observations;prior_only,data/source_manifest.json,,,
4d6220093a90ac3a,2026-08-11T12:00:00Z,2026-08-08T20:30:00Z,2026-08-08T16:30:00-04:00,2026-08-09,PAIR,2026-08-09T20:30:00Z,2026-08-08T20:30:00Z,24,2h,false,2026-08-09T17:30:00Z,,0.1.0-prior-only,0.030748,0.046653,0.019194,0.932694,0.039037,0.048460,0.973347,0.067296,0.0010,0.000157,0.200000,no-alert,0.000000,0.167306,low,schedule_unverified;no_eligible_observations;prior_only,data/source_manifest.json,,,
ae7561990c863369,2026-08-11T12:00:00Z,2026-08-08T22:30:00Z,2026-08-08T18:30:00-04:00,2026-08-09,PAIR,2026-08-09T20:30:00Z,2026-08-08T22:30:00Z,22,2h,false,2026-08-09T17:30:00Z,,0.1.0-prior-only,0.030810,0.046730,0.019220,0.932684,0.039043,0.048467,0.973343,0.067306,0.0010,0.000158,0.200000,no-alert,0.000000,0.167316,low,schedule_unverified;no_eligible_observations;prior_only,data/source_manifest.json,,,
6af824dd5eaa53b8,2026-08-11T12:00:00Z,2026-08-09T00:30:00Z,2026-08-08T20:30:00-04:00,2026-08-09,PAIR,2026-08-09T20:30:00Z,2026-08-09T00:30:00Z,20,2h,false,2026-08-09T17:30:00Z,,0.1.0-prior-only,0.030872,0.046807,0.019246,0.932675,0.039049,0.048474,0.973339,0.067316,0.0010,0.000158,0.200000,no-alert,0.000000,0.167325,low,schedule_unverified;no_eligible_observations;prior_only,data/source_manifest.json,,,
677055f6bb59fec5,2026-08-11T12:00:00Z,2026-08-09T02:30:00Z,2026-08-08T22:30:00-04:00,2026-08-09,PAIR,2026-08-09T20:30:00Z,2026-08-09T02:30:00Z,18,2h,false,2026-08-09T17:30:00Z,,0.1.0-prior-only,0.030934,0.046884,0.019272,0.932665,0.039055,0.048481,0.973335,0.067325,0.0010,0.000158,0.200000,no-alert,0.000000,0.167335,low,schedule_unverified;no_eligible_observations;prior_only,data/source_manifest.json,,,
f2d878327197cb79,2026-08-11T12:00:00Z,2026-08-09T04:30:00Z,2026-08-09T00:30:00-04:00,2026-08-09,PAIR,2026-08-09T20:30:00Z,2026-08-09T04:30:00Z,16,2h,false,2026-08-09T17:30:00Z,,0.1.0-prior-only,0.030996,0.046961,0.019298,0.932655,0.039060,0.048489,0.973331,0.067335,0.0010,0.000159,0.200000,no-alert,0.000000,0.167345,low,schedule_unverified;no_eligible_observations;prior_only,data/source_manifest.json,,,
ccaad7d25c6afcc2,2026-08-11T12:00:00Z,2026-08-09T06:30:00Z,2026-08-09T02:30:00-04:00,2026-08-09,PAIR,2026-08-09T20:30:00Z,2026-08-09T06:30:00Z,14,2h,false,2026-08-09T17:30:00Z,,0.1.0-prior-only,0.031058,0.047038,0.019324,0.932645,0.039066,0.048496,0.973327,0.067345,0.0010,0.000159,0.200000,no-alert,0.000000,0.167355,low,schedule_unverified;no_eligible_observations;prior_only,data/source_manifest.json,,,
0c0403c42ed10a11,2026-08-11T12:00:00Z,2026-08-09T08:30:00Z,2026-08-09T04:30:00-04:00,2026-08-09,PAIR,2026-08-09T20:30:00Z,2026-08-09T08:30:00Z,12,2h,false,2026-08-09T17:30:00Z,,0.1.0-prior-only,0.031120,0.047115,0.019350,0.932635,0.039072,0.048503,0.973323,0.067355,0.0010,0.000159,0.200000,no-alert,0.000000,0.167365,low,schedule_unverified;no_eligible_observations;prior_only,data/source_manifest.json,,,
cf289bffb17ceac0,2026-08-11T12:00:00Z,2026-08-09T10:30:00Z,2026-08-09T06:30:00-04:00,2026-08-09,PAIR,2026-08-09T20:30:00Z,2026-08-09T10:30:00Z,10,2h,false,2026-08-09T17:30:00Z,,0.1.0-prior-only,0.031183,0.047193,0.019376,0.932625,0.039078,0.048510,0.973319,0.067365,0.0010,0.000159,0.200000,no-alert,0.000000,0.167375,low,schedule_unverified;no_eligible_observations;prior_only,data/source_manifest.json,,,
238f8920dc03c09e,2026-08-11T12:00:00Z,2026-08-09T12:30:00Z,2026-08-09T08:30:00-04:00,2026-08-09,PAIR,2026-08-09T20:30:00Z,2026-08-09T12:30:00Z,8,2h,false,2026-08-09T17:30:00Z,,0.1.0-prior-only,0.031245,0.047270,0.019403,0.932615,0.039083,0.048517,0.973315,0.067375,0.0010,0.000160,0.200000,no-alert,0.000000,0.167385,low,schedule_unverified;no_eligible_observations;prior_only,data/source_manifest.json,,,
04a01848102ac959,2026-08-11T12:00:00Z,2026-08-09T14:30:00Z,2026-08-09T10:30:00-04:00,2026-08-09,PAIR,2026-08-09T20:30:00Z,2026-08-09T14:30:00Z,6,2h,false,2026-08-09T17:30:00Z,,0.1.0-prior-only,0.031308,0.047348,0.019429,0.932605,0.039089,0.048525,0.973311,0.067385,0.0010,0.000160,0.200000,no-alert,0.000000,0.167395,low,schedule_unverified;no_eligible_observations;prior_only,data/source_manifest.json,,,
2d69e551a026b2bd,2026-08-11T12:00:00Z,2026-08-09T16:30:00Z,2026-08-09T12:30:00-04:00,2026-08-09,PAIR,2026-08-09T20:30:00Z,2026-08-09T16:30:00Z,4,2h,true,2026-08-09T17:30:00Z,,0.1.0-prior-only,0.031371,0.047426,0.019455,0.932595,0.039095,0.048532,0.973307,0.067395,0.0010,0.000160,0.200000,no-alert,0.000000,0.167405,low,schedule_unverified;no_eligible_observations;prior_only,data/source_manifest.json,,,
8fdf446cf6da4ef9,2026-08-11T12:00:00Z,2026-08-05T20:30:00Z,2026-08-05T16:30:00-04:00,2026-08-10,B6317,2026-08-10T20:30:00Z,2026-08-05T20:30:00Z,120,6h,false,2026-08-10T17:30:00Z,,0.1.0-prior-only,0.027923,0.043107,0.017986,0.933149,0.038774,0.048133,0.973527,,,,0.200000,no-alert,0.000000,0.127923,low,schedule_unverified;no_eligible_observations;prior_only,data/source_manifest.json,,,
e9af220ea18a2d9a,2026-08-11T12:00:00Z,2026-08-06T02:30:00Z,2026-08-05T22:30:00-04:00,2026-08-10,B6317,2026-08-10T20:30:00Z,2026-08-06T02:30:00Z,114,6h,false,2026-08-10T17:30:00Z,,0.1.0-prior-only,0.028092,0.043321,0.018059,0.933122,0.038789,0.048152,0.973516,0.027923,0.0169,0.006207,0.200000,no-alert,0.000000,0.128092,low,schedule_unverified;no_eligible_observations;prior_only,data/source_manifest.json,,,
2a67e9aad819874e,2026-08-11T12:00:00Z,2026-08-06T08:30:00Z,2026-08-06T04:30:00-04:00,2026-08-10,B6317,2026-08-10T20:30:00Z,2026-08-06T08:30:00Z,108,6h,false,2026-08-10T17:30:00Z,,0.1.0-prior-only,0.028262,0.043536,0.018133,0.933094,0.038805,0.048172,0.973505,0.028092,0.0170,0.006207,0.200000,no-alert,0.000000,0.128262,low,schedule_unverified;no_eligible_observations;prior_only,data/source_manifest.json,,,
cb25e8c0c54e4e68,2026-08-11T12:00:00Z,2026-08-06T14:30:00Z,2026-08-06T10:30:00-04:00,2026-08-10,B6317,2026-08-10T20:30:00Z,2026-08-06T14:30:00Z,102,6h,false,2026-08-10T17:30:00Z,,0.1.0-prior-only,0.028432,0.043752,0.018207,0.933067,0.038821,0.048192,0.973494,0.028262,0.0171,0.006207,0.200000,no-alert,0.000000,0.128432,low,schedule_unverified;no_eligible_observations;prior_only,data/source_manifest.json,,,
d0c411a3198204c9,2026-08-11T12:00:00Z,2026-08-06T20:30:00Z,2026-08-06T16:30:00-04:00,2026-08-10,B6317,2026-08-10T20:30:00Z,2026-08-06T20:30:00Z,96,6h,false,2026-08-10T17:30:00Z,,0.1.0-prior-only,0.028604,0.043969,0.018281,0.933039,0.038837,0.048212,0.973483,0.028432,0.0172,0.006207,0.200000,no-alert,0.000000,0.128604,low,schedule_unverified;no_eligible_observations;prior_only,data/source_manifest.json,,,
01627e64982753b4,2026-08-11T12:00:00Z,2026-08-07T02:30:00Z,2026-08-06T22:30:00-04:00,2026-08-10,B6317,2026-08-10T20:30:00Z,2026-08-07T02:30:00Z,90,6h,false,2026-08-10T17:30:00Z,,0.1.0-prior-only,0.028777,0.044187,0.018355,0.933011,0.038853,0.048232,0.973472,0.028604,0.0173,0.006207,0.200000,no-alert,0.000000,0.128777,low,schedule_unverified;no_eligible_observations;prior_only,data/source_manifest.json,,,
0ed4ac5c4f10ad1f,2026-08-11T12:00:00Z,2026-08-07T08:30:00Z,2026-08-07T04:30:00-04:00,2026-08-10,B6317,2026-08-10T20:30:00Z,2026-08-07T08:30:00Z,84,6h,false,2026-08-10T17:30:00Z,,0.1.0-prior-only,0.028951,0.044406,0.018430,0.932983,0.038870,0.048252,0.973461,0.028777,0.0174,0.006207,0.200000,no-alert,0.000000,0.128951,low,schedule_unverified;no_eligible_observations;prior_only,data/source_manifest.json,,,
435f004b8d5a3183,2026-08-11T12:00:00Z,2026-08-07T14:30:00Z,2026-08-07T10:30:00-04:00,2026-08-10,B6317,2026-08-10T20:30:00Z,2026-08-07T14:30:00Z,78,6h,false,2026-08-10T17:30:00Z,,0.1.0-prior-only,0.029126,0.044626,0.018505,0.932955,0.038886,0.048272,0.973450,0.028951,0.0175,0.006207,0.200000,no-alert,0.000000,0.129126,low,schedule_unverified;no_eligible_observations;prior_only,data/source_manifest.json,,,
31995868885e9bc1,2026-08-11T12:00:00Z,2026-08-07T20:30:00Z,2026-08-07T16:30:00-04:00,2026-08-10,B6317,2026-08-10T20:30:00Z,2026-08-07T20:30:00Z,72,6h,false,2026-08-10T17:30:00Z,,0.1.0-prior-only,0.029302,0.044847,0.018580,0.932927,0.038902,0.048293,0.973439,0.029126,0.0176,0.006207,0.200000,no-alert,0.000000,0.129302,low,schedule_unverified;no_eligible_observations;prior_only,data/source_manifest.json,,,
1e9645adec12ba00,2026-08-11T12:00:00Z,2026-08-08T02:30:00Z,2026-08-07T22:30:00-04:00,2026-08-10,B6317,2026-08-10T20:30:00Z,2026-08-08T02:30:00Z,66,6h,false,2026-08-10T17:30:00Z,,0.1.0-prior-only,0.029479,0.045069,0.018656,0.932898,0.038919,0.048313,0.973428,0.029302,0.0177,0.006207,0.200000,no-alert,0.000000,0.129479,low,schedule_unverified;no_eligible_observations;prior_only,data/source_manifest.json,,,
1e32a80038ed4acd,2026-08-11T12:00:00Z,2026-08-08T08:30:00Z,2026-08-08T04:30:00-04:00,2026-08-10,B6317,2026-08-10T20:30:00Z,2026-08-08T08:30:00Z,60,6h,false,2026-08-10T17:30:00Z,,0.1.0-prior-only,0.029658,0.045292,0.018732,0.932870,0.038936,0.048334,0.973416,0.029479,0.0178,0.006207,0.200000,no-alert,0.000000,0.129658,low,schedule_unverified;no_eligible_observations;prior_only,data/source_manifest.json,,,
53a030fcd09cf532,2026-08-11T12:00:00Z,2026-08-08T14:30:00Z,2026-08-08T10:30:00-04:00,2026-08-10,B6317,2026-08-10T20:30:00Z,2026-08-08T14:30:00Z,54,6h,false,2026-08-10T17:30:00Z,,0.1.0-prior-only,0.029837,0.045516,0.018808,0.932841,0.038952,0.048355,0.973405,0.029658,0.0179,0.006207,0.200000,no-alert,0.000000,0.129837,low,schedule_unverified;no_eligible_observations;prior_only,data/source_manifest.json,,,
de73cc6974a7a796,2026-08-11T12:00:00Z,2026-08-08T20:30:00Z,2026-08-08T16:30:00-04:00,2026-08-10,B6317,2026-08-10T20:30:00Z,2026-08-08T20:30:00Z,48,6h,false,2026-08-10T17:30:00Z,,0.1.0-prior-only,0.030017,0.045741,0.018885,0.932812,0.038969,0.048375,0.973393,0.029837,0.0180,0.006207,0.200000,no-alert,0.000000,0.130017,low,schedule_unverified;no_eligible_observations;prior_only,data/source_manifest.json,,,
11d48aa9c50e91b9,2026-08-11T12:00:00Z,2026-08-08T22:30:00Z,2026-08-08T18:30:00-04:00,2026-08-10,B6317,2026-08-10T20:30:00Z,2026-08-08T22:30:00Z,46,2h,false,2026-08-10T17:30:00Z,,0.1.0-prior-only,0.030077,0.045817,0.018910,0.932802,0.038975,0.048382,0.973390,0.030017,0.0060,0.002069,0.200000,no-alert,0.000000,0.130077,low,schedule_unverified;no_eligible_observations;prior_only,data/source_manifest.json,,,
f94beb014acece25,2026-08-11T12:00:00Z,2026-08-09T00:30:00Z,2026-08-08T20:30:00-04:00,2026-08-10,B6317,2026-08-10T20:30:00Z,2026-08-09T00:30:00Z,44,2h,false,2026-08-10T17:30:00Z,,0.1.0-prior-only,0.030138,0.045892,0.018936,0.932792,0.038980,0.048389,0.973386,0.030077,0.0060,0.002069,0.200000,no-alert,0.000000,0.130138,low,schedule_unverified;no_eligible_observations;prior_only,data/source_manifest.json,,,
ffc3bcc11a93f9c9,2026-08-11T12:00:00Z,2026-08-09T02:30:00Z,2026-08-08T22:30:00-04:00,2026-08-10,B6317,2026-08-10T20:30:00Z,2026-08-09T02:30:00Z,42,2h,false,2026-08-10T17:30:00Z,,0.1.0-prior-only,0.030198,0.045968,0.018961,0.932783,0.038986,0.048396,0.973382,0.030138,0.0061,0.002069,0.200000,no-alert,0.000000,0.130198,low,schedule_unverified;no_eligible_observations;prior_only,data/source_manifest.json,,,
5c9f78c1fd189e6e,2026-08-11T12:00:00Z,2026-08-09T04:30:00Z,2026-08-09T00:30:00-04:00,2026-08-10,B6317,2026-08-10T20:30:00Z,2026-08-09T04:30:00Z,40,2h,false,2026-08-10T17:30:00Z,,0.1.0-prior-only,0.030259,0.046043,0.018987,0.932773,0.038992,0.048403,0.973378,0.030198,0.0061,0.002069,0.200000,no-alert,0.000000,0.130259,low,schedule_unverified;no_eligible_observations;prior_only,data/source_manifest.json,,,
a8eff150c40f1744,2026-08-11T12:00:00Z,2026-08-09T06:30:00Z,2026-08-09T02:30:00-04:00,2026-08-10,B6317,2026-08-10T20:30:00Z,2026-08-09T06:30:00Z,38,2h,false,2026-08-10T17:30:00Z,,0.1.0-prior-only,0.030320,0.046119,0.019013,0.932763,0.038997,0.048410,0.973374,0.030259,0.0061,0.002069,0.200000,no-alert,0.000000,0.130320,low,schedule_unverified;no_eligible_observations;prior_only,data/source_manifest.json,,,
f956541f678eac1c,2026-08-11T12:00:00Z,2026-08-09T08:30:00Z,2026-08-09T04:30:00-04:00,2026-08-10,B6317,2026-08-10T20:30:00Z,2026-08-09T08:30:00Z,36,2h,false,2026-08-10T17:30:00Z,,0.1.0-prior-only,0.030380,0.046195,0.019039,0.932753,0.039003,0.048418,0.973370,0.030320,0.0061,0.002069,0.200000,no-alert,0.000000,0.130380,low,schedule_unverified;no_eligible_observations;prior_only,data/source_manifest.json,,,
458829f6a6fb1df5,2026-08-11T12:00:00Z,2026-08-09T10:30:00Z,2026-08-09T06:30:00-04:00,2026-08-10,B6317,2026-08-10T20:30:00Z,2026-08-09T10:30:00Z,34,2h,false,2026-08-10T17:30:00Z,,0.1.0-prior-only,0.030441,0.046271,0.019064,0.932744,0.039009,0.048425,0.973366,0.030380,0.0061,0.002069,0.200000,no-alert,0.000000,0.130441,low,schedule_unverified;no_eligible_observations;prior_only,data/source_manifest.json,,,
f4ca191777a8377c,2026-08-11T12:00:00Z,2026-08-09T12:30:00Z,2026-08-09T08:30:00-04:00,2026-08-10,B6317,2026-08-10T20:30:00Z,2026-08-09T12:30:00Z,32,2h,false,2026-08-10T17:30:00Z,,0.1.0-prior-only,0.030503,0.046347,0.019090,0.932734,0.039014,0.048432,0.973363,0.030441,0.0061,0.002069,0.200000,no-alert,0.000000,0.130503,low,schedule_unverified;no_eligible_observations;prior_only,data/source_manifest.json,,,
182148f689c7a585,2026-08-11T12:00:00Z,2026-08-09T14:30:00Z,2026-08-09T10:30:00-04:00,2026-08-10,B6317,2026-08-10T20:30:00Z,2026-08-09T14:30:00Z,30,2h,false,2026-08-10T17:30:00Z,,0.1.0-prior-only,0.030564,0.046424,0.019116,0.932724,0.039020,0.048439,0.973359,0.030503,0.0061,0.002069,0.200000,no-alert,0.000000,0.130564,low,schedule_unverified;no_eligible_observations;prior_only,data/source_manifest.json,,,
010510e75bb70e48,2026-08-11T12:00:00Z,2026-08-09T16:30:00Z,2026-08-09T12:30:00-04:00,2026-08-10,B6317,2026-08-10T20:30:00Z,2026-08-09T16:30:00Z,28,2h,false,2026-08-10T17:30:00Z,,0.1.0-prior-only,0.030625,0.046500,0.019142,0.932714,0.039026,0.048446,0.973355,0.030564,0.0061,0.002069,0.200000,no-alert,0.000000,0.130625,low,schedule_unverified;no_eligible_observations;prior_only,data/source_manifest.json,,,
4f28e4e2d199d199,2026-08-11T12:00:00Z,2026-08-09T18:30:00Z,2026-08-09T14:30:00-04:00,2026-08-10,B6317,2026-08-10T20:30:00Z,2026-08-09T18:30:00Z,26,2h,false,2026-08-10T17:30:00Z,,0.1.0-prior-only,0.030687,0.046576,0.019168,0.932704,0.039032,0.048453,0.973351,0.030625,0.0061,0.002069,0.200000,no-alert,0.000000,0.130687,low,schedule_unverified;no_eligible_observations;prior_only,data/source_manifest.json,,,
d23eeecb782ced82,2026-08-11T12:00:00Z,2026-08-09T20:30:00Z,2026-08-09T16:30:00-04:00,2026-08-10,B6317,2026-08-10T20:30:00Z,2026-08-09T20:30:00Z,24,2h,false,2026-08-10T17:30:00Z,,0.1.0-prior-only,0.030748,0.046653,0.019194,0.932694,0.039037,0.048460,0.973347,0.030687,0.0062,0.002069,0.200000,no-alert,0.000000,0.130748,low,schedule_unverified;no_eligible_observations;prior_only,data/source_manifest.json,,,
a884ee7874d773d0,2026-08-11T12:00:00Z,2026-08-09T22:30:00Z,2026-08-09T18:30:00-04:00,2026-08-10,B6317,2026-08-10T20:30:00Z,2026-08-09T22:30:00Z,22,2h,false,2026-08-10T17:30:00Z,,0.1.0-prior-only,0.030810,0.046730,0.019220,0.932684,0.039043,0.048467,0.973343,0.030748,0.0062,0.002069,0.200000,no-alert,0.000000,0.130810,low,schedule_unverified;no_eligible_observations;prior_only,data/source_manifest.json,,,
fa6916b69ef230a8,2026-08-11T12:00:00Z,2026-08-10T00:30:00Z,2026-08-09T20:30:00-04:00,2026-08-10,B6317,2026-08-10T20:30:00Z,2026-08-10T00:30:00Z,20,2h,false,2026-08-10T17:30:00Z,,0.1.0-prior-only,0.030872,0.046807,0.019246,0.932675,0.039049,0.048474,0.973339,0.030810,0.0062,0.002069,0.200000,no-alert,0.000000,0.130872,low,schedule_unverified;no_eligible_observations;prior_only,data/source_manifest.json,,,
32bb9e07d3313ff7,2026-08-11T12:00:00Z,2026-08-10T02:30:00Z,2026-08-09T22:30:00-04:00,2026-08-10,B6317,2026-08-10T20:30:00Z,2026-08-10T02:30:00Z,18,2h,false,2026-08-10T17:30:00Z,,0.1.0-prior-only,0.030934,0.046884,0.019272,0.932665,0.039055,0.048481,0.973335,0.030872,0.0062,0.002069,0.200000,no-alert,0.000000,0.130934,low,schedule_unverified;no_eligible_observations;prior_only,data/source_manifest.json,,,
b013c681ebea5af1,2026-08-11T12:00:00Z,2026-08-10T04:30:00Z,2026-08-10T00:30:00-04:00,2026-08-10,B6317,2026-08-10T20:30:00Z,2026-08-10T04:30:00Z,16,2h,false,2026-08-10T17:30:00Z,,0.1.0-prior-only,0.030996,0.046961,0.019298,0.932655,0.039060,0.048489,0.973331,0.030934,0.0062,0.002069,0.200000,no-alert,0.000000,0.130996,low,schedule_unverified;no_eligible_observations;prior_only,data/source_manifest.json,,,
cc35a2c3fdbd8b0e,2026-08-11T12:00:00Z,2026-08-10T06:30:00Z,2026-08-10T02:30:00-04:00,2026-08-10,B6317,2026-08-10T20:30:00Z,2026-08-10T06:30:00Z,14,2h,false,2026-08-10T17:30:00Z,,0.1.0-prior-only,0.031058,0.047038,0.019324,0.932645,0.039066,0.048496,0.973327,0.030996,0.0062,0.002069,0.200000,no-alert,0.000000,0.131058,low,schedule_unverified;no_eligible_observations;prior_only,data/source_manifest.json,,,
6eb64a3201206351,2026-08-11T12:00:00Z,2026-08-10T08:30:00Z,2026-08-10T04:30:00-04:00,2026-08-10,B6317,2026-08-10T20:30:00Z,2026-08-10T08:30:00Z,12,2h,false,2026-08-10T17:30:00Z,,0.1.0-prior-only,0.031120,0.047115,0.019350,0.932635,0.039072,0.048503,0.973323,0.031058,0.0062,0.002069,0.200000,no-alert,0.000000,0.131120,low,schedule_unverified;no_eligible_observations;prior_only,data/source_manifest.json,,,
6e207b39f6c345d9,2026-08-11T12:00:00Z,2026-08-10T10:30:00Z,2026-08-10T06:30:00-04:00,2026-08-10,B6317,2026-08-10T20:30:00Z,2026-08-10T10:30:00Z,10,2h,false,2026-08-10T17:30:00Z,,0.1.0-prior-only,0.031183,0.047193,0.019376,0.932625,0.039078,0.048510,0.973319,0.031120,0.0062,0.002069,0.200000,no-alert,0.000000,0.131183,low,schedule_unverified;no_eligible_observations;prior_only,data/source_manifest.json,,,
141311a322ac5912,2026-08-11T12:00:00Z,2026-08-10T12:30:00Z,2026-08-10T08:30:00-04:00,2026-08-10,B6317,2026-08-10T20:30:00Z,2026-08-10T12:30:00Z,8,2h,false,2026-08-10T17:30:00Z,,0.1.0-prior-only,0.031245,0.047270,0.019403,0.932615,0.039083,0.048517,0.973315,0.031183,0.0063,0.002069,0.200000,no-alert,0.000000,0.131245,low,schedule_unverified;no_eligible_observations;prior_only,data/source_manifest.json,,,
923ef77bf3bc4f60,2026-08-11T12:00:00Z,2026-08-10T14:30:00Z,2026-08-10T10:30:00-04:00,2026-08-10,B6317,2026-08-10T20:30:00Z,2026-08-10T14:30:00Z,6,2h,false,2026-08-10T17:30:00Z,,0.1.0-prior-only,0.031308,0.047348,0.019429,0.932605,0.039089,0.048525,0.973311,0.031245,0.0063,0.002069,0.200000,no-alert,0.000000,0.131308,low,schedule_unverified;no_eligible_observations;prior_only,data/source_manifest.json,,,
82d15653138fe23f,2026-08-11T12:00:00Z,2026-08-10T16:30:00Z,2026-08-10T12:30:00-04:00,2026-08-10,B6317,2026-08-10T20:30:00Z,2026-08-10T16:30:00Z,4,2h,true,2026-08-10T17:30:00Z,,0.1.0-prior-only,0.031371,0.047426,0.019455,0.932595,0.039095,0.048532,0.973307,0.031308,0.0063,0.002069,0.200000,no-alert,0.000000,0.131371,low,schedule_unverified;no_eligible_observations;prior_only,data/source_manifest.json,,,
9bf70bcadc33b505,2026-08-11T12:00:00Z,2026-08-06T02:15:00Z,2026-08-05T22:15:00-04:00,2026-08-10,SQ23,2026-08-11T02:15:00Z,2026-08-06T02:15:00Z,120,6h,false,2026-08-10T23:15:00Z,,0.1.0-prior-only,0.027923,0.043107,0.017986,0.933149,0.038774,0.048133,0.973527,,,,0.200000,no-alert,0.000000,0.117986,low,schedule_unverified;no_eligible_observations;prior_only,data/source_manifest.json,,,
1a364b5839a5d064,2026-08-11T12:00:00Z,2026-08-06T08:15:00Z,2026-08-06T04:15:00-04:00,2026-08-10,SQ23,2026-08-11T02:15:00Z,2026-08-06T08:15:00Z,114,6h,false,2026-08-10T23:15:00Z,,0.1.0-prior-only,0.028092,0.043321,0.018059,0.933122,0.038789,0.048152,0.973516,0.017986,0.0073,0.004138,0.200000,no-alert,0.000000,0.118059,low,schedule_unverified;no_eligible_observations;prior_only,data/source_manifest.json,,,
0dfb15d6d11fcf49,2026-08-11T12:00:00Z,2026-08-06T14:15:00Z,2026-08-06T10:15:00-04:00,2026-08-10,SQ23,2026-08-11T02:15:00Z,2026-08-06T14:15:00Z,108,6h,false,2026-08-10T23:15:00Z,,0.1.0-prior-only,0.028262,0.043536,0.018133,0.933094,0.038805,0.048172,0.973505,0.018059,0.0074,0.004138,0.200000,no-alert,0.000000,0.118133,low,schedule_unverified;no_eligible_observations;prior_only,data/source_manifest.json,,,
bf8eac6b4c7ed154,2026-08-11T12:00:00Z,2026-08-06T20:15:00Z,2026-08-06T16:15:00-04:00,2026-08-10,SQ23,2026-08-11T02:15:00Z,2026-08-06T20:15:00Z,102,6h,false,2026-08-10T23:15:00Z,,0.1.0-prior-only,0.028432,0.043752,0.018207,0.933067,0.038821,0.048192,0.973494,0.018133,0.0074,0.004138,0.200000,no-alert,0.000000,0.118207,low,schedule_unverified;no_eligible_observations;prior_only,data/source_manifest.json,,,
c75e22c82b08e1c0,2026-08-11T12:00:00Z,2026-08-07T02:15:00Z,2026-08-06T22:15:00-04:00,2026-08-10,SQ23,2026-08-11T02:15:00Z,2026-08-07T02:15:00Z,96,6h,false,2026-08-10T23:15:00Z,,0.1.0-prior-only,0.028604,0.043969,0.018281,0.933039,0.038837,0.048212,0.973483,0.018207,0.0074,0.004138,0.200000,no-alert,0.000000,0.118281,low,schedule_unverified;no_eligible_observations;prior_only,data/source_manifest.json,,,
3f6233518faece2b,2026-08-11T12:00:00Z,2026-08-07T08:15:00Z,2026-08-07T04:15:00-04:00,2026-08-10,SQ23,2026-08-11T02:15:00Z,2026-08-07T08:15:00Z,90,6h,false,2026-08-10T23:15:00Z,,0.1.0-prior-only,0.028777,0.044187,0.018355,0.933011,0.038853,0.048232,0.973472,0.018281,0.0074,0.004138,0.200000,no-alert,0.000000,0.118355,low,schedule_unverified;no_eligible_observations;prior_only,data/source_manifest.json,,,
b08077147c4b0d6e,2026-08-11T12:00:00Z,2026-08-07T14:15:00Z,2026-08-07T10:15:00-04:00,2026-08-10,SQ23,2026-08-11T02:15:00Z,2026-08-07T14:15:00Z,84,6h,false,2026-08-10T23:15:00Z,,0.1.0-prior-only,0.028951,0.044406,0.018430,0.932983,0.038870,0.048252,0.973461,0.018355,0.0075,0.004138,0.200000,no-alert,0.000000,0.118430,low,schedule_unverified;no_eligible_observations;prior_only,data/source_manifest.json,,,
b8bb82759add5149,2026-08-11T12:00:00Z,2026-08-07T20:15:00Z,2026-08-07T16:15:00-04:00,2026-08-10,SQ23,2026-08-11T02:15:00Z,2026-08-07T20:15:00Z,78,6h,false,2026-08-10T23:15:00Z,,0.1.0-prior-only,0.029126,0.044626,0.018505,0.932955,0.038886,0.048272,0.973450,0.018430,0.0075,0.004138,0.200000,no-alert,0.000000,0.118505,low,schedule_unverified;no_eligible_observations;prior_only,data/source_manifest.json,,,
1210c87bb9af7437,2026-08-11T12:00:00Z,2026-08-08T02:15:00Z,2026-08-07T22:15:00-04:00,2026-08-10,SQ23,2026-08-11T02:15:00Z,2026-08-08T02:15:00Z,72,6h,false,2026-08-10T23:15:00Z,,0.1.0-prior-only,0.029302,0.044847,0.018580,0.932927,0.038902,0.048293,0.973439,0.018505,0.0075,0.004138,0.200000,no-alert,0.000000,0.118580,low,schedule_unverified;no_eligible_observations;prior_only,data/source_manifest.json,,,
476f631690c70ff0,2026-08-11T12:00:00Z,2026-08-08T08:15:00Z,2026-08-08T04:15:00-04:00,2026-08-10,SQ23,2026-08-11T02:15:00Z,2026-08-08T08:15:00Z,66,6h,false,2026-08-10T23:15:00Z,,0.1.0-prior-only,0.029479,0.045069,0.018656,0.932898,0.038919,0.048313,0.973428,0.018580,0.0076,0.004138,0.200000,no-alert,0.000000,0.118656,low,schedule_unverified;no_eligible_observations;prior_only,data/source_manifest.json,,,
07e1997fe1172b11,2026-08-11T12:00:00Z,2026-08-08T14:15:00Z,2026-08-08T10:15:00-04:00,2026-08-10,SQ23,2026-08-11T02:15:00Z,2026-08-08T14:15:00Z,60,6h,false,2026-08-10T23:15:00Z,,0.1.0-prior-only,0.029658,0.045292,0.018732,0.932870,0.038936,0.048334,0.973416,0.018656,0.0076,0.004138,0.200000,no-alert,0.000000,0.118732,low,schedule_unverified;no_eligible_observations;prior_only,data/source_manifest.json,,,
6cbc6f40b1c436be,2026-08-11T12:00:00Z,2026-08-08T20:15:00Z,2026-08-08T16:15:00-04:00,2026-08-10,SQ23,2026-08-11T02:15:00Z,2026-08-08T20:15:00Z,54,6h,false,2026-08-10T23:15:00Z,,0.1.0-prior-only,0.029837,0.045516,0.018808,0.932841,0.038952,0.048355,0.973405,0.018732,0.0076,0.004138,0.200000,no-alert,0.000000,0.118808,low,schedule_unverified;no_eligible_observations;prior_only,data/source_manifest.json,,,
aef81b90885471be,2026-08-11T12:00:00Z,2026-08-09T02:15:00Z,2026-08-08T22:15:00-04:00,2026-08-10,SQ23,2026-08-11T02:15:00Z,2026-08-09T02:15:00Z,48,6h,false,2026-08-10T23:15:00Z,,0.1.0-prior-only,0.030017,0.045741,0.018885,0.932812,0.038969,0.048375,0.973393,0.018808,0.0077,0.004138,0.200000,no-alert,0.000000,0.118885,low,schedule_unverified;no_eligible_observations;prior_only,data/source_manifest.json,,,
44d0c8575f1d910b,2026-08-11T12:00:00Z,2026-08-09T04:15:00Z,2026-08-09T00:15:00-04:00,2026-08-10,SQ23,2026-08-11T02:15:00Z,2026-08-09T04:15:00Z,46,2h,false,2026-08-10T23:15:00Z,,0.1.0-prior-only,0.030077,0.045817,0.018910,0.932802,0.038975,0.048382,0.973390,0.018885,0.0026,0.001379,0.200000,no-alert,0.000000,0.118910,low,schedule_unverified;no_eligible_observations;prior_only,data/source_manifest.json,,,
2b3ef0c2b3a686de,2026-08-11T12:00:00Z,2026-08-09T06:15:00Z,2026-08-09T02:15:00-04:00,2026-08-10,SQ23,2026-08-11T02:15:00Z,2026-08-09T06:15:00Z,44,2h,false,2026-08-10T23:15:00Z,,0.1.0-prior-only,0.030138,0.045892,0.018936,0.932792,0.038980,0.048389,0.973386,0.018910,0.0026,0.001379,0.200000,no-alert,0.000000,0.118936,low,schedule_unverified;no_eligible_observations;prior_only,data/source_manifest.json,,,
aa5a40d73f010821,2026-08-11T12:00:00Z,2026-08-09T08:15:00Z,2026-08-09T04:15:00-04:00,2026-08-10,SQ23,2026-08-11T02:15:00Z,2026-08-09T08:15:00Z,42,2h,false,2026-08-10T23:15:00Z,,0.1.0-prior-only,0.030198,0.045968,0.018961,0.932783,0.038986,0.048396,0.973382,0.018936,0.0026,0.001379,0.200000,no-alert,0.000000,0.118961,low,schedule_unverified;no_eligible_observations;prior_only,data/source_manifest.json,,,
400b8df3ce2e2564,2026-08-11T12:00:00Z,2026-08-09T10:15:00Z,2026-08-09T06:15:00-04:00,2026-08-10,SQ23,2026-08-11T02:15:00Z,2026-08-09T10:15:00Z,40,2h,false,2026-08-10T23:15:00Z,,0.1.0-prior-only,0.030259,0.046043,0.018987,0.932773,0.038992,0.048403,0.973378,0.018961,0.0026,0.001379,0.200000,no-alert,0.000000,0.118987,low,schedule_unverified;no_eligible_observations;prior_only,data/source_manifest.json,,,
3f6ec35f5a243722,2026-08-11T12:00:00Z,2026-08-09T12:15:00Z,2026-08-09T08:15:00-04:00,2026-08-10,SQ23,2026-08-11T02:15:00Z,2026-08-09T12:15:00Z,38,2h,false,2026-08-10T23:15:00Z,,0.1.0-prior-only,0.030320,0.046119,0.019013,0.932763,0.038997,0.048410,0.973374,0.018987,0.0026,0.001379,0.200000,no-alert,0.000000,0.119013,low,schedule_unverified;no_eligible_observations;prior_only,data/source_manifest.json,,,
975917f6545300b2,2026-08-11T12:00:00Z,2026-08-09T14:15:00Z,2026-08-09T10:15:00-04:00,2026-08-10,SQ23,2026-08-11T02:15:00Z,2026-08-09T14:15:00Z,36,2h,false,2026-08-10T23:15:00Z,,0.1.0-prior-only,0.030380,0.046195,0.019039,0.932753,0.039003,0.048418,0.973370,0.019013,0.0026,0.001379,0.200000,no-alert,0.000000,0.119039,low,schedule_unverified;no_eligible_observations;prior_only,data/source_manifest.json,,,
f02572d4cce33f9b,2026-08-11T12:00:00Z,2026-08-09T16:15:00Z,2026-08-09T12:15:00-04:00,2026-08-10,SQ23,2026-08-11T02:15:00Z,2026-08-09T16:15:00Z,34,2h,false,2026-08-10T23:15:00Z,,0.1.0-prior-only,0.030441,0.046271,0.019064,0.932744,0.039009,0.048425,0.973366,0.019039,0.0026,0.001379,0.200000,no-alert,0.000000,0.119064,low,schedule_unverified;no_eligible_observations;prior_only,data/source_manifest.json,,,
f35246796828f93f,2026-08-11T12:00:00Z,2026-08-09T18:15:00Z,2026-08-09T14:15:00-04:00,2026-08-10,SQ23,2026-08-11T02:15:00Z,2026-08-09T18:15:00Z,32,2h,false,2026-08-10T23:15:00Z,,0.1.0-prior-only,0.030503,0.046347,0.019090,0.932734,0.039014,0.048432,0.973363,0.019064,0.0026,0.001379,0.200000,no-alert,0.000000,0.119090,low,schedule_unverified;no_eligible_observations;prior_only,data/source_manifest.json,,,
3086bcc5e688719f,2026-08-11T12:00:00Z,2026-08-09T20:15:00Z,2026-08-09T16:15:00-04:00,2026-08-10,SQ23,2026-08-11T02:15:00Z,2026-08-09T20:15:00Z,30,2h,false,2026-08-10T23:15:00Z,,0.1.0-prior-only,0.030564,0.046424,0.019116,0.932724,0.039020,0.048439,0.973359,0.019090,0.0026,0.001379,0.200000,no-alert,0.000000,0.119116,low,schedule_unverified;no_eligible_observations;prior_only,data/source_manifest.json,,,
b2e84ffc0d7fa2ff,2026-08-11T12:00:00Z,2026-08-09T22:15:00Z,2026-08-09T18:15:00-04:00,2026-08-10,SQ23,2026-08-11T02:15:00Z,2026-08-09T22:15:00Z,28,2h,false,2026-08-10T23:15:00Z,,0.1.0-prior-only,0.030625,0.046500,0.019142,0.932714,0.039026,0.048446,0.973355,0.019116,0.0026,0.001379,0.200000,no-alert,0.000000,0.119142,low,schedule_unverified;no_eligible_observations;prior_only,data/source_manifest.json,,,
15fd6a72a92d31da,2026-08-11T12:00:00Z,2026-08-10T00:15:00Z,2026-08-09T20:15:00-04:00,2026-08-10,SQ23,2026-08-11T02:15:00Z,2026-08-10T00:15:00Z,26,2h,false,2026-08-10T23:15:00Z,,0.1.0-prior-only,0.030687,0.046576,0.019168,0.932704,0.039032,0.048453,0.973351,0.019142,0.0026,0.001379,0.200000,no-alert,0.000000,0.119168,low,schedule_unverified;no_eligible_observations;prior_only,data/source_manifest.json,,,
4f0aa933d71526bc,2026-08-11T12:00:00Z,2026-08-10T02:15:00Z,2026-08-09T22:15:00-04:00,2026-08-10,SQ23,2026-08-11T02:15:00Z,2026-08-10T02:15:00Z,24,2h,false,2026-08-10T23:15:00Z,,0.1.0-prior-only,0.030748,0.046653,0.019194,0.932694,0.039037,0.048460,0.973347,0.019168,0.0026,0.001379,0.200000,no-alert,0.000000,0.119194,low,schedule_unverified;no_eligible_observations;prior_only,data/source_manifest.json,,,
676aa62784d31160,2026-08-11T12:00:00Z,2026-08-10T04:15:00Z,2026-08-10T00:15:00-04:00,2026-08-10,SQ23,2026-08-11T02:15:00Z,2026-08-10T04:15:00Z,22,2h,false,2026-08-10T23:15:00Z,,0.1.0-prior-only,0.030810,0.046730,0.019220,0.932684,0.039043,0.048467,0.973343,0.019194,0.0026,0.001379,0.200000,no-alert,0.000000,0.119220,low,schedule_unverified;no_eligible_observations;prior_only,data/source_manifest.json,,,
449c82c2aa46bb7c,2026-08-11T12:00:00Z,2026-08-10T06:15:00Z,2026-08-10T02:15:00-04:00,2026-08-10,SQ23,2026-08-11T02:15:00Z,2026-08-10T06:15:00Z,20,2h,false,2026-08-10T23:15:00Z,,0.1.0-prior-only,0.030872,0.046807,0.019246,0.932675,0.039049,0.048474,0.973339,0.019220,0.0026,0.001379,0.200000,no-alert,0.000000,0.119246,low,schedule_unverified;no_eligible_observations;prior_only,data/source_manifest.json,,,
e9f2fedf4cd548df,2026-08-11T12:00:00Z,2026-08-10T08:15:00Z,2026-08-10T04:15:00-04:00,2026-08-10,SQ23,2026-08-11T02:15:00Z,2026-08-10T08:15:00Z,18,2h,false,2026-08-10T23:15:00Z,,0.1.0-prior-only,0.030934,0.046884,0.019272,0.932665,0.039055,0.048481,0.973335,0.019246,0.0026,0.001379,0.200000,no-alert,0.000000,0.119272,low,schedule_unverified;no_eligible_observations;prior_only,data/source_manifest.json,,,
c9ad49a52d55674c,2026-08-11T12:00:00Z,2026-08-10T10:15:00Z,2026-08-10T06:15:00-04:00,2026-08-10,SQ23,2026-08-11T02:15:00Z,2026-08-10T10:15:00Z,16,2h,false,2026-08-10T23:15:00Z,,0.1.0-prior-only,0.030996,0.046961,0.019298,0.932655,0.039060,0.048489,0.973331,0.019272,0.0026,0.001379,0.200000,no-alert,0.000000,0.119298,low,schedule_unverified;no_eligible_observations;prior_only,data/source_manifest.json,,,
dfbfdcf3f0171ff9,2026-08-11T12:00:00Z,2026-08-10T12:15:00Z,2026-08-10T08:15:00-04:00,2026-08-10,SQ23,2026-08-11T02:15:00Z,2026-08-10T12:15:00Z,14,2h,false,2026-08-10T23:15:00Z,,0.1.0-prior-only,0.031058,0.047038,0.019324,0.932645,0.039066,0.048496,0.973327,0.019298,0.0026,0.001379,0.200000,no-alert,0.000000,0.119324,low,schedule_unverified;no_eligible_observations;prior_only,data/source_manifest.json,,,
fd266569b5aaaf4f,2026-08-11T12:00:00Z,2026-08-10T14:15:00Z,2026-08-10T10:15:00-04:00,2026-08-10,SQ23,2026-08-11T02:15:00Z,2026-08-10T14:15:00Z,12,2h,false,2026-08-10T23:15:00Z,,0.1.0-prior-only,0.031120,0.047115,0.019350,0.932635,0.039072,0.048503,0.973323,0.019324,0.0026,0.001379,0.200000,no-alert,0.000000,0.119350,low,schedule_unverified;no_eligible_observations;prior_only,data/source_manifest.json,,,
a9894d7ce48bad1c,2026-08-11T12:00:00Z,2026-08-10T16:15:00Z,2026-08-10T12:15:00-04:00,2026-08-10,SQ23,2026-08-11T02:15:00Z,2026-08-10T16:15:00Z,10,2h,false,2026-08-10T23:15:00Z,,0.1.0-prior-only,0.031183,0.047193,0.019376,0.932625,0.039078,0.048510,0.973319,0.019350,0.0026,0.001379,0.200000,no-alert,0.000000,0.119376,low,schedule_unverified;no_eligible_observations;prior_only,data/source_manifest.json,,,
b42da236740d0e02,2026-08-11T12:00:00Z,2026-08-10T18:15:00Z,2026-08-10T14:15:00-04:00,2026-08-10,SQ23,2026-08-11T02:15:00Z,2026-08-10T18:15:00Z,8,2h,false,2026-08-10T23:15:00Z,,0.1.0-prior-only,0.031245,0.047270,0.019403,0.932615,0.039083,0.048517,0.973315,0.019376,0.0026,0.001379,0.200000,no-alert,0.000000,0.119403,low,schedule_unverified;no_eligible_observations;prior_only,data/source_manifest.json,,,
e493cc26def2f7fc,2026-08-11T12:00:00Z,2026-08-10T20:15:00Z,2026-08-10T16:15:00-04:00,2026-08-10,SQ23,2026-08-11T02:15:00Z,2026-08-10T20:15:00Z,6,2h,false,2026-08-10T23:15:00Z,,0.1.0-prior-only,0.031308,0.047348,0.019429,0.932605,0.039089,0.048525,0.973311,0.019403,0.0026,0.001379,0.200000,no-alert,0.000000,0.119429,low,schedule_unverified;no_eligible_observations;prior_only,data/source_manifest.json,,,
ce40545179c9d790,2026-08-11T12:00:00Z,2026-08-10T22:15:00Z,2026-08-10T18:15:00-04:00,2026-08-10,SQ23,2026-08-11T02:15:00Z,2026-08-10T22:15:00Z,4,2h,true,2026-08-10T23:15:00Z,,0.1.0-prior-only,0.031371,0.047426,0.019455,0.932595,0.039095,0.048532,0.973307,0.019429,0.0026,0.001379,0.200000,no-alert,0.000000,0.119455,low,schedule_unverified;no_eligible_observations;prior_only,data/source_manifest.json,,,
447d0b7df7c79ef9,2026-08-11T12:00:00Z,2026-08-05T20:30:00Z,2026-08-05T16:30:00-04:00,2026-08-10,PAIR,2026-08-10T20:30:00Z,2026-08-05T20:30:00Z,120,6h,false,2026-08-10T17:30:00Z,,0.1.0-prior-only,0.027923,0.043107,0.017986,0.933149,0.038774,0.048133,0.973527,,,,0.200000,no-alert,0.000000,0.166851,low,schedule_unverified;no_eligible_observations;prior_only,data/source_manifest.json,,,
6fafc0dd557392e3,2026-08-11T12:00:00Z,2026-08-06T02:30:00Z,2026-08-05T22:30:00-04:00,2026-08-10,PAIR,2026-08-10T20:30:00Z,2026-08-06T02:30:00Z,114,6h,false,2026-08-10T17:30:00Z,,0.1.0-prior-only,0.028092,0.043321,0.018059,0.933122,0.038789,0.048152,0.973516,0.066851,0.0027,0.000437,0.200000,no-alert,0.000000,0.166878,low,schedule_unverified;no_eligible_observations;prior_only,data/source_manifest.json,,,
f486f07c1cb3615c,2026-08-11T12:00:00Z,2026-08-06T08:30:00Z,2026-08-06T04:30:00-04:00,2026-08-10,PAIR,2026-08-10T20:30:00Z,2026-08-06T08:30:00Z,108,6h,false,2026-08-10T17:30:00Z,,0.1.0-prior-only,0.028262,0.043536,0.018133,0.933094,0.038805,0.048172,0.973505,0.066878,0.0027,0.000439,0.200000,no-alert,0.000000,0.166906,low,schedule_unverified;no_eligible_observations;prior_only,data/source_manifest.json,,,
04c4406bad88c529,2026-08-11T12:00:00Z,2026-08-06T14:30:00Z,2026-08-06T10:30:00-04:00,2026-08-10,PAIR,2026-08-10T20:30:00Z,2026-08-06T14:30:00Z,102,6h,false,2026-08-10T17:30:00Z,,0.1.0-prior-only,0.028432,0.043752,0.018207,0.933067,0.038821,0.048192,0.973494,0.066906,0.0028,0.000441,0.200000,no-alert,0.000000,0.166933,low,schedule_unverified;no_eligible_observations;prior_only,data/source_manifest.json,,,
7c485a76a6033f41,2026-08-11T12:00:00Z,2026-08-06T20:30:00Z,2026-08-06T16:30:00-04:00,2026-08-10,PAIR,2026-08-10T20:30:00Z,2026-08-06T20:30:00Z,96,6h,false,2026-08-10T17:30:00Z,,0.1.0-prior-only,0.028604,0.043969,0.018281,0.933039,0.038837,0.048212,0.973483,0.066933,0.0028,0.000444,0.200000,no-alert,0.000000,0.166961,low,schedule_unverified;no_eligible_observations;prior_only,data/source_manifest.json,,,
8fa35be0d5d6185a,2026-08-11T12:00:00Z,2026-08-07T02:30:00Z,2026-08-06T22:30:00-04:00,2026-08-10,PAIR,2026-08-10T20:30:00Z,2026-08-07T02:30:00Z,90,6h,false,2026-08-10T17:30:00Z,,0.1.0-prior-only,0.028777,0.044187,0.018355,0.933011,0.038853,0.048232,0.973472,0.066961,0.0028,0.000446,0.200000,no-alert,0.000000,0.166989,low,schedule_unverified;no_eligible_observations;prior_only,data/source_manifest.json,,,
a8b2b5ef97fcf46e,2026-08-11T12:00:00Z,2026-08-07T08:30:00Z,2026-08-07T04:30:00-04:00,2026-08-10,PAIR,2026-08-10T20:30:00Z,2026-08-07T08:30:00Z,84,6h,false,2026-08-10T17:30:00Z,,0.1.0-prior-only,0.028951,0.044406,0.018430,0.932983,0.038870,0.048252,0.973461,0.066989,0.0028,0.000448,0.200000,no-alert,0.000000,0.167017,low,schedule_unverified;no_eligible_observations;prior_only,data/source_manifest.json,,,
cb04948f977881b9,2026-08-11T12:00:00Z,2026-08-07T14:30:00Z,2026-08-07T10:30:00-04:00,2026-08-10,PAIR,2026-08-10T20:30:00Z,2026-08-07T14:30:00Z,78,6h,false,2026-08-10T17:30:00Z,,0.1.0-prior-only,0.029126,0.044626,0.018505,0.932955,0.038886,0.048272,0.973450,0.067017,0.0028,0.000451,0.200000,no-alert,0.000000,0.167045,low,schedule_unverified;no_eligible_observations;prior_only,data/source_manifest.json,,,
9332d02d90c052ce,2026-08-11T12:00:00Z,2026-08-07T20:30:00Z,2026-08-07T16:30:00-04:00,2026-08-10,PAIR,2026-08-10T20:30:00Z,2026-08-07T20:30:00Z,72,6h,false,2026-08-10T17:30:00Z,,0.1.0-prior-only,0.029302,0.044847,0.018580,0.932927,0.038902,0.048293,0.973439,0.067045,0.0028,0.000453,0.200000,no-alert,0.000000,0.167073,low,schedule_unverified;no_eligible_observations;prior_only,data/source_manifest.json,,,
fdab5015fd325f94,2026-08-11T12:00:00Z,2026-08-08T02:30:00Z,2026-08-07T22:30:00-04:00,2026-08-10,PAIR,2026-08-10T20:30:00Z,2026-08-08T02:30:00Z,66,6h,false,2026-08-10T17:30:00Z,,0.1.0-prior-only,0.029479,0.045069,0.018656,0.932898,0.038919,0.048313,0.973428,0.067073,0.0028,0.000455,0.200000,no-alert,0.000000,0.167102,low,schedule_unverified;no_eligible_observations;prior_only,data/source_manifest.json,,,
53a46635b8c21bca,2026-08-11T12:00:00Z,2026-08-08T08:30:00Z,2026-08-08T04:30:00-04:00,2026-08-10,PAIR,2026-08-10T20:30:00Z,2026-08-08T08:30:00Z,60,6h,false,2026-08-10T17:30:00Z,,0.1.0-prior-only,0.029658,0.045292,0.018732,0.932870,0.038936,0.048334,0.973416,0.067102,0.0029,0.000457,0.200000,no-alert,0.000000,0.167130,low,schedule_unverified;no_eligible_observations;prior_only,data/source_manifest.json,,,
f1f7b674ec862fd3,2026-08-11T12:00:00Z,2026-08-08T14:30:00Z,2026-08-08T10:30:00-04:00,2026-08-10,PAIR,2026-08-10T20:30:00Z,2026-08-08T14:30:00Z,54,6h,false,2026-08-10T17:30:00Z,,0.1.0-prior-only,0.029837,0.045516,0.018808,0.932841,0.038952,0.048355,0.973405,0.067130,0.0029,0.000460,0.200000,no-alert,0.000000,0.167159,low,schedule_unverified;no_eligible_observations;prior_only,data/source_manifest.json,,,
d7c4053e795bcbf8,2026-08-11T12:00:00Z,2026-08-08T20:30:00Z,2026-08-08T16:30:00-04:00,2026-08-10,PAIR,2026-08-10T20:30:00Z,2026-08-08T20:30:00Z,48,6h,false,2026-08-10T17:30:00Z,,0.1.0-prior-only,0.030017,0.045741,0.018885,0.932812,0.038969,0.048375,0.973393,0.067159,0.0029,0.000462,0.200000,no-alert,0.000000,0.167188,low,schedule_unverified;no_eligible_observations;prior_only,data/source_manifest.json,,,
6920930ee2489a10,2026-08-11T12:00:00Z,2026-08-08T22:30:00Z,2026-08-08T18:30:00-04:00,2026-08-10,PAIR,2026-08-10T20:30:00Z,2026-08-08T22:30:00Z,46,2h,false,2026-08-10T17:30:00Z,,0.1.0-prior-only,0.030077,0.045817,0.018910,0.932802,0.038975,0.048382,0.973390,0.067188,0.0010,0.000155,0.200000,no-alert,0.000000,0.167198,low,schedule_unverified;no_eligible_observations;prior_only,data/source_manifest.json,,,
6157f395222237f4,2026-08-11T12:00:00Z,2026-08-09T00:30:00Z,2026-08-08T20:30:00-04:00,2026-08-10,PAIR,2026-08-10T20:30:00Z,2026-08-09T00:30:00Z,44,2h,false,2026-08-10T17:30:00Z,,0.1.0-prior-only,0.030138,0.045892,0.018936,0.932792,0.038980,0.048389,0.973386,0.067198,0.0010,0.000155,0.200000,no-alert,0.000000,0.167208,low,schedule_unverified;no_eligible_observations;prior_only,data/source_manifest.json,,,
2e95f7b133319504,2026-08-11T12:00:00Z,2026-08-09T02:30:00Z,2026-08-08T22:30:00-04:00,2026-08-10,PAIR,2026-08-10T20:30:00Z,2026-08-09T02:30:00Z,42,2h,false,2026-08-10T17:30:00Z,,0.1.0-prior-only,0.030198,0.045968,0.018961,0.932783,0.038986,0.048396,0.973382,0.067208,0.0010,0.000155,0.200000,no-alert,0.000000,0.167217,low,schedule_unverified;no_eligible_observations;prior_only,data/source_manifest.json,,,
514fdafe53f2129c,2026-08-11T12:00:00Z,2026-08-09T04:30:00Z,2026-08-09T00:30:00-04:00,2026-08-10,PAIR,2026-08-10T20:30:00Z,2026-08-09T04:30:00Z,40,2h,false,2026-08-10T17:30:00Z,,0.1.0-prior-only,0.030259,0.046043,0.018987,0.932773,0.038992,0.048403,0.973378,0.067217,0.0010,0.000155,0.200000,no-alert,0.000000,0.167227,low,schedule_unverified;no_eligible_observations;prior_only,data/source_manifest.json,,,
2fbde2f39bedfcfe,2026-08-11T12:00:00Z,2026-08-09T06:30:00Z,2026-08-09T02:30:00-04:00,2026-08-10,PAIR,2026-08-10T20:30:00Z,2026-08-09T06:30:00Z,38,2h,false,2026-08-10T17:30:00Z,,0.1.0-prior-only,0.030320,0.046119,0.019013,0.932763,0.038997,0.048410,0.973374,0.067227,0.0010,0.000156,0.200000,no-alert,0.000000,0.167237,low,schedule_unverified;no_eligible_observations;prior_only,data/source_manifest.json,,,
8db443ee2f12b6a2,2026-08-11T12:00:00Z,2026-08-09T08:30:00Z,2026-08-09T04:30:00-04:00,2026-08-10,PAIR,2026-08-10T20:30:00Z,2026-08-09T08:30:00Z,36,2h,false,2026-08-10T17:30:00Z,,0.1.0-prior-only,0.030380,0.046195,0.019039,0.932753,0.039003,0.048418,0.973370,0.067237,0.0010,0.000156,0.200000,no-alert,0.000000,0.167247,low,schedule_unverified;no_eligible_observations;prior_only,data/source_manifest.json,,,
508d816210283c2e,2026-08-11T12:00:00Z,2026-08-09T10:30:00Z,2026-08-09T06:30:00-04:00,2026-08-10,PAIR,2026-08-10T20:30:00Z,2026-08-09T10:30:00Z,34,2h,false,2026-08-10T17:30:00Z,,0.1.0-prior-only,0.030441,0.046271,0.019064,0.932744,0.039009,0.048425,0.973366,0.067247,0.0010,0.000156,0.200000,no-alert,0.000000,0.167256,low,schedule_unverified;no_eligible_observations;prior_only,data/source_manifest.json,,,
b6fb0d9247ca3ddc,2026-08-11T12:00:00Z,2026-08-09T12:30:00Z,2026-08-09T08:30:00-04:00,2026-08-10,PAIR,2026-08-10T20:30:00Z,2026-08-09T12:30:00Z,32,2h,false,2026-08-10T17:30:00Z,,0.1.0-prior-only,0.030503,0.046347,0.019090,0.932734,0.039014,0.048432,0.973363,0.067256,0.0010,0.000156,0.200000,no-alert,0.000000,0.167266,low,schedule_unverified;no_eligible_observations;prior_only,data/source_manifest.json,,,
5f9c2d2e85c01906,2026-08-11T12:00:00Z,2026-08-09T14:30:00Z,2026-08-09T10:30:00-04:00,2026-08-10,PAIR,2026-08-10T20:30:00Z,2026-08-09T14:30:00Z,30,2h,false,2026-08-10T17:30:00Z,,0.1.0-prior-only,0.030564,0.046424,0.019116,0.932724,0.039020,0.048439,0.973359,0.067266,0.0010,0.000157,0.200000,no-alert,0.000000,0.167276,low,schedule_unverified;no_eligible_observations;prior_only,data/source_manifest.json,,,
a871b02d7e625ee1,2026-08-11T12:00:00Z,2026-08-09T16:30:00Z,2026-08-09T12:30:00-04:00,2026-08-10,PAIR,2026-08-10T20:30:00Z,2026-08-09T16:30:00Z,28,2h,false,2026-08-10T17:30:00Z,,0.1.0-prior-only,0.030625,0.046500,0.019142,0.932714,0.039026,0.048446,0.973355,0.067276,0.0010,0.000157,0.200000,no-alert,0.000000,0.167286,low,schedule_unverified;no_eligible_observations;prior_only,data/source_manifest.json,,,
5ab0574ad6dacfec,2026-08-11T12:00:00Z,2026-08-09T18:30:00Z,2026-08-09T14:30:00-04:00,2026-08-10,PAIR,2026-08-10T20:30:00Z,2026-08-09T18:30:00Z,26,2h,false,2026-08-10T17:30:00Z,,0.1.0-prior-only,0.030687,0.046576,0.019168,0.932704,0.039032,0.048453,0.973351,0.067286,0.0010,0.000157,0.200000,no-alert,0.000000,0.167296,low,schedule_unverified;no_eligible_observations;prior_only,data/source_manifest.json,,,
be097a963635a801,2026-08-11T12:00:00Z,2026-08-09T20:30:00Z,2026-08-09T16:30:00-04:00,2026-08-10,PAIR,2026-08-10T20:30:00Z,2026-08-09T20:30:00Z,24,2h,false,2026-08-10T17:30:00Z,,0.1.0-prior-only,0.030748,0.046653,0.019194,0.932694,0.039037,0.048460,0.973347,0.067296,0.0010,0.000157,0.200000,no-alert,0.000000,0.167306,low,schedule_unverified;no_eligible_observations;prior_only,data/source_manifest.json,,,
08a747055fd2f42b,2026-08-11T12:00:00Z,2026-08-09T22:30:00Z,2026-08-09T18:30:00-04:00,2026-08-10,PAIR,2026-08-10T20:30:00Z,2026-08-09T22:30:00Z,22,2h,false,2026-08-10T17:30:00Z,,0.1.0-prior-only,0.030810,0.046730,0.019220,0.932684,0.039043,0.048467,0.973343,0.067306,0.0010,0.000158,0.200000,no-alert,0.000000,0.167316,low,schedule_unverified;no_eligible_observations;prior_only,data/source_manifest.json,,,
0d427e888ca9e52e,2026-08-11T12:00:00Z,2026-08-10T00:30:00Z,2026-08-09T20:30:00-04:00,2026-08-10,PAIR,2026-08-10T20:30:00Z,2026-08-10T00:30:00Z,20,2h,false,2026-08-10T17:30:00Z,,0.1.0-prior-only,0.030872,0.046807,0.019246,0.932675,0.039049,0.048474,0.973339,0.067316,0.0010,0.000158,0.200000,no-alert,0.000000,0.167325,low,schedule_unverified;no_eligible_observations;prior_only,data/source_manifest.json,,,
e0bde4ed732461a0,2026-08-11T12:00:00Z,2026-08-10T02:30:00Z,2026-08-09T22:30:00-04:00,2026-08-10,PAIR,2026-08-10T20:30:00Z,2026-08-10T02:30:00Z,18,2h,false,2026-08-10T17:30:00Z,,0.1.0-prior-only,0.030934,0.046884,0.019272,0.932665,0.039055,0.048481,0.973335,0.067325,0.0010,0.000158,0.200000,no-alert,0.000000,0.167335,low,schedule_unverified;no_eligible_observations;prior_only,data/source_manifest.json,,,
c2786fc70d7d7240,2026-08-11T12:00:00Z,2026-08-10T04:30:00Z,2026-08-10T00:30:00-04:00,2026-08-10,PAIR,2026-08-10T20:30:00Z,2026-08-10T04:30:00Z,16,2h,false,2026-08-10T17:30:00Z,,0.1.0-prior-only,0.030996,0.046961,0.019298,0.932655,0.039060,0.048489,0.973331,0.067335,0.0010,0.000159,0.200000,no-alert,0.000000,0.167345,low,schedule_unverified;no_eligible_observations;prior_only,data/source_manifest.json,,,
2a288d3cdd14c6ab,2026-08-11T12:00:00Z,2026-08-10T06:30:00Z,2026-08-10T02:30:00-04:00,2026-08-10,PAIR,2026-08-10T20:30:00Z,2026-08-10T06:30:00Z,14,2h,false,2026-08-10T17:30:00Z,,0.1.0-prior-only,0.031058,0.047038,0.019324,0.932645,0.039066,0.048496,0.973327,0.067345,0.0010,0.000159,0.200000,no-alert,0.000000,0.167355,low,schedule_unverified;no_eligible_observations;prior_only,data/source_manifest.json,,,
7e65a757a58de365,2026-08-11T12:00:00Z,2026-08-10T08:30:00Z,2026-08-10T04:30:00-04:00,2026-08-10,PAIR,2026-08-10T20:30:00Z,2026-08-10T08:30:00Z,12,2h,false,2026-08-10T17:30:00Z,,0.1.0-prior-only,0.031120,0.047115,0.019350,0.932635,0.039072,0.048503,0.973323,0.067355,0.0010,0.000159,0.200000,no-alert,0.000000,0.167365,low,schedule_unverified;no_eligible_observations;prior_only,data/source_manifest.json,,,
45e3c3962935c01c,2026-08-11T12:00:00Z,2026-08-10T10:30:00Z,2026-08-10T06:30:00-04:00,2026-08-10,PAIR,2026-08-10T20:30:00Z,2026-08-10T10:30:00Z,10,2h,false,2026-08-10T17:30:00Z,,0.1.0-prior-only,0.031183,0.047193,0.019376,0.932625,0.039078,0.048510,0.973319,0.067365,0.0010,0.000159,0.200000,no-alert,0.000000,0.167375,low,schedule_unverified;no_eligible_observations;prior_only,data/source_manifest.json,,,
2bd209f9213e82f7,2026-08-11T12:00:00Z,2026-08-10T12:30:00Z,2026-08-10T08:30:00-04:00,2026-08-10,PAIR,2026-08-10T20:30:00Z,2026-08-10T12:30:00Z,8,2h,false,2026-08-10T17:30:00Z,,0.1.0-prior-only,0.031245,0.047270,0.019403,0.932615,0.039083,0.048517,0.973315,0.067375,0.0010,0.000160,0.200000,no-alert,0.000000,0.167385,low,schedule_unverified;no_eligible_observations;prior_only,data/source_manifest.json,,,
94913abc24e227b9,2026-08-11T12:00:00Z,2026-08-10T14:30:00Z,2026-08-10T10:30:00-04:00,2026-08-10,PAIR,2026-08-10T20:30:00Z,2026-08-10T14:30:00Z,6,2h,false,2026-08-10T17:30:00Z,,0.1.0-prior-only,0.031308,0.047348,0.019429,0.932605,0.039089,0.048525,0.973311,0.067385,0.0010,0.000160,0.200000,no-alert,0.000000,0.167395,low,schedule_unverified;no_eligible_observations;prior_only,data/source_manifest.json,,,
d3fd3dd7f49388c1,2026-08-11T12:00:00Z,2026-08-10T16:30:00Z,2026-08-10T12:30:00-04:00,2026-08-10,PAIR,2026-08-10T20:30:00Z,2026-08-10T16:30:00Z,4,2h,true,2026-08-10T17:30:00Z,,0.1.0-prior-only,0.031371,0.047426,0.019455,0.932595,0.039095,0.048532,0.973307,0.067395,0.0010,0.000160,0.200000,no-alert,0.000000,0.167405,low,schedule_unverified;no_eligible_observations;prior_only,data/source_manifest.json,,,
c63273eb40e2ca2e,2026-08-11T12:00:00Z,2026-08-06T20:30:00Z,2026-08-06T16:30:00-04:00,2026-08-11,B6317,2026-08-11T20:30:00Z,2026-08-06T20:30:00Z,120,6h,false,2026-08-11T17:30:00Z,,0.1.0-prior-only,0.027923,0.043107,0.017986,0.933149,0.038774,0.048133,0.973527,,,,0.200000,no-alert,0.000000,0.127923,low,schedule_unverified;no_eligible_observations;prior_only,data/source_manifest.json,,,
6ac317e64d574faf,2026-08-11T12:00:00Z,2026-08-07T02:30:00Z,2026-08-06T22:30:00-04:00,2026-08-11,B6317,2026-08-11T20:30:00Z,2026-08-07T02:30:00Z,114,6h,false,2026-08-11T17:30:00Z,,0.1.0-prior-only,0.028092,0.043321,0.018059,0.933122,0.038789,0.048152,0.973516,0.027923,0.0169,0.006207,0.200000,no-alert,0.000000,0.128092,low,schedule_unverified;no_eligible_observations;prior_only,data/source_manifest.json,,,
e269b70afa666c1d,2026-08-11T12:00:00Z,2026-08-07T08:30:00Z,2026-08-07T04:30:00-04:00,2026-08-11,B6317,2026-08-11T20:30:00Z,2026-08-07T08:30:00Z,108,6h,false,2026-08-11T17:30:00Z,,0.1.0-prior-only,0.028262,0.043536,0.018133,0.933094,0.038805,0.048172,0.973505,0.028092,0.0170,0.006207,0.200000,no-alert,0.000000,0.128262,low,schedule_unverified;no_eligible_observations;prior_only,data/source_manifest.json,,,
d2d674a0cfa7d537,2026-08-11T12:00:00Z,2026-08-07T14:30:00Z,2026-08-07T10:30:00-04:00,2026-08-11,B6317,2026-08-11T20:30:00Z,2026-08-07T14:30:00Z,102,6h,false,2026-08-11T17:30:00Z,,0.1.0-prior-only,0.028432,0.043752,0.018207,0.933067,0.038821,0.048192,0.973494,0.028262,0.0171,0.006207,0.200000,no-alert,0.000000,0.128432,low,schedule_unverified;no_eligible_observations;prior_only,data/source_manifest.json,,,
f84b4cfc50a58328,2026-08-11T12:00:00Z,2026-08-07T20:30:00Z,2026-08-07T16:30:00-04:00,2026-08-11,B6317,2026-08-11T20:30:00Z,2026-08-07T20:30:00Z,96,6h,false,2026-08-11T17:30:00Z,,0.1.0-prior-only,0.028604,0.043969,0.018281,0.933039,0.038837,0.048212,0.973483,0.028432,0.0172,0.006207,0.200000,no-alert,0.000000,0.128604,low,schedule_unverified;no_eligible_observations;prior_only,data/source_manifest.json,,,
f07e01180e210f72,2026-08-11T12:00:00Z,2026-08-08T02:30:00Z,2026-08-07T22:30:00-04:00,2026-08-11,B6317,2026-08-11T20:30:00Z,2026-08-08T02:30:00Z,90,6h,false,2026-08-11T17:30:00Z,,0.1.0-prior-only,0.028777,0.044187,0.018355,0.933011,0.038853,0.048232,0.973472,0.028604,0.0173,0.006207,0.200000,no-alert,0.000000,0.128777,low,schedule_unverified;no_eligible_observations;prior_only,data/source_manifest.json,,,
858bb06281101c44,2026-08-11T12:00:00Z,2026-08-08T08:30:00Z,2026-08-08T04:30:00-04:00,2026-08-11,B6317,2026-08-11T20:30:00Z,2026-08-08T08:30:00Z,84,6h,false,2026-08-11T17:30:00Z,,0.1.0-prior-only,0.028951,0.044406,0.018430,0.932983,0.038870,0.048252,0.973461,0.028777,0.0174,0.006207,0.200000,no-alert,0.000000,0.128951,low,schedule_unverified;no_eligible_observations;prior_only,data/source_manifest.json,,,
f8c8352e2657ba88,2026-08-11T12:00:00Z,2026-08-08T14:30:00Z,2026-08-08T10:30:00-04:00,2026-08-11,B6317,2026-08-11T20:30:00Z,2026-08-08T14:30:00Z,78,6h,false,2026-08-11T17:30:00Z,,0.1.0-prior-only,0.029126,0.044626,0.018505,0.932955,0.038886,0.048272,0.973450,0.028951,0.0175,0.006207,0.200000,no-alert,0.000000,0.129126,low,schedule_unverified;no_eligible_observations;prior_only,data/source_manifest.json,,,
e4b1b5d3124c4703,2026-08-11T12:00:00Z,2026-08-08T20:30:00Z,2026-08-08T16:30:00-04:00,2026-08-11,B6317,2026-08-11T20:30:00Z,2026-08-08T20:30:00Z,72,6h,false,2026-08-11T17:30:00Z,,0.1.0-prior-only,0.029302,0.044847,0.018580,0.932927,0.038902,0.048293,0.973439,0.029126,0.0176,0.006207,0.200000,no-alert,0.000000,0.129302,low,schedule_unverified;no_eligible_observations;prior_only,data/source_manifest.json,,,
3b754c3d3fb5c390,2026-08-11T12:00:00Z,2026-08-09T02:30:00Z,2026-08-08T22:30:00-04:00,2026-08-11,B6317,2026-08-11T20:30:00Z,2026-08-09T02:30:00Z,66,6h,false,2026-08-11T17:30:00Z,,0.1.0-prior-only,0.029479,0.045069,0.018656,0.932898,0.038919,0.048313,0.973428,0.029302,0.0177,0.006207,0.200000,no-alert,0.000000,0.129479,low,schedule_unverified;no_eligible_observations;prior_only,data/source_manifest.json,,,
cf9c9e7e2db7f767,2026-08-11T12:00:00Z,2026-08-09T08:30:00Z,2026-08-09T04:30:00-04:00,2026-08-11,B6317,2026-08-11T20:30:00Z,2026-08-09T08:30:00Z,60,6h,false,2026-08-11T17:30:00Z,,0.1.0-prior-only,0.029658,0.045292,0.018732,0.932870,0.038936,0.048334,0.973416,0.029479,0.0178,0.006207,0.200000,no-alert,0.000000,0.129658,low,schedule_unverified;no_eligible_observations;prior_only,data/source_manifest.json,,,
824b7ed07239e266,2026-08-11T12:00:00Z,2026-08-09T14:30:00Z,2026-08-09T10:30:00-04:00,2026-08-11,B6317,2026-08-11T20:30:00Z,2026-08-09T14:30:00Z,54,6h,false,2026-08-11T17:30:00Z,,0.1.0-prior-only,0.029837,0.045516,0.018808,0.932841,0.038952,0.048355,0.973405,0.029658,0.0179,0.006207,0.200000,no-alert,0.000000,0.129837,low,schedule_unverified;no_eligible_observations;prior_only,data/source_manifest.json,,,
4bda3660dda7bd6f,2026-08-11T12:00:00Z,2026-08-09T20:30:00Z,2026-08-09T16:30:00-04:00,2026-08-11,B6317,2026-08-11T20:30:00Z,2026-08-09T20:30:00Z,48,6h,false,2026-08-11T17:30:00Z,,0.1.0-prior-only,0.030017,0.045741,0.018885,0.932812,0.038969,0.048375,0.973393,0.029837,0.0180,0.006207,0.200000,no-alert,0.000000,0.130017,low,schedule_unverified;no_eligible_observations;prior_only,data/source_manifest.json,,,
12d6dbe0e027b8b4,2026-08-11T12:00:00Z,2026-08-09T22:30:00Z,2026-08-09T18:30:00-04:00,2026-08-11,B6317,2026-08-11T20:30:00Z,2026-08-09T22:30:00Z,46,2h,false,2026-08-11T17:30:00Z,,0.1.0-prior-only,0.030077,0.045817,0.018910,0.932802,0.038975,0.048382,0.973390,0.030017,0.0060,0.002069,0.200000,no-alert,0.000000,0.130077,low,schedule_unverified;no_eligible_observations;prior_only,data/source_manifest.json,,,
00fe61b250e92bbe,2026-08-11T12:00:00Z,2026-08-10T00:30:00Z,2026-08-09T20:30:00-04:00,2026-08-11,B6317,2026-08-11T20:30:00Z,2026-08-10T00:30:00Z,44,2h,false,2026-08-11T17:30:00Z,,0.1.0-prior-only,0.030138,0.045892,0.018936,0.932792,0.038980,0.048389,0.973386,0.030077,0.0060,0.002069,0.200000,no-alert,0.000000,0.130138,low,schedule_unverified;no_eligible_observations;prior_only,data/source_manifest.json,,,
f30cbfc8186672dc,2026-08-11T12:00:00Z,2026-08-10T02:30:00Z,2026-08-09T22:30:00-04:00,2026-08-11,B6317,2026-08-11T20:30:00Z,2026-08-10T02:30:00Z,42,2h,false,2026-08-11T17:30:00Z,,0.1.0-prior-only,0.030198,0.045968,0.018961,0.932783,0.038986,0.048396,0.973382,0.030138,0.0061,0.002069,0.200000,no-alert,0.000000,0.130198,low,schedule_unverified;no_eligible_observations;prior_only,data/source_manifest.json,,,
91582638ae9a9f9d,2026-08-11T12:00:00Z,2026-08-10T04:30:00Z,2026-08-10T00:30:00-04:00,2026-08-11,B6317,2026-08-11T20:30:00Z,2026-08-10T04:30:00Z,40,2h,false,2026-08-11T17:30:00Z,,0.1.0-prior-only,0.030259,0.046043,0.018987,0.932773,0.038992,0.048403,0.973378,0.030198,0.0061,0.002069,0.200000,no-alert,0.000000,0.130259,low,schedule_unverified;no_eligible_observations;prior_only,data/source_manifest.json,,,
e801e71903cb84c0,2026-08-11T12:00:00Z,2026-08-10T06:30:00Z,2026-08-10T02:30:00-04:00,2026-08-11,B6317,2026-08-11T20:30:00Z,2026-08-10T06:30:00Z,38,2h,false,2026-08-11T17:30:00Z,,0.1.0-prior-only,0.030320,0.046119,0.019013,0.932763,0.038997,0.048410,0.973374,0.030259,0.0061,0.002069,0.200000,no-alert,0.000000,0.130320,low,schedule_unverified;no_eligible_observations;prior_only,data/source_manifest.json,,,
08b4d417f31ce7db,2026-08-11T12:00:00Z,2026-08-10T08:30:00Z,2026-08-10T04:30:00-04:00,2026-08-11,B6317,2026-08-11T20:30:00Z,2026-08-10T08:30:00Z,36,2h,false,2026-08-11T17:30:00Z,,0.1.0-prior-only,0.030380,0.046195,0.019039,0.932753,0.039003,0.048418,0.973370,0.030320,0.0061,0.002069,0.200000,no-alert,0.000000,0.130380,low,schedule_unverified;no_eligible_observations;prior_only,data/source_manifest.json,,,
d7b0d9ddc2bcf03e,2026-08-11T12:00:00Z,2026-08-10T10:30:00Z,2026-08-10T06:30:00-04:00,2026-08-11,B6317,2026-08-11T20:30:00Z,2026-08-10T10:30:00Z,34,2h,false,2026-08-11T17:30:00Z,,0.1.0-prior-only,0.030441,0.046271,0.019064,0.932744,0.039009,0.048425,0.973366,0.030380,0.0061,0.002069,0.200000,no-alert,0.000000,0.130441,low,schedule_unverified;no_eligible_observations;prior_only,data/source_manifest.json,,,
0cc1c1ddb26b9c99,2026-08-11T12:00:00Z,2026-08-10T12:30:00Z,2026-08-10T08:30:00-04:00,2026-08-11,B6317,2026-08-11T20:30:00Z,2026-08-10T12:30:00Z,32,2h,false,2026-08-11T17:30:00Z,,0.1.0-prior-only,0.030503,0.046347,0.019090,0.932734,0.039014,0.048432,0.973363,0.030441,0.0061,0.002069,0.200000,no-alert,0.000000,0.130503,low,schedule_unverified;no_eligible_observations;prior_only,data/source_manifest.json,,,
720e34c397ad7b0d,2026-08-11T12:00:00Z,2026-08-10T14:30:00Z,2026-08-10T10:30:00-04:00,2026-08-11,B6317,2026-08-11T20:30:00Z,2026-08-10T14:30:00Z,30,2h,false,2026-08-11T17:30:00Z,,0.1.0-prior-only,0.030564,0.046424,0.019116,0.932724,0.039020,0.048439,0.973359,0.030503,0.0061,0.002069,0.200000,no-alert,0.000000,0.130564,low,schedule_unverified;no_eligible_observations;prior_only,data/source_manifest.json,,,
1c55e46fecb4696e,2026-08-11T12:00:00Z,2026-08-10T16:30:00Z,2026-08-10T12:30:00-04:00,2026-08-11,B6317,2026-08-11T20:30:00Z,2026-08-10T16:30:00Z,28,2h,false,2026-08-11T17:30:00Z,,0.1.0-prior-only,0.030625,0.046500,0.019142,0.932714,0.039026,0.048446,0.973355,0.030564,0.0061,0.002069,0.200000,no-alert,0.000000,0.130625,low,schedule_unverified;no_eligible_observations;prior_only,data/source_manifest.json,,,
4cbdd3f5681fe761,2026-08-11T12:00:00Z,2026-08-10T18:30:00Z,2026-08-10T14:30:00-04:00,2026-08-11,B6317,2026-08-11T20:30:00Z,2026-08-10T18:30:00Z,26,2h,false,2026-08-11T17:30:00Z,,0.1.0-prior-only,0.030687,0.046576,0.019168,0.932704,0.039032,0.048453,0.973351,0.030625,0.0061,0.002069,0.200000,no-alert,0.000000,0.130687,low,schedule_unverified;no_eligible_observations;prior_only,data/source_manifest.json,,,
17e3784675dd0222,2026-08-11T12:00:00Z,2026-08-10T20:30:00Z,2026-08-10T16:30:00-04:00,2026-08-11,B6317,2026-08-11T20:30:00Z,2026-08-10T20:30:00Z,24,2h,false,2026-08-11T17:30:00Z,,0.1.0-prior-only,0.030748,0.046653,0.019194,0.932694,0.039037,0.048460,0.973347,0.030687,0.0062,0.002069,0.200000,no-alert,0.000000,0.130748,low,schedule_unverified;no_eligible_observations;prior_only,data/source_manifest.json,,,
0bbf0ad1875ad21b,2026-08-11T12:00:00Z,2026-08-10T22:30:00Z,2026-08-10T18:30:00-04:00,2026-08-11,B6317,2026-08-11T20:30:00Z,2026-08-10T22:30:00Z,22,2h,false,2026-08-11T17:30:00Z,,0.1.0-prior-only,0.030810,0.046730,0.019220,0.932684,0.039043,0.048467,0.973343,0.030748,0.0062,0.002069,0.200000,no-alert,0.000000,0.130810,low,schedule_unverified;no_eligible_observations;prior_only,data/source_manifest.json,,,
c134774c78036ccf,2026-08-11T12:00:00Z,2026-08-11T00:30:00Z,2026-08-10T20:30:00-04:00,2026-08-11,B6317,2026-08-11T20:30:00Z,2026-08-11T00:30:00Z,20,2h,false,2026-08-11T17:30:00Z,,0.1.0-prior-only,0.030872,0.046807,0.019246,0.932675,0.039049,0.048474,0.973339,0.030810,0.0062,0.002069,0.200000,no-alert,0.000000,0.130872,low,schedule_unverified;no_eligible_observations;prior_only,data/source_manifest.json,,,
ffb61e98cf9eae56,2026-08-11T12:00:00Z,2026-08-11T02:30:00Z,2026-08-10T22:30:00-04:00,2026-08-11,B6317,2026-08-11T20:30:00Z,2026-08-11T02:30:00Z,18,2h,false,2026-08-11T17:30:00Z,,0.1.0-prior-only,0.030934,0.046884,0.019272,0.932665,0.039055,0.048481,0.973335,0.030872,0.0062,0.002069,0.200000,no-alert,0.000000,0.130934,low,schedule_unverified;no_eligible_observations;prior_only,data/source_manifest.json,,,
41d93b36c875bda2,2026-08-11T12:00:00Z,2026-08-11T04:30:00Z,2026-08-11T00:30:00-04:00,2026-08-11,B6317,2026-08-11T20:30:00Z,2026-08-11T04:30:00Z,16,2h,false,2026-08-11T17:30:00Z,,0.1.0-prior-only,0.030996,0.046961,0.019298,0.932655,0.039060,0.048489,0.973331,0.030934,0.0062,0.002069,0.200000,no-alert,0.000000,0.130996,low,schedule_unverified;no_eligible_observations;prior_only,data/source_manifest.json,,,
286651d91d9610f1,2026-08-11T12:00:00Z,2026-08-11T06:30:00Z,2026-08-11T02:30:00-04:00,2026-08-11,B6317,2026-08-11T20:30:00Z,2026-08-11T06:30:00Z,14,2h,false,2026-08-11T17:30:00Z,,0.1.0-prior-only,0.031058,0.047038,0.019324,0.932645,0.039066,0.048496,0.973327,0.030996,0.0062,0.002069,0.200000,no-alert,0.000000,0.131058,low,schedule_unverified;no_eligible_observations;prior_only,data/source_manifest.json,,,
d3599a3c92f4d355,2026-08-11T12:00:00Z,2026-08-11T08:30:00Z,2026-08-11T04:30:00-04:00,2026-08-11,B6317,2026-08-11T20:30:00Z,2026-08-11T08:30:00Z,12,2h,false,2026-08-11T17:30:00Z,,0.1.0-prior-only,0.031120,0.047115,0.019350,0.932635,0.039072,0.048503,0.973323,0.031058,0.0062,0.002069,0.200000,no-alert,0.000000,0.131120,low,schedule_unverified;no_eligible_observations;prior_only,data/source_manifest.json,,,
71fa4f492cb5a0c2,2026-08-11T12:00:00Z,2026-08-11T10:30:00Z,2026-08-11T06:30:00-04:00,2026-08-11,B6317,2026-08-11T20:30:00Z,2026-08-11T10:30:00Z,10,2h,false,2026-08-11T17:30:00Z,,0.1.0-prior-only,0.031183,0.047193,0.019376,0.932625,0.039078,0.048510,0.973319,0.031120,0.0062,0.002069,0.200000,no-alert,0.000000,0.131183,low,schedule_unverified;no_eligible_observations;prior_only,data/source_manifest.json,,,
429dfda1a69612f8,2026-08-11T12:00:00Z,2026-08-11T12:30:00Z,2026-08-11T08:30:00-04:00,2026-08-11,B6317,2026-08-11T20:30:00Z,2026-08-11T12:30:00Z,8,2h,false,2026-08-11T17:30:00Z,,0.1.0-prior-only,0.031245,0.047270,0.019403,0.932615,0.039083,0.048517,0.973315,0.031183,0.0063,0.002069,0.200000,no-alert,0.000000,0.131245,low,schedule_unverified;no_eligible_observations;prior_only,data/source_manifest.json,,,
fd7126cf38d11536,2026-08-11T12:00:00Z,2026-08-11T14:30:00Z,2026-08-11T10:30:00-04:00,2026-08-11,B6317,2026-08-11T20:30:00Z,2026-08-11T14:30:00Z,6,2h,false,2026-08-11T17:30:00Z,,0.1.0-prior-only,0.031308,0.047348,0.019429,0.932605,0.039089,0.048525,0.973311,0.031245,0.0063,0.002069,0.200000,no-alert,0.000000,0.131308,low,schedule_unverified;no_eligible_observations;prior_only,data/source_manifest.json,,,
a96b12dae59cc127,2026-08-11T12:00:00Z,2026-08-11T16:30:00Z,2026-08-11T12:30:00-04:00,2026-08-11,B6317,2026-08-11T20:30:00Z,2026-08-11T16:30:00Z,4,2h,true,2026-08-11T17:30:00Z,,0.1.0-prior-only,0.031371,0.047426,0.019455,0.932595,0.039095,0.048532,0.973307,0.031308,0.0063,0.002069,0.200000,no-alert,0.000000,0.131371,low,schedule_unverified;no_eligible_observations;prior_only,data/source_manifest.json,,,
7a15dfc8e63bf7a3,2026-08-11T12:00:00Z,2026-08-07T02:15:00Z,2026-08-06T22:15:00-04:00,2026-08-11,SQ23,2026-08-12T02:15:00Z,2026-08-07T02:15:00Z,120,6h,false,2026-08-11T23:15:00Z,,0.1.0-prior-only,0.027923,0.043107,0.017986,0.933149,0.038774,0.048133,0.973527,,,,0.200000,no-alert,0.000000,0.117986,low,schedule_unverified;no_eligible_observations;prior_only,data/source_manifest.json,,,
998acd368c5c7c6e,2026-08-11T12:00:00Z,2026-08-07T08:15:00Z,2026-08-07T04:15:00-04:00,2026-08-11,SQ23,2026-08-12T02:15:00Z,2026-08-07T08:15:00Z,114,6h,false,2026-08-11T23:15:00Z,,0.1.0-prior-only,0.028092,0.043321,0.018059,0.933122,0.038789,0.048152,0.973516,0.017986,0.0073,0.004138,0.200000,no-alert,0.000000,0.118059,low,schedule_unverified;no_eligible_observations;prior_only,data/source_manifest.json,,,
0c9e73282037e7b3,2026-08-11T12:00:00Z,2026-08-07T14:15:00Z,2026-08-07T10:15:00-04:00,2026-08-11,SQ23,2026-08-12T02:15:00Z,2026-08-07T14:15:00Z,108,6h,false,2026-08-11T23:15:00Z,,0.1.0-prior-only,0.028262,0.043536,0.018133,0.933094,0.038805,0.048172,0.973505,0.018059,0.0074,0.004138,0.200000,no-alert,0.000000,0.118133,low,schedule_unverified;no_eligible_observations;prior_only,data/source_manifest.json,,,
62d8f8da4bc7f5ed,2026-08-11T12:00:00Z,2026-08-07T20:15:00Z,2026-08-07T16:15:00-04:00,2026-08-11,SQ23,2026-08-12T02:15:00Z,2026-08-07T20:15:00Z,102,6h,false,2026-08-11T23:15:00Z,,0.1.0-prior-only,0.028432,0.043752,0.018207,0.933067,0.038821,0.048192,0.973494,0.018133,0.0074,0.004138,0.200000,no-alert,0.000000,0.118207,low,schedule_unverified;no_eligible_observations;prior_only,data/source_manifest.json,,,
ef27eaaec1b7099e,2026-08-11T12:00:00Z,2026-08-08T02:15:00Z,2026-08-07T22:15:00-04:00,2026-08-11,SQ23,2026-08-12T02:15:00Z,2026-08-08T02:15:00Z,96,6h,false,2026-08-11T23:15:00Z,,0.1.0-prior-only,0.028604,0.043969,0.018281,0.933039,0.038837,0.048212,0.973483,0.018207,0.0074,0.004138,0.200000,no-alert,0.000000,0.118281,low,schedule_unverified;no_eligible_observations;prior_only,data/source_manifest.json,,,
413c581b69a0c251,2026-08-11T12:00:00Z,2026-08-08T08:15:00Z,2026-08-08T04:15:00-04:00,2026-08-11,SQ23,2026-08-12T02:15:00Z,2026-08-08T08:15:00Z,90,6h,false,2026-08-11T23:15:00Z,,0.1.0-prior-only,0.028777,0.044187,0.018355,0.933011,0.038853,0.048232,0.973472,0.018281,0.0074,0.004138,0.200000,no-alert,0.000000,0.118355,low,schedule_unverified;no_eligible_observations;prior_only,data/source_manifest.json,,,
2db15f1df3db66b5,2026-08-11T12:00:00Z,2026-08-08T14:15:00Z,2026-08-08T10:15:00-04:00,2026-08-11,SQ23,2026-08-12T02:15:00Z,2026-08-08T14:15:00Z,84,6h,false,2026-08-11T23:15:00Z,,0.1.0-prior-only,0.028951,0.044406,0.018430,0.932983,0.038870,0.048252,0.973461,0.018355,0.0075,0.004138,0.200000,no-alert,0.000000,0.118430,low,schedule_unverified;no_eligible_observations;prior_only,data/source_manifest.json,,,
a789f748a4e77868,2026-08-11T12:00:00Z,2026-08-08T20:15:00Z,2026-08-08T16:15:00-04:00,2026-08-11,SQ23,2026-08-12T02:15:00Z,2026-08-08T20:15:00Z,78,6h,false,2026-08-11T23:15:00Z,,0.1.0-prior-only,0.029126,0.044626,0.018505,0.932955,0.038886,0.048272,0.973450,0.018430,0.0075,0.004138,0.200000,no-alert,0.000000,0.118505,low,schedule_unverified;no_eligible_observations;prior_only,data/source_manifest.json,,,
f2b7746b1c505b95,2026-08-11T12:00:00Z,2026-08-09T02:15:00Z,2026-08-08T22:15:00-04:00,2026-08-11,SQ23,2026-08-12T02:15:00Z,2026-08-09T02:15:00Z,72,6h,false,2026-08-11T23:15:00Z,,0.1.0-prior-only,0.029302,0.044847,0.018580,0.932927,0.038902,0.048293,0.973439,0.018505,0.0075,0.004138,0.200000,no-alert,0.000000,0.118580,low,schedule_unverified;no_eligible_observations;prior_only,data/source_manifest.json,,,
879d5053230d8683,2026-08-11T12:00:00Z,2026-08-09T08:15:00Z,2026-08-09T04:15:00-04:00,2026-08-11,SQ23,2026-08-12T02:15:00Z,2026-08-09T08:15:00Z,66,6h,false,2026-08-11T23:15:00Z,,0.1.0-prior-only,0.029479,0.045069,0.018656,0.932898,0.038919,0.048313,0.973428,0.018580,0.0076,0.004138,0.200000,no-alert,0.000000,0.118656,low,schedule_unverified;no_eligible_observations;prior_only,data/source_manifest.json,,,
d2c37160a44fe636,2026-08-11T12:00:00Z,2026-08-09T14:15:00Z,2026-08-09T10:15:00-04:00,2026-08-11,SQ23,2026-08-12T02:15:00Z,2026-08-09T14:15:00Z,60,6h,false,2026-08-11T23:15:00Z,,0.1.0-prior-only,0.029658,0.045292,0.018732,0.932870,0.038936,0.048334,0.973416,0.018656,0.0076,0.004138,0.200000,no-alert,0.000000,0.118732,low,schedule_unverified;no_eligible_observations;prior_only,data/source_manifest.json,,,
5cd1778f97c0fe1c,2026-08-11T12:00:00Z,2026-08-09T20:15:00Z,2026-08-09T16:15:00-04:00,2026-08-11,SQ23,2026-08-12T02:15:00Z,2026-08-09T20:15:00Z,54,6h,false,2026-08-11T23:15:00Z,,0.1.0-prior-only,0.029837,0.045516,0.018808,0.932841,0.038952,0.048355,0.973405,0.018732,0.0076,0.004138,0.200000,no-alert,0.000000,0.118808,low,schedule_unverified;no_eligible_observations;prior_only,data/source_manifest.json,,,
d9a7ca4d7cdbdc23,2026-08-11T12:00:00Z,2026-08-10T02:15:00Z,2026-08-09T22:15:00-04:00,2026-08-11,SQ23,2026-08-12T02:15:00Z,2026-08-10T02:15:00Z,48,6h,false,2026-08-11T23:15:00Z,,0.1.0-prior-only,0.030017,0.045741,0.018885,0.932812,0.038969,0.048375,0.973393,0.018808,0.0077,0.004138,0.200000,no-alert,0.000000,0.118885,low,schedule_unverified;no_eligible_observations;prior_only,data/source_manifest.json,,,
4b202faeb0834770,2026-08-11T12:00:00Z,2026-08-10T04:15:00Z,2026-08-10T00:15:00-04:00,2026-08-11,SQ23,2026-08-12T02:15:00Z,2026-08-10T04:15:00Z,46,2h,false,2026-08-11T23:15:00Z,,0.1.0-prior-only,0.030077,0.045817,0.018910,0.932802,0.038975,0.048382,0.973390,0.018885,0.0026,0.001379,0.200000,no-alert,0.000000,0.118910,low,schedule_unverified;no_eligible_observations;prior_only,data/source_manifest.json,,,
63a148d97ad62ab5,2026-08-11T12:00:00Z,2026-08-10T06:15:00Z,2026-08-10T02:15:00-04:00,2026-08-11,SQ23,2026-08-12T02:15:00Z,2026-08-10T06:15:00Z,44,2h,false,2026-08-11T23:15:00Z,,0.1.0-prior-only,0.030138,0.045892,0.018936,0.932792,0.038980,0.048389,0.973386,0.018910,0.0026,0.001379,0.200000,no-alert,0.000000,0.118936,low,schedule_unverified;no_eligible_observations;prior_only,data/source_manifest.json,,,
477f256d6d163270,2026-08-11T12:00:00Z,2026-08-10T08:15:00Z,2026-08-10T04:15:00-04:00,2026-08-11,SQ23,2026-08-12T02:15:00Z,2026-08-10T08:15:00Z,42,2h,false,2026-08-11T23:15:00Z,,0.1.0-prior-only,0.030198,0.045968,0.018961,0.932783,0.038986,0.048396,0.973382,0.018936,0.0026,0.001379,0.200000,no-alert,0.000000,0.118961,low,schedule_unverified;no_eligible_observations;prior_only,data/source_manifest.json,,,
32d40537dd37174e,2026-08-11T12:00:00Z,2026-08-10T10:15:00Z,2026-08-10T06:15:00-04:00,2026-08-11,SQ23,2026-08-12T02:15:00Z,2026-08-10T10:15:00Z,40,2h,false,2026-08-11T23:15:00Z,,0.1.0-prior-only,0.030259,0.046043,0.018987,0.932773,0.038992,0.048403,0.973378,0.018961,0.0026,0.001379,0.200000,no-alert,0.000000,0.118987,low,schedule_unverified;no_eligible_observations;prior_only,data/source_manifest.json,,,
62a79d7f4c01a3e1,2026-08-11T12:00:00Z,2026-08-10T12:15:00Z,2026-08-10T08:15:00-04:00,2026-08-11,SQ23,2026-08-12T02:15:00Z,2026-08-10T12:15:00Z,38,2h,false,2026-08-11T23:15:00Z,,0.1.0-prior-only,0.030320,0.046119,0.019013,0.932763,0.038997,0.048410,0.973374,0.018987,0.0026,0.001379,0.200000,no-alert,0.000000,0.119013,low,schedule_unverified;no_eligible_observations;prior_only,data/source_manifest.json,,,
ac97a748bcdc7539,2026-08-11T12:00:00Z,2026-08-10T14:15:00Z,2026-08-10T10:15:00-04:00,2026-08-11,SQ23,2026-08-12T02:15:00Z,2026-08-10T14:15:00Z,36,2h,false,2026-08-11T23:15:00Z,,0.1.0-prior-only,0.030380,0.046195,0.019039,0.932753,0.039003,0.048418,0.973370,0.019013,0.0026,0.001379,0.200000,no-alert,0.000000,0.119039,low,schedule_unverified;no_eligible_observations;prior_only,data/source_manifest.json,,,
53538df6addd056e,2026-08-11T12:00:00Z,2026-08-10T16:15:00Z,2026-08-10T12:15:00-04:00,2026-08-11,SQ23,2026-08-12T02:15:00Z,2026-08-10T16:15:00Z,34,2h,false,2026-08-11T23:15:00Z,,0.1.0-prior-only,0.030441,0.046271,0.019064,0.932744,0.039009,0.048425,0.973366,0.019039,0.0026,0.001379,0.200000,no-alert,0.000000,0.119064,low,schedule_unverified;no_eligible_observations;prior_only,data/source_manifest.json,,,
f0010f6bbc79b63b,2026-08-11T12:00:00Z,2026-08-10T18:15:00Z,2026-08-10T14:15:00-04:00,2026-08-11,SQ23,2026-08-12T02:15:00Z,2026-08-10T18:15:00Z,32,2h,false,2026-08-11T23:15:00Z,,0.1.0-prior-only,0.030503,0.046347,0.019090,0.932734,0.039014,0.048432,0.973363,0.019064,0.0026,0.001379,0.200000,no-alert,0.000000,0.119090,low,schedule_unverified;no_eligible_observations;prior_only,data/source_manifest.json,,,
935d1030258d65c7,2026-08-11T12:00:00Z,2026-08-10T20:15:00Z,2026-08-10T16:15:00-04:00,2026-08-11,SQ23,2026-08-12T02:15:00Z,2026-08-10T20:15:00Z,30,2h,false,2026-08-11T23:15:00Z,,0.1.0-prior-only,0.030564,0.046424,0.019116,0.932724,0.039020,0.048439,0.973359,0.019090,0.0026,0.001379,0.200000,no-alert,0.000000,0.119116,low,schedule_unverified;no_eligible_observations;prior_only,data/source_manifest.json,,,
fc8f6f6da2daab07,2026-08-11T12:00:00Z,2026-08-10T22:15:00Z,2026-08-10T18:15:00-04:00,2026-08-11,SQ23,2026-08-12T02:15:00Z,2026-08-10T22:15:00Z,28,2h,false,2026-08-11T23:15:00Z,,0.1.0-prior-only,0.030625,0.046500,0.019142,0.932714,0.039026,0.048446,0.973355,0.019116,0.0026,0.001379,0.200000,no-alert,0.000000,0.119142,low,schedule_unverified;no_eligible_observations;prior_only,data/source_manifest.json,,,
b7bcad1899503f28,2026-08-11T12:00:00Z,2026-08-11T00:15:00Z,2026-08-10T20:15:00-04:00,2026-08-11,SQ23,2026-08-12T02:15:00Z,2026-08-11T00:15:00Z,26,2h,false,2026-08-11T23:15:00Z,,0.1.0-prior-only,0.030687,0.046576,0.019168,0.932704,0.039032,0.048453,0.973351,0.019142,0.0026,0.001379,0.200000,no-alert,0.000000,0.119168,low,schedule_unverified;no_eligible_observations;prior_only,data/source_manifest.json,,,
de26109b81784665,2026-08-11T12:00:00Z,2026-08-11T02:15:00Z,2026-08-10T22:15:00-04:00,2026-08-11,SQ23,2026-08-12T02:15:00Z,2026-08-11T02:15:00Z,24,2h,false,2026-08-11T23:15:00Z,,0.1.0-prior-only,0.030748,0.046653,0.019194,0.932694,0.039037,0.048460,0.973347,0.019168,0.0026,0.001379,0.200000,no-alert,0.000000,0.119194,low,schedule_unverified;no_eligible_observations;prior_only,data/source_manifest.json,,,
38aa5a2a16570ef5,2026-08-11T12:00:00Z,2026-08-11T04:15:00Z,2026-08-11T00:15:00-04:00,2026-08-11,SQ23,2026-08-12T02:15:00Z,2026-08-11T04:15:00Z,22,2h,false,2026-08-11T23:15:00Z,,0.1.0-prior-only,0.030810,0.046730,0.019220,0.932684,0.039043,0.048467,0.973343,0.019194,0.0026,0.001379,0.200000,no-alert,0.000000,0.119220,low,schedule_unverified;no_eligible_observations;prior_only,data/source_manifest.json,,,
8becca9e86335e07,2026-08-11T12:00:00Z,2026-08-11T06:15:00Z,2026-08-11T02:15:00-04:00,2026-08-11,SQ23,2026-08-12T02:15:00Z,2026-08-11T06:15:00Z,20,2h,false,2026-08-11T23:15:00Z,,0.1.0-prior-only,0.030872,0.046807,0.019246,0.932675,0.039049,0.048474,0.973339,0.019220,0.0026,0.001379,0.200000,no-alert,0.000000,0.119246,low,schedule_unverified;no_eligible_observations;prior_only,data/source_manifest.json,,,
0e7009b2b4276404,2026-08-11T12:00:00Z,2026-08-11T08:15:00Z,2026-08-11T04:15:00-04:00,2026-08-11,SQ23,2026-08-12T02:15:00Z,2026-08-11T08:15:00Z,18,2h,false,2026-08-11T23:15:00Z,,0.1.0-prior-only,0.030934,0.046884,0.019272,0.932665,0.039055,0.048481,0.973335,0.019246,0.0026,0.001379,0.200000,no-alert,0.000000,0.119272,low,schedule_unverified;no_eligible_observations;prior_only,data/source_manifest.json,,,
cf04f2d3603cc62b,2026-08-11T12:00:00Z,2026-08-11T10:15:00Z,2026-08-11T06:15:00-04:00,2026-08-11,SQ23,2026-08-12T02:15:00Z,2026-08-11T10:15:00Z,16,2h,false,2026-08-11T23:15:00Z,,0.1.0-prior-only,0.030996,0.046961,0.019298,0.932655,0.039060,0.048489,0.973331,0.019272,0.0026,0.001379,0.200000,no-alert,0.000000,0.119298,low,schedule_unverified;no_eligible_observations;prior_only,data/source_manifest.json,,,
c9c20ca8c8034d04,2026-08-11T12:00:00Z,2026-08-11T12:15:00Z,2026-08-11T08:15:00-04:00,2026-08-11,SQ23,2026-08-12T02:15:00Z,2026-08-11T12:15:00Z,14,2h,false,2026-08-11T23:15:00Z,,0.1.0-prior-only,0.031058,0.047038,0.019324,0.932645,0.039066,0.048496,0.973327,0.019298,0.0026,0.001379,0.200000,no-alert,0.000000,0.119324,low,schedule_unverified;no_eligible_observations;prior_only,data/source_manifest.json,,,
aeb165e50e2bb554,2026-08-11T12:00:00Z,2026-08-11T14:15:00Z,2026-08-11T10:15:00-04:00,2026-08-11,SQ23,2026-08-12T02:15:00Z,2026-08-11T14:15:00Z,12,2h,false,2026-08-11T23:15:00Z,,0.1.0-prior-only,0.031120,0.047115,0.019350,0.932635,0.039072,0.048503,0.973323,0.019324,0.0026,0.001379,0.200000,no-alert,0.000000,0.119350,low,schedule_unverified;no_eligible_observations;prior_only,data/source_manifest.json,,,
c831d34067a78f49,2026-08-11T12:00:00Z,2026-08-11T16:15:00Z,2026-08-11T12:15:00-04:00,2026-08-11,SQ23,2026-08-12T02:15:00Z,2026-08-11T16:15:00Z,10,2h,false,2026-08-11T23:15:00Z,,0.1.0-prior-only,0.031183,0.047193,0.019376,0.932625,0.039078,0.048510,0.973319,0.019350,0.0026,0.001379,0.200000,no-alert,0.000000,0.119376,low,schedule_unverified;no_eligible_observations;prior_only,data/source_manifest.json,,,
f289181bff034074,2026-08-11T12:00:00Z,2026-08-11T18:15:00Z,2026-08-11T14:15:00-04:00,2026-08-11,SQ23,2026-08-12T02:15:00Z,2026-08-11T18:15:00Z,8,2h,false,2026-08-11T23:15:00Z,,0.1.0-prior-only,0.031245,0.047270,0.019403,0.932615,0.039083,0.048517,0.973315,0.019376,0.0026,0.001379,0.200000,no-alert,0.000000,0.119403,low,schedule_unverified;no_eligible_observations;prior_only,data/source_manifest.json,,,
c4ee15c481ca00dd,2026-08-11T12:00:00Z,2026-08-11T20:15:00Z,2026-08-11T16:15:00-04:00,2026-08-11,SQ23,2026-08-12T02:15:00Z,2026-08-11T20:15:00Z,6,2h,false,2026-08-11T23:15:00Z,,0.1.0-prior-only,0.031308,0.047348,0.019429,0.932605,0.039089,0.048525,0.973311,0.019403,0.0026,0.001379,0.200000,no-alert,0.000000,0.119429,low,schedule_unverified;no_eligible_observations;prior_only,data/source_manifest.json,,,
3cec49bc8173037a,2026-08-11T12:00:00Z,2026-08-11T22:15:00Z,2026-08-11T18:15:00-04:00,2026-08-11,SQ23,2026-08-12T02:15:00Z,2026-08-11T22:15:00Z,4,2h,true,2026-08-11T23:15:00Z,,0.1.0-prior-only,0.031371,0.047426,0.019455,0.932595,0.039095,0.048532,0.973307,0.019429,0.0026,0.001379,0.200000,no-alert,0.000000,0.119455,low,schedule_unverified;no_eligible_observations;prior_only,data/source_manifest.json,,,
c592caf81f1252be,2026-08-11T12:00:00Z,2026-08-06T20:30:00Z,2026-08-06T16:30:00-04:00,2026-08-11,PAIR,2026-08-11T20:30:00Z,2026-08-06T20:30:00Z,120,6h,false,2026-08-11T17:30:00Z,,0.1.0-prior-only,0.027923,0.043107,0.017986,0.933149,0.038774,0.048133,0.973527,,,,0.200000,no-alert,0.000000,0.166851,low,schedule_unverified;no_eligible_observations;prior_only,data/source_manifest.json,,,
f21a6c9c0e07e285,2026-08-11T12:00:00Z,2026-08-07T02:30:00Z,2026-08-06T22:30:00-04:00,2026-08-11,PAIR,2026-08-11T20:30:00Z,2026-08-07T02:30:00Z,114,6h,false,2026-08-11T17:30:00Z,,0.1.0-prior-only,0.028092,0.043321,0.018059,0.933122,0.038789,0.048152,0.973516,0.066851,0.0027,0.000437,0.200000,no-alert,0.000000,0.166878,low,schedule_unverified;no_eligible_observations;prior_only,data/source_manifest.json,,,
12eb34a855731e82,2026-08-11T12:00:00Z,2026-08-07T08:30:00Z,2026-08-07T04:30:00-04:00,2026-08-11,PAIR,2026-08-11T20:30:00Z,2026-08-07T08:30:00Z,108,6h,false,2026-08-11T17:30:00Z,,0.1.0-prior-only,0.028262,0.043536,0.018133,0.933094,0.038805,0.048172,0.973505,0.066878,0.0027,0.000439,0.200000,no-alert,0.000000,0.166906,low,schedule_unverified;no_eligible_observations;prior_only,data/source_manifest.json,,,
a49e29c24d6abc07,2026-08-11T12:00:00Z,2026-08-07T14:30:00Z,2026-08-07T10:30:00-04:00,2026-08-11,PAIR,2026-08-11T20:30:00Z,2026-08-07T14:30:00Z,102,6h,false,2026-08-11T17:30:00Z,,0.1.0-prior-only,0.028432,0.043752,0.018207,0.933067,0.038821,0.048192,0.973494,0.066906,0.0028,0.000441,0.200000,no-alert,0.000000,0.166933,low,schedule_unverified;no_eligible_observations;prior_only,data/source_manifest.json,,,
9646f608e222eaab,2026-08-11T12:00:00Z,2026-08-07T20:30:00Z,2026-08-07T16:30:00-04:00,2026-08-11,PAIR,2026-08-11T20:30:00Z,2026-08-07T20:30:00Z,96,6h,false,2026-08-11T17:30:00Z,,0.1.0-prior-only,0.028604,0.043969,0.018281,0.933039,0.038837,0.048212,0.973483,0.066933,0.0028,0.000444,0.200000,no-alert,0.000000,0.166961,low,schedule_unverified;no_eligible_observations;prior_only,data/source_manifest.json,,,
e27072bab5be8bf5,2026-08-11T12:00:00Z,2026-08-08T02:30:00Z,2026-08-07T22:30:00-04:00,2026-08-11,PAIR,2026-08-11T20:30:00Z,2026-08-08T02:30:00Z,90,6h,false,2026-08-11T17:30:00Z,,0.1.0-prior-only,0.028777,0.044187,0.018355,0.933011,0.038853,0.048232,0.973472,0.066961,0.0028,0.000446,0.200000,no-alert,0.000000,0.166989,low,schedule_unverified;no_eligible_observations;prior_only,data/source_manifest.json,,,
76be3b618dfdbc6b,2026-08-11T12:00:00Z,2026-08-08T08:30:00Z,2026-08-08T04:30:00-04:00,2026-08-11,PAIR,2026-08-11T20:30:00Z,2026-08-08T08:30:00Z,84,6h,false,2026-08-11T17:30:00Z,,0.1.0-prior-only,0.028951,0.044406,0.018430,0.932983,0.038870,0.048252,0.973461,0.066989,0.0028,0.000448,0.200000,no-alert,0.000000,0.167017,low,schedule_unverified;no_eligible_observations;prior_only,data/source_manifest.json,,,
6640459ac5e4d5ce,2026-08-11T12:00:00Z,2026-08-08T14:30:00Z,2026-08-08T10:30:00-04:00,2026-08-11,PAIR,2026-08-11T20:30:00Z,2026-08-08T14:30:00Z,78,6h,false,2026-08-11T17:30:00Z,,0.1.0-prior-only,0.029126,0.044626,0.018505,0.932955,0.038886,0.048272,0.973450,0.067017,0.0028,0.000451,0.200000,no-alert,0.000000,0.167045,low,schedule_unverified;no_eligible_observations;prior_only,data/source_manifest.json,,,
b850bc101657cf10,2026-08-11T12:00:00Z,2026-08-08T20:30:00Z,2026-08-08T16:30:00-04:00,2026-08-11,PAIR,2026-08-11T20:30:00Z,2026-08-08T20:30:00Z,72,6h,false,2026-08-11T17:30:00Z,,0.1.0-prior-only,0.029302,0.044847,0.018580,0.932927,0.038902,0.048293,0.973439,0.067045,0.0028,0.000453,0.200000,no-alert,0.000000,0.167073,low,schedule_unverified;no_eligible_observations;prior_only,data/source_manifest.json,,,
ed8804a4e81ac41e,2026-08-11T12:00:00Z,2026-08-09T02:30:00Z,2026-08-08T22:30:00-04:00,2026-08-11,PAIR,2026-08-11T20:30:00Z,2026-08-09T02:30:00Z,66,6h,false,2026-08-11T17:30:00Z,,0.1.0-prior-only,0.029479,0.045069,0.018656,0.932898,0.038919,0.048313,0.973428,0.067073,0.0028,0.000455,0.200000,no-alert,0.000000,0.167102,low,schedule_unverified;no_eligible_observations;prior_only,data/source_manifest.json,,,
faf1b6364c72749f,2026-08-11T12:00:00Z,2026-08-09T08:30:00Z,2026-08-09T04:30:00-04:00,2026-08-11,PAIR,2026-08-11T20:30:00Z,2026-08-09T08:30:00Z,60,6h,false,2026-08-11T17:30:00Z,,0.1.0-prior-only,0.029658,0.045292,0.018732,0.932870,0.038936,0.048334,0.973416,0.067102,0.0029,0.000457,0.200000,no-alert,0.000000,0.167130,low,schedule_unverified;no_eligible_observations;prior_only,data/source_manifest.json,,,
d2990a3777273b18,2026-08-11T12:00:00Z,2026-08-09T14:30:00Z,2026-08-09T10:30:00-04:00,2026-08-11,PAIR,2026-08-11T20:30:00Z,2026-08-09T14:30:00Z,54,6h,false,2026-08-11T17:30:00Z,,0.1.0-prior-only,0.029837,0.045516,0.018808,0.932841,0.038952,0.048355,0.973405,0.067130,0.0029,0.000460,0.200000,no-alert,0.000000,0.167159,low,schedule_unverified;no_eligible_observations;prior_only,data/source_manifest.json,,,
8f79df2d5b38f2d7,2026-08-11T12:00:00Z,2026-08-09T20:30:00Z,2026-08-09T16:30:00-04:00,2026-08-11,PAIR,2026-08-11T20:30:00Z,2026-08-09T20:30:00Z,48,6h,false,2026-08-11T17:30:00Z,,0.1.0-prior-only,0.030017,0.045741,0.018885,0.932812,0.038969,0.048375,0.973393,0.067159,0.0029,0.000462,0.200000,no-alert,0.000000,0.167188,low,schedule_unverified;no_eligible_observations;prior_only,data/source_manifest.json,,,
4fa1e0a1bc0d117c,2026-08-11T12:00:00Z,2026-08-09T22:30:00Z,2026-08-09T18:30:00-04:00,2026-08-11,PAIR,2026-08-11T20:30:00Z,2026-08-09T22:30:00Z,46,2h,false,2026-08-11T17:30:00Z,,0.1.0-prior-only,0.030077,0.045817,0.018910,0.932802,0.038975,0.048382,0.973390,0.067188,0.0010,0.000155,0.200000,no-alert,0.000000,0.167198,low,schedule_unverified;no_eligible_observations;prior_only,data/source_manifest.json,,,
cb7596a8e9a1df89,2026-08-11T12:00:00Z,2026-08-10T00:30:00Z,2026-08-09T20:30:00-04:00,2026-08-11,PAIR,2026-08-11T20:30:00Z,2026-08-10T00:30:00Z,44,2h,false,2026-08-11T17:30:00Z,,0.1.0-prior-only,0.030138,0.045892,0.018936,0.932792,0.038980,0.048389,0.973386,0.067198,0.0010,0.000155,0.200000,no-alert,0.000000,0.167208,low,schedule_unverified;no_eligible_observations;prior_only,data/source_manifest.json,,,
23589b92922937ca,2026-08-11T12:00:00Z,2026-08-10T02:30:00Z,2026-08-09T22:30:00-04:00,2026-08-11,PAIR,2026-08-11T20:30:00Z,2026-08-10T02:30:00Z,42,2h,false,2026-08-11T17:30:00Z,,0.1.0-prior-only,0.030198,0.045968,0.018961,0.932783,0.038986,0.048396,0.973382,0.067208,0.0010,0.000155,0.200000,no-alert,0.000000,0.167217,low,schedule_unverified;no_eligible_observations;prior_only,data/source_manifest.json,,,
0d494c2e8d164f74,2026-08-11T12:00:00Z,2026-08-10T04:30:00Z,2026-08-10T00:30:00-04:00,2026-08-11,PAIR,2026-08-11T20:30:00Z,2026-08-10T04:30:00Z,40,2h,false,2026-08-11T17:30:00Z,,0.1.0-prior-only,0.030259,0.046043,0.018987,0.932773,0.038992,0.048403,0.973378,0.067217,0.0010,0.000155,0.200000,no-alert,0.000000,0.167227,low,schedule_unverified;no_eligible_observations;prior_only,data/source_manifest.json,,,
171645e5d38d3481,2026-08-11T12:00:00Z,2026-08-10T06:30:00Z,2026-08-10T02:30:00-04:00,2026-08-11,PAIR,2026-08-11T20:30:00Z,2026-08-10T06:30:00Z,38,2h,false,2026-08-11T17:30:00Z,,0.1.0-prior-only,0.030320,0.046119,0.019013,0.932763,0.038997,0.048410,0.973374,0.067227,0.0010,0.000156,0.200000,no-alert,0.000000,0.167237,low,schedule_unverified;no_eligible_observations;prior_only,data/source_manifest.json,,,
1f59bacc57e73bdb,2026-08-11T12:00:00Z,2026-08-10T08:30:00Z,2026-08-10T04:30:00-04:00,2026-08-11,PAIR,2026-08-11T20:30:00Z,2026-08-10T08:30:00Z,36,2h,false,2026-08-11T17:30:00Z,,0.1.0-prior-only,0.030380,0.046195,0.019039,0.932753,0.039003,0.048418,0.973370,0.067237,0.0010,0.000156,0.200000,no-alert,0.000000,0.167247,low,schedule_unverified;no_eligible_observations;prior_only,data/source_manifest.json,,,
2fff61fe6562b9cf,2026-08-11T12:00:00Z,2026-08-10T10:30:00Z,2026-08-10T06:30:00-04:00,2026-08-11,PAIR,2026-08-11T20:30:00Z,2026-08-10T10:30:00Z,34,2h,false,2026-08-11T17:30:00Z,,0.1.0-prior-only,0.030441,0.046271,0.019064,0.932744,0.039009,0.048425,0.973366,0.067247,0.0010,0.000156,0.200000,no-alert,0.000000,0.167256,low,schedule_unverified;no_eligible_observations;prior_only,data/source_manifest.json,,,
16ab590217b1367d,2026-08-11T12:00:00Z,2026-08-10T12:30:00Z,2026-08-10T08:30:00-04:00,2026-08-11,PAIR,2026-08-11T20:30:00Z,2026-08-10T12:30:00Z,32,2h,false,2026-08-11T17:30:00Z,,0.1.0-prior-only,0.030503,0.046347,0.019090,0.932734,0.039014,0.048432,0.973363,0.067256,0.0010,0.000156,0.200000,no-alert,0.000000,0.167266,low,schedule_unverified;no_eligible_observations;prior_only,data/source_manifest.json,,,
acdb6e9453c5cf2b,2026-08-11T12:00:00Z,2026-08-10T14:30:00Z,2026-08-10T10:30:00-04:00,2026-08-11,PAIR,2026-08-11T20:30:00Z,2026-08-10T14:30:00Z,30,2h,false,2026-08-11T17:30:00Z,,0.1.0-prior-only,0.030564,0.046424,0.019116,0.932724,0.039020,0.048439,0.973359,0.067266,0.0010,0.000157,0.200000,no-alert,0.000000,0.167276,low,schedule_unverified;no_eligible_observations;prior_only,data/source_manifest.json,,,
8c713f679bf13b4e,2026-08-11T12:00:00Z,2026-08-10T16:30:00Z,2026-08-10T12:30:00-04:00,2026-08-11,PAIR,2026-08-11T20:30:00Z,2026-08-10T16:30:00Z,28,2h,false,2026-08-11T17:30:00Z,,0.1.0-prior-only,0.030625,0.046500,0.019142,0.932714,0.039026,0.048446,0.973355,0.067276,0.0010,0.000157,0.200000,no-alert,0.000000,0.167286,low,schedule_unverified;no_eligible_observations;prior_only,data/source_manifest.json,,,
20e82956f510900c,2026-08-11T12:00:00Z,2026-08-10T18:30:00Z,2026-08-10T14:30:00-04:00,2026-08-11,PAIR,2026-08-11T20:30:00Z,2026-08-10T18:30:00Z,26,2h,false,2026-08-11T17:30:00Z,,0.1.0-prior-only,0.030687,0.046576,0.019168,0.932704,0.039032,0.048453,0.973351,0.067286,0.0010,0.000157,0.200000,no-alert,0.000000,0.167296,low,schedule_unverified;no_eligible_observations;prior_only,data/source_manifest.json,,,
d79d265e2527727b,2026-08-11T12:00:00Z,2026-08-10T20:30:00Z,2026-08-10T16:30:00-04:00,2026-08-11,PAIR,2026-08-11T20:30:00Z,2026-08-10T20:30:00Z,24,2h,false,2026-08-11T17:30:00Z,,0.1.0-prior-only,0.030748,0.046653,0.019194,0.932694,0.039037,0.048460,0.973347,0.067296,0.0010,0.000157,0.200000,no-alert,0.000000,0.167306,low,schedule_unverified;no_eligible_observations;prior_only,data/source_manifest.json,,,
8f71bb169ab9e42c,2026-08-11T12:00:00Z,2026-08-10T22:30:00Z,2026-08-10T18:30:00-04:00,2026-08-11,PAIR,2026-08-11T20:30:00Z,2026-08-10T22:30:00Z,22,2h,false,2026-08-11T17:30:00Z,,0.1.0-prior-only,0.030810,0.046730,0.019220,0.932684,0.039043,0.048467,0.973343,0.067306,0.0010,0.000158,0.200000,no-alert,0.000000,0.167316,low,schedule_unverified;no_eligible_observations;prior_only,data/source_manifest.json,,,
eb28b3c620822eb9,2026-08-11T12:00:00Z,2026-08-11T00:30:00Z,2026-08-10T20:30:00-04:00,2026-08-11,PAIR,2026-08-11T20:30:00Z,2026-08-11T00:30:00Z,20,2h,false,2026-08-11T17:30:00Z,,0.1.0-prior-only,0.030872,0.046807,0.019246,0.932675,0.039049,0.048474,0.973339,0.067316,0.0010,0.000158,0.200000,no-alert,0.000000,0.167325,low,schedule_unverified;no_eligible_observations;prior_only,data/source_manifest.json,,,
8f7c524c915f5bcc,2026-08-11T12:00:00Z,2026-08-11T02:30:00Z,2026-08-10T22:30:00-04:00,2026-08-11,PAIR,2026-08-11T20:30:00Z,2026-08-11T02:30:00Z,18,2h,false,2026-08-11T17:30:00Z,,0.1.0-prior-only,0.030934,0.046884,0.019272,0.932665,0.039055,0.048481,0.973335,0.067325,0.0010,0.000158,0.200000,no-alert,0.000000,0.167335,low,schedule_unverified;no_eligible_observations;prior_only,data/source_manifest.json,,,
bf169e6dec6ed531,2026-08-11T12:00:00Z,2026-08-11T04:30:00Z,2026-08-11T00:30:00-04:00,2026-08-11,PAIR,2026-08-11T20:30:00Z,2026-08-11T04:30:00Z,16,2h,false,2026-08-11T17:30:00Z,,0.1.0-prior-only,0.030996,0.046961,0.019298,0.932655,0.039060,0.048489,0.973331,0.067335,0.0010,0.000159,0.200000,no-alert,0.000000,0.167345,low,schedule_unverified;no_eligible_observations;prior_only,data/source_manifest.json,,,
ce440fc184d9866f,2026-08-11T12:00:00Z,2026-08-11T06:30:00Z,2026-08-11T02:30:00-04:00,2026-08-11,PAIR,2026-08-11T20:30:00Z,2026-08-11T06:30:00Z,14,2h,false,2026-08-11T17:30:00Z,,0.1.0-prior-only,0.031058,0.047038,0.019324,0.932645,0.039066,0.048496,0.973327,0.067345,0.0010,0.000159,0.200000,no-alert,0.000000,0.167355,low,schedule_unverified;no_eligible_observations;prior_only,data/source_manifest.json,,,
b3addc9c76480d39,2026-08-11T12:00:00Z,2026-08-11T08:30:00Z,2026-08-11T04:30:00-04:00,2026-08-11,PAIR,2026-08-11T20:30:00Z,2026-08-11T08:30:00Z,12,2h,false,2026-08-11T17:30:00Z,,0.1.0-prior-only,0.031120,0.047115,0.019350,0.932635,0.039072,0.048503,0.973323,0.067355,0.0010,0.000159,0.200000,no-alert,0.000000,0.167365,low,schedule_unverified;no_eligible_observations;prior_only,data/source_manifest.json,,,
079be9951e0ebb56,2026-08-11T12:00:00Z,2026-08-11T10:30:00Z,2026-08-11T06:30:00-04:00,2026-08-11,PAIR,2026-08-11T20:30:00Z,2026-08-11T10:30:00Z,10,2h,false,2026-08-11T17:30:00Z,,0.1.0-prior-only,0.031183,0.047193,0.019376,0.932625,0.039078,0.048510,0.973319,0.067365,0.0010,0.000159,0.200000,no-alert,0.000000,0.167375,low,schedule_unverified;no_eligible_observations;prior_only,data/source_manifest.json,,,
f625836f90f45086,2026-08-11T12:00:00Z,2026-08-11T12:30:00Z,2026-08-11T08:30:00-04:00,2026-08-11,PAIR,2026-08-11T20:30:00Z,2026-08-11T12:30:00Z,8,2h,false,2026-08-11T17:30:00Z,,0.1.0-prior-only,0.031245,0.047270,0.019403,0.932615,0.039083,0.048517,0.973315,0.067375,0.0010,0.000160,0.200000,no-alert,0.000000,0.167385,low,schedule_unverified;no_eligible_observations;prior_only,data/source_manifest.json,,,
bb33151c0c83a5f3,2026-08-11T12:00:00Z,2026-08-11T14:30:00Z,2026-08-11T10:30:00-04:00,2026-08-11,PAIR,2026-08-11T20:30:00Z,2026-08-11T14:30:00Z,6,2h,false,2026-08-11T17:30:00Z,,0.1.0-prior-only,0.031308,0.047348,0.019429,0.932605,0.039089,0.048525,0.973311,0.067385,0.0010,0.000160,0.200000,no-alert,0.000000,0.167395,low,schedule_unverified;no_eligible_observations;prior_only,data/source_manifest.json,,,
f5a83387ae013b9b,2026-08-11T12:00:00Z,2026-08-11T16:30:00Z,2026-08-11T12:30:00-04:00,2026-08-11,PAIR,2026-08-11T20:30:00Z,2026-08-11T16:30:00Z,4,2h,true,2026-08-11T17:30:00Z,,0.1.0-prior-only,0.031371,0.047426,0.019455,0.932595,0.039095,0.048532,0.973307,0.067395,0.0010,0.000160,0.200000,no-alert,0.000000,0.167405,low,schedule_unverified;no_eligible_observations;prior_only,data/source_manifest.json,,,
c71d7bb9252b76d6,2026-08-11T12:00:00Z,2026-08-07T20:30:00Z,2026-08-07T16:30:00-04:00,2026-08-12,B6317,2026-08-12T20:30:00Z,2026-08-07T20:30:00Z,120,6h,false,2026-08-12T17:30:00Z,,0.1.0-prior-only,0.027923,0.043107,0.017986,0.933149,0.038774,0.048133,0.973527,,,,0.200000,no-alert,0.000000,0.127923,low,schedule_unverified;no_eligible_observations;prior_only,data/source_manifest.json,,,
3e4a1de6670abf7c,2026-08-11T12:00:00Z,2026-08-08T02:30:00Z,2026-08-07T22:30:00-04:00,2026-08-12,B6317,2026-08-12T20:30:00Z,2026-08-08T02:30:00Z,114,6h,false,2026-08-12T17:30:00Z,,0.1.0-prior-only,0.028092,0.043321,0.018059,0.933122,0.038789,0.048152,0.973516,0.027923,0.0169,0.006207,0.200000,no-alert,0.000000,0.128092,low,schedule_unverified;no_eligible_observations;prior_only,data/source_manifest.json,,,
4c7a023a8c6610ac,2026-08-11T12:00:00Z,2026-08-08T08:30:00Z,2026-08-08T04:30:00-04:00,2026-08-12,B6317,2026-08-12T20:30:00Z,2026-08-08T08:30:00Z,108,6h,false,2026-08-12T17:30:00Z,,0.1.0-prior-only,0.028262,0.043536,0.018133,0.933094,0.038805,0.048172,0.973505,0.028092,0.0170,0.006207,0.200000,no-alert,0.000000,0.128262,low,schedule_unverified;no_eligible_observations;prior_only,data/source_manifest.json,,,
5b699033f2aad70e,2026-08-11T12:00:00Z,2026-08-08T14:30:00Z,2026-08-08T10:30:00-04:00,2026-08-12,B6317,2026-08-12T20:30:00Z,2026-08-08T14:30:00Z,102,6h,false,2026-08-12T17:30:00Z,,0.1.0-prior-only,0.028432,0.043752,0.018207,0.933067,0.038821,0.048192,0.973494,0.028262,0.0171,0.006207,0.200000,no-alert,0.000000,0.128432,low,schedule_unverified;no_eligible_observations;prior_only,data/source_manifest.json,,,
1dc6254b07f31c78,2026-08-11T12:00:00Z,2026-08-08T20:30:00Z,2026-08-08T16:30:00-04:00,2026-08-12,B6317,2026-08-12T20:30:00Z,2026-08-08T20:30:00Z,96,6h,false,2026-08-12T17:30:00Z,,0.1.0-prior-only,0.028604,0.043969,0.018281,0.933039,0.038837,0.048212,0.973483,0.028432,0.0172,0.006207,0.200000,no-alert,0.000000,0.128604,low,schedule_unverified;no_eligible_observations;prior_only,data/source_manifest.json,,,
574385ab5b482b3d,2026-08-11T12:00:00Z,2026-08-09T02:30:00Z,2026-08-08T22:30:00-04:00,2026-08-12,B6317,2026-08-12T20:30:00Z,2026-08-09T02:30:00Z,90,6h,false,2026-08-12T17:30:00Z,,0.1.0-prior-only,0.028777,0.044187,0.018355,0.933011,0.038853,0.048232,0.973472,0.028604,0.0173,0.006207,0.200000,no-alert,0.000000,0.128777,low,schedule_unverified;no_eligible_observations;prior_only,data/source_manifest.json,,,
9ff9817fb98d5a54,2026-08-11T12:00:00Z,2026-08-09T08:30:00Z,2026-08-09T04:30:00-04:00,2026-08-12,B6317,2026-08-12T20:30:00Z,2026-08-09T08:30:00Z,84,6h,false,2026-08-12T17:30:00Z,,0.1.0-prior-only,0.028951,0.044406,0.018430,0.932983,0.038870,0.048252,0.973461,0.028777,0.0174,0.006207,0.200000,no-alert,0.000000,0.128951,low,schedule_unverified;no_eligible_observations;prior_only,data/source_manifest.json,,,
1d74435de756f1b2,2026-08-11T12:00:00Z,2026-08-09T14:30:00Z,2026-08-09T10:30:00-04:00,2026-08-12,B6317,2026-08-12T20:30:00Z,2026-08-09T14:30:00Z,78,6h,false,2026-08-12T17:30:00Z,,0.1.0-prior-only,0.029126,0.044626,0.018505,0.932955,0.038886,0.048272,0.973450,0.028951,0.0175,0.006207,0.200000,no-alert,0.000000,0.129126,low,schedule_unverified;no_eligible_observations;prior_only,data/source_manifest.json,,,
ec68954de98b4eb8,2026-08-11T12:00:00Z,2026-08-09T20:30:00Z,2026-08-09T16:30:00-04:00,2026-08-12,B6317,2026-08-12T20:30:00Z,2026-08-09T20:30:00Z,72,6h,false,2026-08-12T17:30:00Z,,0.1.0-prior-only,0.029302,0.044847,0.018580,0.932927,0.038902,0.048293,0.973439,0.029126,0.0176,0.006207,0.200000,no-alert,0.000000,0.129302,low,schedule_unverified;no_eligible_observations;prior_only,data/source_manifest.json,,,
a0352a25db97bc61,2026-08-11T12:00:00Z,2026-08-10T02:30:00Z,2026-08-09T22:30:00-04:00,2026-08-12,B6317,2026-08-12T20:30:00Z,2026-08-10T02:30:00Z,66,6h,false,2026-08-12T17:30:00Z,,0.1.0-prior-only,0.029479,0.045069,0.018656,0.932898,0.038919,0.048313,0.973428,0.029302,0.0177,0.006207,0.200000,no-alert,0.000000,0.129479,low,schedule_unverified;no_eligible_observations;prior_only,data/source_manifest.json,,,
07b7dd5780e8102c,2026-08-11T12:00:00Z,2026-08-10T08:30:00Z,2026-08-10T04:30:00-04:00,2026-08-12,B6317,2026-08-12T20:30:00Z,2026-08-10T08:30:00Z,60,6h,false,2026-08-12T17:30:00Z,,0.1.0-prior-only,0.029658,0.045292,0.018732,0.932870,0.038936,0.048334,0.973416,0.029479,0.0178,0.006207,0.200000,no-alert,0.000000,0.129658,low,schedule_unverified;no_eligible_observations;prior_only,data/source_manifest.json,,,
03f40d2ed860cf1d,2026-08-11T12:00:00Z,2026-08-10T14:30:00Z,2026-08-10T10:30:00-04:00,2026-08-12,B6317,2026-08-12T20:30:00Z,2026-08-10T14:30:00Z,54,6h,false,2026-08-12T17:30:00Z,,0.1.0-prior-only,0.029837,0.045516,0.018808,0.932841,0.038952,0.048355,0.973405,0.029658,0.0179,0.006207,0.200000,no-alert,0.000000,0.129837,low,schedule_unverified;no_eligible_observations;prior_only,data/source_manifest.json,,,
7b29a9f3494be6ca,2026-08-11T12:00:00Z,2026-08-10T20:30:00Z,2026-08-10T16:30:00-04:00,2026-08-12,B6317,2026-08-12T20:30:00Z,2026-08-10T20:30:00Z,48,6h,false,2026-08-12T17:30:00Z,,0.1.0-prior-only,0.030017,0.045741,0.018885,0.932812,0.038969,0.048375,0.973393,0.029837,0.0180,0.006207,0.200000,no-alert,0.000000,0.130017,low,schedule_unverified;no_eligible_observations;prior_only,data/source_manifest.json,,,
e43692a9ced687e9,2026-08-11T12:00:00Z,2026-08-10T22:30:00Z,2026-08-10T18:30:00-04:00,2026-08-12,B6317,2026-08-12T20:30:00Z,2026-08-10T22:30:00Z,46,2h,false,2026-08-12T17:30:00Z,,0.1.0-prior-only,0.030077,0.045817,0.018910,0.932802,0.038975,0.048382,0.973390,0.030017,0.0060,0.002069,0.200000,no-alert,0.000000,0.130077,low,schedule_unverified;no_eligible_observations;prior_only,data/source_manifest.json,,,
6cdad3cac0816a09,2026-08-11T12:00:00Z,2026-08-11T00:30:00Z,2026-08-10T20:30:00-04:00,2026-08-12,B6317,2026-08-12T20:30:00Z,2026-08-11T00:30:00Z,44,2h,false,2026-08-12T17:30:00Z,,0.1.0-prior-only,0.030138,0.045892,0.018936,0.932792,0.038980,0.048389,0.973386,0.030077,0.0060,0.002069,0.200000,no-alert,0.000000,0.130138,low,schedule_unverified;no_eligible_observations;prior_only,data/source_manifest.json,,,
2b2a29b4d130a300,2026-08-11T12:00:00Z,2026-08-11T02:30:00Z,2026-08-10T22:30:00-04:00,2026-08-12,B6317,2026-08-12T20:30:00Z,2026-08-11T02:30:00Z,42,2h,false,2026-08-12T17:30:00Z,,0.1.0-prior-only,0.030198,0.045968,0.018961,0.932783,0.038986,0.048396,0.973382,0.030138,0.0061,0.002069,0.200000,no-alert,0.000000,0.130198,low,schedule_unverified;no_eligible_observations;prior_only,data/source_manifest.json,,,
eda9595e2284f688,2026-08-11T12:00:00Z,2026-08-11T04:30:00Z,2026-08-11T00:30:00-04:00,2026-08-12,B6317,2026-08-12T20:30:00Z,2026-08-11T04:30:00Z,40,2h,false,2026-08-12T17:30:00Z,,0.1.0-prior-only,0.030259,0.046043,0.018987,0.932773,0.038992,0.048403,0.973378,0.030198,0.0061,0.002069,0.200000,no-alert,0.000000,0.130259,low,schedule_unverified;no_eligible_observations;prior_only,data/source_manifest.json,,,
b595bc476e7f928c,2026-08-11T12:00:00Z,2026-08-11T06:30:00Z,2026-08-11T02:30:00-04:00,2026-08-12,B6317,2026-08-12T20:30:00Z,2026-08-11T06:30:00Z,38,2h,false,2026-08-12T17:30:00Z,,0.1.0-prior-only,0.030320,0.046119,0.019013,0.932763,0.038997,0.048410,0.973374,0.030259,0.0061,0.002069,0.200000,no-alert,0.000000,0.130320,low,schedule_unverified;no_eligible_observations;prior_only,data/source_manifest.json,,,
631e820b6815ef91,2026-08-11T12:00:00Z,2026-08-11T08:30:00Z,2026-08-11T04:30:00-04:00,2026-08-12,B6317,2026-08-12T20:30:00Z,2026-08-11T08:30:00Z,36,2h,false,2026-08-12T17:30:00Z,,0.1.0-prior-only,0.030380,0.046195,0.019039,0.932753,0.039003,0.048418,0.973370,0.030320,0.0061,0.002069,0.200000,no-alert,0.000000,0.130380,low,schedule_unverified;no_eligible_observations;prior_only,data/source_manifest.json,,,
8274c420671f01c6,2026-08-11T12:00:00Z,2026-08-11T10:30:00Z,2026-08-11T06:30:00-04:00,2026-08-12,B6317,2026-08-12T20:30:00Z,2026-08-11T10:30:00Z,34,2h,false,2026-08-12T17:30:00Z,,0.1.0-prior-only,0.030441,0.046271,0.019064,0.932744,0.039009,0.048425,0.973366,0.030380,0.0061,0.002069,0.200000,no-alert,0.000000,0.130441,low,schedule_unverified;no_eligible_observations;prior_only,data/source_manifest.json,,,
5ace2c162ff29d38,2026-08-11T12:00:00Z,2026-08-11T12:30:00Z,2026-08-11T08:30:00-04:00,2026-08-12,B6317,2026-08-12T20:30:00Z,2026-08-11T12:30:00Z,32,2h,false,2026-08-12T17:30:00Z,,0.1.0-prior-only,0.030503,0.046347,0.019090,0.932734,0.039014,0.048432,0.973363,0.030441,0.0061,0.002069,0.200000,no-alert,0.000000,0.130503,low,schedule_unverified;no_eligible_observations;prior_only,data/source_manifest.json,,,
222f4dc1a699733b,2026-08-11T12:00:00Z,2026-08-11T14:30:00Z,2026-08-11T10:30:00-04:00,2026-08-12,B6317,2026-08-12T20:30:00Z,2026-08-11T14:30:00Z,30,2h,false,2026-08-12T17:30:00Z,,0.1.0-prior-only,0.030564,0.046424,0.019116,0.932724,0.039020,0.048439,0.973359,0.030503,0.0061,0.002069,0.200000,no-alert,0.000000,0.130564,low,schedule_unverified;no_eligible_observations;prior_only,data/source_manifest.json,,,
6f305f11154d018e,2026-08-11T12:00:00Z,2026-08-11T16:30:00Z,2026-08-11T12:30:00-04:00,2026-08-12,B6317,2026-08-12T20:30:00Z,2026-08-11T16:30:00Z,28,2h,false,2026-08-12T17:30:00Z,,0.1.0-prior-only,0.030625,0.046500,0.019142,0.932714,0.039026,0.048446,0.973355,0.030564,0.0061,0.002069,0.200000,no-alert,0.000000,0.130625,low,schedule_unverified;no_eligible_observations;prior_only,data/source_manifest.json,,,
f50780368b5a86e7,2026-08-11T12:00:00Z,2026-08-11T18:30:00Z,2026-08-11T14:30:00-04:00,2026-08-12,B6317,2026-08-12T20:30:00Z,2026-08-11T18:30:00Z,26,2h,false,2026-08-12T17:30:00Z,,0.1.0-prior-only,0.030687,0.046576,0.019168,0.932704,0.039032,0.048453,0.973351,0.030625,0.0061,0.002069,0.200000,no-alert,0.000000,0.130687,low,schedule_unverified;no_eligible_observations;prior_only,data/source_manifest.json,,,
1727f67d04464a3f,2026-08-11T12:00:00Z,2026-08-11T20:30:00Z,2026-08-11T16:30:00-04:00,2026-08-12,B6317,2026-08-12T20:30:00Z,2026-08-11T20:30:00Z,24,2h,false,2026-08-12T17:30:00Z,,0.1.0-prior-only,0.030748,0.046653,0.019194,0.932694,0.039037,0.048460,0.973347,0.030687,0.0062,0.002069,0.200000,no-alert,0.000000,0.130748,low,schedule_unverified;no_eligible_observations;prior_only,data/source_manifest.json,,,
e102bf64d8d0cc61,2026-08-11T12:00:00Z,2026-08-11T22:30:00Z,2026-08-11T18:30:00-04:00,2026-08-12,B6317,2026-08-12T20:30:00Z,2026-08-11T22:30:00Z,22,2h,false,2026-08-12T17:30:00Z,,0.1.0-prior-only,0.030810,0.046730,0.019220,0.932684,0.039043,0.048467,0.973343,0.030748,0.0062,0.002069,0.200000,no-alert,0.000000,0.130810,low,schedule_unverified;no_eligible_observations;prior_only,data/source_manifest.json,,,
9c2d67d682bb1dd1,2026-08-11T12:00:00Z,2026-08-12T00:30:00Z,2026-08-11T20:30:00-04:00,2026-08-12,B6317,2026-08-12T20:30:00Z,2026-08-12T00:30:00Z,20,2h,false,2026-08-12T17:30:00Z,,0.1.0-prior-only,0.030872,0.046807,0.019246,0.932675,0.039049,0.048474,0.973339,0.030810,0.0062,0.002069,0.200000,no-alert,0.000000,0.130872,low,schedule_unverified;no_eligible_observations;prior_only,data/source_manifest.json,,,
060dca33bbd240b0,2026-08-11T12:00:00Z,2026-08-12T02:30:00Z,2026-08-11T22:30:00-04:00,2026-08-12,B6317,2026-08-12T20:30:00Z,2026-08-12T02:30:00Z,18,2h,false,2026-08-12T17:30:00Z,,0.1.0-prior-only,0.030934,0.046884,0.019272,0.932665,0.039055,0.048481,0.973335,0.030872,0.0062,0.002069,0.200000,no-alert,0.000000,0.130934,low,schedule_unverified;no_eligible_observations;prior_only,data/source_manifest.json,,,
ef9f5849587d8411,2026-08-11T12:00:00Z,2026-08-12T04:30:00Z,2026-08-12T00:30:00-04:00,2026-08-12,B6317,2026-08-12T20:30:00Z,2026-08-12T04:30:00Z,16,2h,false,2026-08-12T17:30:00Z,,0.1.0-prior-only,0.030996,0.046961,0.019298,0.932655,0.039060,0.048489,0.973331,0.030934,0.0062,0.002069,0.200000,no-alert,0.000000,0.130996,low,schedule_unverified;no_eligible_observations;prior_only,data/source_manifest.json,,,
7433b61f0a50d336,2026-08-11T12:00:00Z,2026-08-12T06:30:00Z,2026-08-12T02:30:00-04:00,2026-08-12,B6317,2026-08-12T20:30:00Z,2026-08-12T06:30:00Z,14,2h,false,2026-08-12T17:30:00Z,,0.1.0-prior-only,0.031058,0.047038,0.019324,0.932645,0.039066,0.048496,0.973327,0.030996,0.0062,0.002069,0.200000,no-alert,0.000000,0.131058,low,schedule_unverified;no_eligible_observations;prior_only,data/source_manifest.json,,,
8da2ea4c37f1f98f,2026-08-11T12:00:00Z,2026-08-12T08:30:00Z,2026-08-12T04:30:00-04:00,2026-08-12,B6317,2026-08-12T20:30:00Z,2026-08-12T08:30:00Z,12,2h,false,2026-08-12T17:30:00Z,,0.1.0-prior-only,0.031120,0.047115,0.019350,0.932635,0.039072,0.048503,0.973323,0.031058,0.0062,0.002069,0.200000,no-alert,0.000000,0.131120,low,schedule_unverified;no_eligible_observations;prior_only,data/source_manifest.json,,,
03c166c64343c2cd,2026-08-11T12:00:00Z,2026-08-12T10:30:00Z,2026-08-12T06:30:00-04:00,2026-08-12,B6317,2026-08-12T20:30:00Z,2026-08-12T10:30:00Z,10,2h,false,2026-08-12T17:30:00Z,,0.1.0-prior-only,0.031183,0.047193,0.019376,0.932625,0.039078,0.048510,0.973319,0.031120,0.0062,0.002069,0.200000,no-alert,0.000000,0.131183,low,schedule_unverified;no_eligible_observations;prior_only,data/source_manifest.json,,,
527964d966e1864a,2026-08-11T12:00:00Z,2026-08-12T12:30:00Z,2026-08-12T08:30:00-04:00,2026-08-12,B6317,2026-08-12T20:30:00Z,2026-08-12T12:30:00Z,8,2h,false,2026-08-12T17:30:00Z,,0.1.0-prior-only,0.031245,0.047270,0.019403,0.932615,0.039083,0.048517,0.973315,0.031183,0.0063,0.002069,0.200000,no-alert,0.000000,0.131245,low,schedule_unverified;no_eligible_observations;prior_only,data/source_manifest.json,,,
cefd243f4a81061a,2026-08-11T12:00:00Z,2026-08-12T14:30:00Z,2026-08-12T10:30:00-04:00,2026-08-12,B6317,2026-08-12T20:30:00Z,2026-08-12T14:30:00Z,6,2h,false,2026-08-12T17:30:00Z,,0.1.0-prior-only,0.031308,0.047348,0.019429,0.932605,0.039089,0.048525,0.973311,0.031245,0.0063,0.002069,0.200000,no-alert,0.000000,0.131308,low,schedule_unverified;no_eligible_observations;prior_only,data/source_manifest.json,,,
9a1c31056c692c1a,2026-08-11T12:00:00Z,2026-08-12T16:30:00Z,2026-08-12T12:30:00-04:00,2026-08-12,B6317,2026-08-12T20:30:00Z,2026-08-12T16:30:00Z,4,2h,true,2026-08-12T17:30:00Z,,0.1.0-prior-only,0.031371,0.047426,0.019455,0.932595,0.039095,0.048532,0.973307,0.031308,0.0063,0.002069,0.200000,no-alert,0.000000,0.131371,low,schedule_unverified;no_eligible_observations;prior_only,data/source_manifest.json,,,
a5db3ad6ba988425,2026-08-11T12:00:00Z,2026-08-08T02:15:00Z,2026-08-07T22:15:00-04:00,2026-08-12,SQ23,2026-08-13T02:15:00Z,2026-08-08T02:15:00Z,120,6h,false,2026-08-12T23:15:00Z,,0.1.0-prior-only,0.027923,0.043107,0.017986,0.933149,0.038774,0.048133,0.973527,,,,0.200000,no-alert,0.000000,0.117986,low,schedule_unverified;no_eligible_observations;prior_only,data/source_manifest.json,,,
01b04e65757d0fd0,2026-08-11T12:00:00Z,2026-08-08T08:15:00Z,2026-08-08T04:15:00-04:00,2026-08-12,SQ23,2026-08-13T02:15:00Z,2026-08-08T08:15:00Z,114,6h,false,2026-08-12T23:15:00Z,,0.1.0-prior-only,0.028092,0.043321,0.018059,0.933122,0.038789,0.048152,0.973516,0.017986,0.0073,0.004138,0.200000,no-alert,0.000000,0.118059,low,schedule_unverified;no_eligible_observations;prior_only,data/source_manifest.json,,,
d86659f2f3b0a350,2026-08-11T12:00:00Z,2026-08-08T14:15:00Z,2026-08-08T10:15:00-04:00,2026-08-12,SQ23,2026-08-13T02:15:00Z,2026-08-08T14:15:00Z,108,6h,false,2026-08-12T23:15:00Z,,0.1.0-prior-only,0.028262,0.043536,0.018133,0.933094,0.038805,0.048172,0.973505,0.018059,0.0074,0.004138,0.200000,no-alert,0.000000,0.118133,low,schedule_unverified;no_eligible_observations;prior_only,data/source_manifest.json,,,
1482ba03a3e78f94,2026-08-11T12:00:00Z,2026-08-08T20:15:00Z,2026-08-08T16:15:00-04:00,2026-08-12,SQ23,2026-08-13T02:15:00Z,2026-08-08T20:15:00Z,102,6h,false,2026-08-12T23:15:00Z,,0.1.0-prior-only,0.028432,0.043752,0.018207,0.933067,0.038821,0.048192,0.973494,0.018133,0.0074,0.004138,0.200000,no-alert,0.000000,0.118207,low,schedule_unverified;no_eligible_observations;prior_only,data/source_manifest.json,,,
07716f60f0aacb9f,2026-08-11T12:00:00Z,2026-08-09T02:15:00Z,2026-08-08T22:15:00-04:00,2026-08-12,SQ23,2026-08-13T02:15:00Z,2026-08-09T02:15:00Z,96,6h,false,2026-08-12T23:15:00Z,,0.1.0-prior-only,0.028604,0.043969,0.018281,0.933039,0.038837,0.048212,0.973483,0.018207,0.0074,0.004138,0.200000,no-alert,0.000000,0.118281,low,schedule_unverified;no_eligible_observations;prior_only,data/source_manifest.json,,,
ba0833b696cac06e,2026-08-11T12:00:00Z,2026-08-09T08:15:00Z,2026-08-09T04:15:00-04:00,2026-08-12,SQ23,2026-08-13T02:15:00Z,2026-08-09T08:15:00Z,90,6h,false,2026-08-12T23:15:00Z,,0.1.0-prior-only,0.028777,0.044187,0.018355,0.933011,0.038853,0.048232,0.973472,0.018281,0.0074,0.004138,0.200000,no-alert,0.000000,0.118355,low,schedule_unverified;no_eligible_observations;prior_only,data/source_manifest.json,,,
c6402887c167d0da,2026-08-11T12:00:00Z,2026-08-09T14:15:00Z,2026-08-09T10:15:00-04:00,2026-08-12,SQ23,2026-08-13T02:15:00Z,2026-08-09T14:15:00Z,84,6h,false,2026-08-12T23:15:00Z,,0.1.0-prior-only,0.028951,0.044406,0.018430,0.932983,0.038870,0.048252,0.973461,0.018355,0.0075,0.004138,0.200000,no-alert,0.000000,0.118430,low,schedule_unverified;no_eligible_observations;prior_only,data/source_manifest.json,,,
660a15c7ab29d986,2026-08-11T12:00:00Z,2026-08-09T20:15:00Z,2026-08-09T16:15:00-04:00,2026-08-12,SQ23,2026-08-13T02:15:00Z,2026-08-09T20:15:00Z,78,6h,false,2026-08-12T23:15:00Z,,0.1.0-prior-only,0.029126,0.044626,0.018505,0.932955,0.038886,0.048272,0.973450,0.018430,0.0075,0.004138,0.200000,no-alert,0.000000,0.118505,low,schedule_unverified;no_eligible_observations;prior_only,data/source_manifest.json,,,
e5379bea260b2ee3,2026-08-11T12:00:00Z,2026-08-10T02:15:00Z,2026-08-09T22:15:00-04:00,2026-08-12,SQ23,2026-08-13T02:15:00Z,2026-08-10T02:15:00Z,72,6h,false,2026-08-12T23:15:00Z,,0.1.0-prior-only,0.029302,0.044847,0.018580,0.932927,0.038902,0.048293,0.973439,0.018505,0.0075,0.004138,0.200000,no-alert,0.000000,0.118580,low,schedule_unverified;no_eligible_observations;prior_only,data/source_manifest.json,,,
62eb2b2dff3d39c3,2026-08-11T12:00:00Z,2026-08-10T08:15:00Z,2026-08-10T04:15:00-04:00,2026-08-12,SQ23,2026-08-13T02:15:00Z,2026-08-10T08:15:00Z,66,6h,false,2026-08-12T23:15:00Z,,0.1.0-prior-only,0.029479,0.045069,0.018656,0.932898,0.038919,0.048313,0.973428,0.018580,0.0076,0.004138,0.200000,no-alert,0.000000,0.118656,low,schedule_unverified;no_eligible_observations;prior_only,data/source_manifest.json,,,
fbdcc511b87337e7,2026-08-11T12:00:00Z,2026-08-10T14:15:00Z,2026-08-10T10:15:00-04:00,2026-08-12,SQ23,2026-08-13T02:15:00Z,2026-08-10T14:15:00Z,60,6h,false,2026-08-12T23:15:00Z,,0.1.0-prior-only,0.029658,0.045292,0.018732,0.932870,0.038936,0.048334,0.973416,0.018656,0.0076,0.004138,0.200000,no-alert,0.000000,0.118732,low,schedule_unverified;no_eligible_observations;prior_only,data/source_manifest.json,,,
b2c5d963c84d58d5,2026-08-11T12:00:00Z,2026-08-10T20:15:00Z,2026-08-10T16:15:00-04:00,2026-08-12,SQ23,2026-08-13T02:15:00Z,2026-08-10T20:15:00Z,54,6h,false,2026-08-12T23:15:00Z,,0.1.0-prior-only,0.029837,0.045516,0.018808,0.932841,0.038952,0.048355,0.973405,0.018732,0.0076,0.004138,0.200000,no-alert,0.000000,0.118808,low,schedule_unverified;no_eligible_observations;prior_only,data/source_manifest.json,,,
48ade23b0c8cb7bf,2026-08-11T12:00:00Z,2026-08-11T02:15:00Z,2026-08-10T22:15:00-04:00,2026-08-12,SQ23,2026-08-13T02:15:00Z,2026-08-11T02:15:00Z,48,6h,false,2026-08-12T23:15:00Z,,0.1.0-prior-only,0.030017,0.045741,0.018885,0.932812,0.038969,0.048375,0.973393,0.018808,0.0077,0.004138,0.200000,no-alert,0.000000,0.118885,low,schedule_unverified;no_eligible_observations;prior_only,data/source_manifest.json,,,
d2d68882669f6f66,2026-08-11T12:00:00Z,2026-08-11T04:15:00Z,2026-08-11T00:15:00-04:00,2026-08-12,SQ23,2026-08-13T02:15:00Z,2026-08-11T04:15:00Z,46,2h,false,2026-08-12T23:15:00Z,,0.1.0-prior-only,0.030077,0.045817,0.018910,0.932802,0.038975,0.048382,0.973390,0.018885,0.0026,0.001379,0.200000,no-alert,0.000000,0.118910,low,schedule_unverified;no_eligible_observations;prior_only,data/source_manifest.json,,,
6a7febbeb96b81f6,2026-08-11T12:00:00Z,2026-08-11T06:15:00Z,2026-08-11T02:15:00-04:00,2026-08-12,SQ23,2026-08-13T02:15:00Z,2026-08-11T06:15:00Z,44,2h,false,2026-08-12T23:15:00Z,,0.1.0-prior-only,0.030138,0.045892,0.018936,0.932792,0.038980,0.048389,0.973386,0.018910,0.0026,0.001379,0.200000,no-alert,0.000000,0.118936,low,schedule_unverified;no_eligible_observations;prior_only,data/source_manifest.json,,,
9970556200851fd3,2026-08-11T12:00:00Z,2026-08-11T08:15:00Z,2026-08-11T04:15:00-04:00,2026-08-12,SQ23,2026-08-13T02:15:00Z,2026-08-11T08:15:00Z,42,2h,false,2026-08-12T23:15:00Z,,0.1.0-prior-only,0.030198,0.045968,0.018961,0.932783,0.038986,0.048396,0.973382,0.018936,0.0026,0.001379,0.200000,no-alert,0.000000,0.118961,low,schedule_unverified;no_eligible_observations;prior_only,data/source_manifest.json,,,
ec440edf2b477597,2026-08-11T12:00:00Z,2026-08-11T10:15:00Z,2026-08-11T06:15:00-04:00,2026-08-12,SQ23,2026-08-13T02:15:00Z,2026-08-11T10:15:00Z,40,2h,false,2026-08-12T23:15:00Z,,0.1.0-prior-only,0.030259,0.046043,0.018987,0.932773,0.038992,0.048403,0.973378,0.018961,0.0026,0.001379,0.200000,no-alert,0.000000,0.118987,low,schedule_unverified;no_eligible_observations;prior_only,data/source_manifest.json,,,
d38d9757be62dee7,2026-08-11T12:00:00Z,2026-08-11T12:15:00Z,2026-08-11T08:15:00-04:00,2026-08-12,SQ23,2026-08-13T02:15:00Z,2026-08-11T12:15:00Z,38,2h,false,2026-08-12T23:15:00Z,,0.1.0-prior-only,0.030320,0.046119,0.019013,0.932763,0.038997,0.048410,0.973374,0.018987,0.0026,0.001379,0.200000,no-alert,0.000000,0.119013,low,schedule_unverified;no_eligible_observations;prior_only,data/source_manifest.json,,,
47a71ddb9bd6558d,2026-08-11T12:00:00Z,2026-08-11T14:15:00Z,2026-08-11T10:15:00-04:00,2026-08-12,SQ23,2026-08-13T02:15:00Z,2026-08-11T14:15:00Z,36,2h,false,2026-08-12T23:15:00Z,,0.1.0-prior-only,0.030380,0.046195,0.019039,0.932753,0.039003,0.048418,0.973370,0.019013,0.0026,0.001379,0.200000,no-alert,0.000000,0.119039,low,schedule_unverified;no_eligible_observations;prior_only,data/source_manifest.json,,,
475d53ca24a159de,2026-08-11T12:00:00Z,2026-08-11T16:15:00Z,2026-08-11T12:15:00-04:00,2026-08-12,SQ23,2026-08-13T02:15:00Z,2026-08-11T16:15:00Z,34,2h,false,2026-08-12T23:15:00Z,,0.1.0-prior-only,0.030441,0.046271,0.019064,0.932744,0.039009,0.048425,0.973366,0.019039,0.0026,0.001379,0.200000,no-alert,0.000000,0.119064,low,schedule_unverified;no_eligible_observations;prior_only,data/source_manifest.json,,,
8cef49a6b1fb2386,2026-08-11T12:00:00Z,2026-08-11T18:15:00Z,2026-08-11T14:15:00-04:00,2026-08-12,SQ23,2026-08-13T02:15:00Z,2026-08-11T18:15:00Z,32,2h,false,2026-08-12T23:15:00Z,,0.1.0-prior-only,0.030503,0.046347,0.019090,0.932734,0.039014,0.048432,0.973363,0.019064,0.0026,0.001379,0.200000,no-alert,0.000000,0.119090,low,schedule_unverified;no_eligible_observations;prior_only,data/source_manifest.json,,,
70a55566b04e6990,2026-08-11T12:00:00Z,2026-08-11T20:15:00Z,2026-08-11T16:15:00-04:00,2026-08-12,SQ23,2026-08-13T02:15:00Z,2026-08-11T20:15:00Z,30,2h,false,2026-08-12T23:15:00Z,,0.1.0-prior-only,0.030564,0.046424,0.019116,0.932724,0.039020,0.048439,0.973359,0.019090,0.0026,0.001379,0.200000,no-alert,0.000000,0.119116,low,schedule_unverified;no_eligible_observations;prior_only,data/source_manifest.json,,,
848f800a84ccd507,2026-08-11T12:00:00Z,2026-08-11T22:15:00Z,2026-08-11T18:15:00-04:00,2026-08-12,SQ23,2026-08-13T02:15:00Z,2026-08-11T22:15:00Z,28,2h,false,2026-08-12T23:15:00Z,,0.1.0-prior-only,0.030625,0.046500,0.019142,0.932714,0.039026,0.048446,0.973355,0.019116,0.0026,0.001379,0.200000,no-alert,0.000000,0.119142,low,schedule_unverified;no_eligible_observations;prior_only,data/source_manifest.json,,,
6f44e567518efb04,2026-08-11T12:00:00Z,2026-08-12T00:15:00Z,2026-08-11T20:15:00-04:00,2026-08-12,SQ23,2026-08-13T02:15:00Z,2026-08-12T00:15:00Z,26,2h,false,2026-08-12T23:15:00Z,,0.1.0-prior-only,0.030687,0.046576,0.019168,0.932704,0.039032,0.048453,0.973351,0.019142,0.0026,0.001379,0.200000,no-alert,0.000000,0.119168,low,schedule_unverified;no_eligible_observations;prior_only,data/source_manifest.json,,,
1bee604efeb35bc3,2026-08-11T12:00:00Z,2026-08-12T02:15:00Z,2026-08-11T22:15:00-04:00,2026-08-12,SQ23,2026-08-13T02:15:00Z,2026-08-12T02:15:00Z,24,2h,false,2026-08-12T23:15:00Z,,0.1.0-prior-only,0.030748,0.046653,0.019194,0.932694,0.039037,0.048460,0.973347,0.019168,0.0026,0.001379,0.200000,no-alert,0.000000,0.119194,low,schedule_unverified;no_eligible_observations;prior_only,data/source_manifest.json,,,
69d15a5c216ade8d,2026-08-11T12:00:00Z,2026-08-12T04:15:00Z,2026-08-12T00:15:00-04:00,2026-08-12,SQ23,2026-08-13T02:15:00Z,2026-08-12T04:15:00Z,22,2h,false,2026-08-12T23:15:00Z,,0.1.0-prior-only,0.030810,0.046730,0.019220,0.932684,0.039043,0.048467,0.973343,0.019194,0.0026,0.001379,0.200000,no-alert,0.000000,0.119220,low,schedule_unverified;no_eligible_observations;prior_only,data/source_manifest.json,,,
d932b30500647e53,2026-08-11T12:00:00Z,2026-08-12T06:15:00Z,2026-08-12T02:15:00-04:00,2026-08-12,SQ23,2026-08-13T02:15:00Z,2026-08-12T06:15:00Z,20,2h,false,2026-08-12T23:15:00Z,,0.1.0-prior-only,0.030872,0.046807,0.019246,0.932675,0.039049,0.048474,0.973339,0.019220,0.0026,0.001379,0.200000,no-alert,0.000000,0.119246,low,schedule_unverified;no_eligible_observations;prior_only,data/source_manifest.json,,,
728e86277702f68d,2026-08-11T12:00:00Z,2026-08-12T08:15:00Z,2026-08-12T04:15:00-04:00,2026-08-12,SQ23,2026-08-13T02:15:00Z,2026-08-12T08:15:00Z,18,2h,false,2026-08-12T23:15:00Z,,0.1.0-prior-only,0.030934,0.046884,0.019272,0.932665,0.039055,0.048481,0.973335,0.019246,0.0026,0.001379,0.200000,no-alert,0.000000,0.119272,low,schedule_unverified;no_eligible_observations;prior_only,data/source_manifest.json,,,
a1ae8dd00970004f,2026-08-11T12:00:00Z,2026-08-12T10:15:00Z,2026-08-12T06:15:00-04:00,2026-08-12,SQ23,2026-08-13T02:15:00Z,2026-08-12T10:15:00Z,16,2h,false,2026-08-12T23:15:00Z,,0.1.0-prior-only,0.030996,0.046961,0.019298,0.932655,0.039060,0.048489,0.973331,0.019272,0.0026,0.001379,0.200000,no-alert,0.000000,0.119298,low,schedule_unverified;no_eligible_observations;prior_only,data/source_manifest.json,,,
e85af39ebfc4745d,2026-08-11T12:00:00Z,2026-08-12T12:15:00Z,2026-08-12T08:15:00-04:00,2026-08-12,SQ23,2026-08-13T02:15:00Z,2026-08-12T12:15:00Z,14,2h,false,2026-08-12T23:15:00Z,,0.1.0-prior-only,0.031058,0.047038,0.019324,0.932645,0.039066,0.048496,0.973327,0.019298,0.0026,0.001379,0.200000,no-alert,0.000000,0.119324,low,schedule_unverified;no_eligible_observations;prior_only,data/source_manifest.json,,,
21bf9829d38e9e7c,2026-08-11T12:00:00Z,2026-08-12T14:15:00Z,2026-08-12T10:15:00-04:00,2026-08-12,SQ23,2026-08-13T02:15:00Z,2026-08-12T14:15:00Z,12,2h,false,2026-08-12T23:15:00Z,,0.1.0-prior-only,0.031120,0.047115,0.019350,0.932635,0.039072,0.048503,0.973323,0.019324,0.0026,0.001379,0.200000,no-alert,0.000000,0.119350,low,schedule_unverified;no_eligible_observations;prior_only,data/source_manifest.json,,,
94b63fce83512acd,2026-08-11T12:00:00Z,2026-08-12T16:15:00Z,2026-08-12T12:15:00-04:00,2026-08-12,SQ23,2026-08-13T02:15:00Z,2026-08-12T16:15:00Z,10,2h,false,2026-08-12T23:15:00Z,,0.1.0-prior-only,0.031183,0.047193,0.019376,0.932625,0.039078,0.048510,0.973319,0.019350,0.0026,0.001379,0.200000,no-alert,0.000000,0.119376,low,schedule_unverified;no_eligible_observations;prior_only,data/source_manifest.json,,,
7526248741cbd35d,2026-08-11T12:00:00Z,2026-08-12T18:15:00Z,2026-08-12T14:15:00-04:00,2026-08-12,SQ23,2026-08-13T02:15:00Z,2026-08-12T18:15:00Z,8,2h,false,2026-08-12T23:15:00Z,,0.1.0-prior-only,0.031245,0.047270,0.019403,0.932615,0.039083,0.048517,0.973315,0.019376,0.0026,0.001379,0.200000,no-alert,0.000000,0.119403,low,schedule_unverified;no_eligible_observations;prior_only,data/source_manifest.json,,,
99536c974c2dd3f1,2026-08-11T12:00:00Z,2026-08-12T20:15:00Z,2026-08-12T16:15:00-04:00,2026-08-12,SQ23,2026-08-13T02:15:00Z,2026-08-12T20:15:00Z,6,2h,false,2026-08-12T23:15:00Z,,0.1.0-prior-only,0.031308,0.047348,0.019429,0.932605,0.039089,0.048525,0.973311,0.019403,0.0026,0.001379,0.200000,no-alert,0.000000,0.119429,low,schedule_unverified;no_eligible_observations;prior_only,data/source_manifest.json,,,
da2286fa82b2ac75,2026-08-11T12:00:00Z,2026-08-12T22:15:00Z,2026-08-12T18:15:00-04:00,2026-08-12,SQ23,2026-08-13T02:15:00Z,2026-08-12T22:15:00Z,4,2h,true,2026-08-12T23:15:00Z,,0.1.0-prior-only,0.031371,0.047426,0.019455,0.932595,0.039095,0.048532,0.973307,0.019429,0.0026,0.001379,0.200000,no-alert,0.000000,0.119455,low,schedule_unverified;no_eligible_observations;prior_only,data/source_manifest.json,,,
55946d44383ccfa1,2026-08-11T12:00:00Z,2026-08-07T20:30:00Z,2026-08-07T16:30:00-04:00,2026-08-12,PAIR,2026-08-12T20:30:00Z,2026-08-07T20:30:00Z,120,6h,false,2026-08-12T17:30:00Z,,0.1.0-prior-only,0.027923,0.043107,0.017986,0.933149,0.038774,0.048133,0.973527,,,,0.200000,no-alert,0.000000,0.166851,low,schedule_unverified;no_eligible_observations;prior_only,data/source_manifest.json,,,
144709c83cdd9557,2026-08-11T12:00:00Z,2026-08-08T02:30:00Z,2026-08-07T22:30:00-04:00,2026-08-12,PAIR,2026-08-12T20:30:00Z,2026-08-08T02:30:00Z,114,6h,false,2026-08-12T17:30:00Z,,0.1.0-prior-only,0.028092,0.043321,0.018059,0.933122,0.038789,0.048152,0.973516,0.066851,0.0027,0.000437,0.200000,no-alert,0.000000,0.166878,low,schedule_unverified;no_eligible_observations;prior_only,data/source_manifest.json,,,
179ed9bf1340e1cd,2026-08-11T12:00:00Z,2026-08-08T08:30:00Z,2026-08-08T04:30:00-04:00,2026-08-12,PAIR,2026-08-12T20:30:00Z,2026-08-08T08:30:00Z,108,6h,false,2026-08-12T17:30:00Z,,0.1.0-prior-only,0.028262,0.043536,0.018133,0.933094,0.038805,0.048172,0.973505,0.066878,0.0027,0.000439,0.200000,no-alert,0.000000,0.166906,low,schedule_unverified;no_eligible_observations;prior_only,data/source_manifest.json,,,
7428a7ca82dd45eb,2026-08-11T12:00:00Z,2026-08-08T14:30:00Z,2026-08-08T10:30:00-04:00,2026-08-12,PAIR,2026-08-12T20:30:00Z,2026-08-08T14:30:00Z,102,6h,false,2026-08-12T17:30:00Z,,0.1.0-prior-only,0.028432,0.043752,0.018207,0.933067,0.038821,0.048192,0.973494,0.066906,0.0028,0.000441,0.200000,no-alert,0.000000,0.166933,low,schedule_unverified;no_eligible_observations;prior_only,data/source_manifest.json,,,
6ff55d1094a0a2e2,2026-08-11T12:00:00Z,2026-08-08T20:30:00Z,2026-08-08T16:30:00-04:00,2026-08-12,PAIR,2026-08-12T20:30:00Z,2026-08-08T20:30:00Z,96,6h,false,2026-08-12T17:30:00Z,,0.1.0-prior-only,0.028604,0.043969,0.018281,0.933039,0.038837,0.048212,0.973483,0.066933,0.0028,0.000444,0.200000,no-alert,0.000000,0.166961,low,schedule_unverified;no_eligible_observations;prior_only,data/source_manifest.json,,,
b0fecb14649e8b77,2026-08-11T12:00:00Z,2026-08-09T02:30:00Z,2026-08-08T22:30:00-04:00,2026-08-12,PAIR,2026-08-12T20:30:00Z,2026-08-09T02:30:00Z,90,6h,false,2026-08-12T17:30:00Z,,0.1.0-prior-only,0.028777,0.044187,0.018355,0.933011,0.038853,0.048232,0.973472,0.066961,0.0028,0.000446,0.200000,no-alert,0.000000,0.166989,low,schedule_unverified;no_eligible_observations;prior_only,data/source_manifest.json,,,
10108b1d7490063a,2026-08-11T12:00:00Z,2026-08-09T08:30:00Z,2026-08-09T04:30:00-04:00,2026-08-12,PAIR,2026-08-12T20:30:00Z,2026-08-09T08:30:00Z,84,6h,false,2026-08-12T17:30:00Z,,0.1.0-prior-only,0.028951,0.044406,0.018430,0.932983,0.038870,0.048252,0.973461,0.066989,0.0028,0.000448,0.200000,no-alert,0.000000,0.167017,low,schedule_unverified;no_eligible_observations;prior_only,data/source_manifest.json,,,
a1f59a6f4d9d88ba,2026-08-11T12:00:00Z,2026-08-09T14:30:00Z,2026-08-09T10:30:00-04:00,2026-08-12,PAIR,2026-08-12T20:30:00Z,2026-08-09T14:30:00Z,78,6h,false,2026-08-12T17:30:00Z,,0.1.0-prior-only,0.029126,0.044626,0.018505,0.932955,0.038886,0.048272,0.973450,0.067017,0.0028,0.000451,0.200000,no-alert,0.000000,0.167045,low,schedule_unverified;no_eligible_observations;prior_only,data/source_manifest.json,,,
db946e017e3d88d6,2026-08-11T12:00:00Z,2026-08-09T20:30:00Z,2026-08-09T16:30:00-04:00,2026-08-12,PAIR,2026-08-12T20:30:00Z,2026-08-09T20:30:00Z,72,6h,false,2026-08-12T17:30:00Z,,0.1.0-prior-only,0.029302,0.044847,0.018580,0.932927,0.038902,0.048293,0.973439,0.067045,0.0028,0.000453,0.200000,no-alert,0.000000,0.167073,low,schedule_unverified;no_eligible_observations;prior_only,data/source_manifest.json,,,
7b314ac0d3d738d2,2026-08-11T12:00:00Z,2026-08-10T02:30:00Z,2026-08-09T22:30:00-04:00,2026-08-12,PAIR,2026-08-12T20:30:00Z,2026-08-10T02:30:00Z,66,6h,false,2026-08-12T17:30:00Z,,0.1.0-prior-only,0.029479,0.045069,0.018656,0.932898,0.038919,0.048313,0.973428,0.067073,0.0028,0.000455,0.200000,no-alert,0.000000,0.167102,low,schedule_unverified;no_eligible_observations;prior_only,data/source_manifest.json,,,
6d4ca9eebb3ccee3,2026-08-11T12:00:00Z,2026-08-10T08:30:00Z,2026-08-10T04:30:00-04:00,2026-08-12,PAIR,2026-08-12T20:30:00Z,2026-08-10T08:30:00Z,60,6h,false,2026-08-12T17:30:00Z,,0.1.0-prior-only,0.029658,0.045292,0.018732,0.932870,0.038936,0.048334,0.973416,0.067102,0.0029,0.000457,0.200000,no-alert,0.000000,0.167130,low,schedule_unverified;no_eligible_observations;prior_only,data/source_manifest.json,,,
05f33153cdd1bddf,2026-08-11T12:00:00Z,2026-08-10T14:30:00Z,2026-08-10T10:30:00-04:00,2026-08-12,PAIR,2026-08-12T20:30:00Z,2026-08-10T14:30:00Z,54,6h,false,2026-08-12T17:30:00Z,,0.1.0-prior-only,0.029837,0.045516,0.018808,0.932841,0.038952,0.048355,0.973405,0.067130,0.0029,0.000460,0.200000,no-alert,0.000000,0.167159,low,schedule_unverified;no_eligible_observations;prior_only,data/source_manifest.json,,,
b8db7fb6acea92f2,2026-08-11T12:00:00Z,2026-08-10T20:30:00Z,2026-08-10T16:30:00-04:00,2026-08-12,PAIR,2026-08-12T20:30:00Z,2026-08-10T20:30:00Z,48,6h,false,2026-08-12T17:30:00Z,,0.1.0-prior-only,0.030017,0.045741,0.018885,0.932812,0.038969,0.048375,0.973393,0.067159,0.0029,0.000462,0.200000,no-alert,0.000000,0.167188,low,schedule_unverified;no_eligible_observations;prior_only,data/source_manifest.json,,,
179e22a28c71c5ae,2026-08-11T12:00:00Z,2026-08-10T22:30:00Z,2026-08-10T18:30:00-04:00,2026-08-12,PAIR,2026-08-12T20:30:00Z,2026-08-10T22:30:00Z,46,2h,false,2026-08-12T17:30:00Z,,0.1.0-prior-only,0.030077,0.045817,0.018910,0.932802,0.038975,0.048382,0.973390,0.067188,0.0010,0.000155,0.200000,no-alert,0.000000,0.167198,low,schedule_unverified;no_eligible_observations;prior_only,data/source_manifest.json,,,
52f12b8173b02315,2026-08-11T12:00:00Z,2026-08-11T00:30:00Z,2026-08-10T20:30:00-04:00,2026-08-12,PAIR,2026-08-12T20:30:00Z,2026-08-11T00:30:00Z,44,2h,false,2026-08-12T17:30:00Z,,0.1.0-prior-only,0.030138,0.045892,0.018936,0.932792,0.038980,0.048389,0.973386,0.067198,0.0010,0.000155,0.200000,no-alert,0.000000,0.167208,low,schedule_unverified;no_eligible_observations;prior_only,data/source_manifest.json,,,
e0823dfa725415ae,2026-08-11T12:00:00Z,2026-08-11T02:30:00Z,2026-08-10T22:30:00-04:00,2026-08-12,PAIR,2026-08-12T20:30:00Z,2026-08-11T02:30:00Z,42,2h,false,2026-08-12T17:30:00Z,,0.1.0-prior-only,0.030198,0.045968,0.018961,0.932783,0.038986,0.048396,0.973382,0.067208,0.0010,0.000155,0.200000,no-alert,0.000000,0.167217,low,schedule_unverified;no_eligible_observations;prior_only,data/source_manifest.json,,,
0462c7b539c608d9,2026-08-11T12:00:00Z,2026-08-11T04:30:00Z,2026-08-11T00:30:00-04:00,2026-08-12,PAIR,2026-08-12T20:30:00Z,2026-08-11T04:30:00Z,40,2h,false,2026-08-12T17:30:00Z,,0.1.0-prior-only,0.030259,0.046043,0.018987,0.932773,0.038992,0.048403,0.973378,0.067217,0.0010,0.000155,0.200000,no-alert,0.000000,0.167227,low,schedule_unverified;no_eligible_observations;prior_only,data/source_manifest.json,,,
ae12ffabc8359e4a,2026-08-11T12:00:00Z,2026-08-11T06:30:00Z,2026-08-11T02:30:00-04:00,2026-08-12,PAIR,2026-08-12T20:30:00Z,2026-08-11T06:30:00Z,38,2h,false,2026-08-12T17:30:00Z,,0.1.0-prior-only,0.030320,0.046119,0.019013,0.932763,0.038997,0.048410,0.973374,0.067227,0.0010,0.000156,0.200000,no-alert,0.000000,0.167237,low,schedule_unverified;no_eligible_observations;prior_only,data/source_manifest.json,,,
1e6938ab88e089c8,2026-08-11T12:00:00Z,2026-08-11T08:30:00Z,2026-08-11T04:30:00-04:00,2026-08-12,PAIR,2026-08-12T20:30:00Z,2026-08-11T08:30:00Z,36,2h,false,2026-08-12T17:30:00Z,,0.1.0-prior-only,0.030380,0.046195,0.019039,0.932753,0.039003,0.048418,0.973370,0.067237,0.0010,0.000156,0.200000,no-alert,0.000000,0.167247,low,schedule_unverified;no_eligible_observations;prior_only,data/source_manifest.json,,,
5b531151906a5c35,2026-08-11T12:00:00Z,2026-08-11T10:30:00Z,2026-08-11T06:30:00-04:00,2026-08-12,PAIR,2026-08-12T20:30:00Z,2026-08-11T10:30:00Z,34,2h,false,2026-08-12T17:30:00Z,,0.1.0-prior-only,0.030441,0.046271,0.019064,0.932744,0.039009,0.048425,0.973366,0.067247,0.0010,0.000156,0.200000,no-alert,0.000000,0.167256,low,schedule_unverified;no_eligible_observations;prior_only,data/source_manifest.json,,,
6d132edd24bb9e47,2026-08-11T12:00:00Z,2026-08-11T12:30:00Z,2026-08-11T08:30:00-04:00,2026-08-12,PAIR,2026-08-12T20:30:00Z,2026-08-11T12:30:00Z,32,2h,false,2026-08-12T17:30:00Z,,0.1.0-prior-only,0.030503,0.046347,0.019090,0.932734,0.039014,0.048432,0.973363,0.067256,0.0010,0.000156,0.200000,no-alert,0.000000,0.167266,low,schedule_unverified;no_eligible_observations;prior_only,data/source_manifest.json,,,
4b24f897a35f143e,2026-08-11T12:00:00Z,2026-08-11T14:30:00Z,2026-08-11T10:30:00-04:00,2026-08-12,PAIR,2026-08-12T20:30:00Z,2026-08-11T14:30:00Z,30,2h,false,2026-08-12T17:30:00Z,,0.1.0-prior-only,0.030564,0.046424,0.019116,0.932724,0.039020,0.048439,0.973359,0.067266,0.0010,0.000157,0.200000,no-alert,0.000000,0.167276,low,schedule_unverified;no_eligible_observations;prior_only,data/source_manifest.json,,,
f812a5ceb4c7fc98,2026-08-11T12:00:00Z,2026-08-11T16:30:00Z,2026-08-11T12:30:00-04:00,2026-08-12,PAIR,2026-08-12T20:30:00Z,2026-08-11T16:30:00Z,28,2h,false,2026-08-12T17:30:00Z,,0.1.0-prior-only,0.030625,0.046500,0.019142,0.932714,0.039026,0.048446,0.973355,0.067276,0.0010,0.000157,0.200000,no-alert,0.000000,0.167286,low,schedule_unverified;no_eligible_observations;prior_only,data/source_manifest.json,,,
22c86e9a8bde7d73,2026-08-11T12:00:00Z,2026-08-11T18:30:00Z,2026-08-11T14:30:00-04:00,2026-08-12,PAIR,2026-08-12T20:30:00Z,2026-08-11T18:30:00Z,26,2h,false,2026-08-12T17:30:00Z,,0.1.0-prior-only,0.030687,0.046576,0.019168,0.932704,0.039032,0.048453,0.973351,0.067286,0.0010,0.000157,0.200000,no-alert,0.000000,0.167296,low,schedule_unverified;no_eligible_observations;prior_only,data/source_manifest.json,,,
1cbcaf0957ff9cc4,2026-08-11T12:00:00Z,2026-08-11T20:30:00Z,2026-08-11T16:30:00-04:00,2026-08-12,PAIR,2026-08-12T20:30:00Z,2026-08-11T20:30:00Z,24,2h,false,2026-08-12T17:30:00Z,,0.1.0-prior-only,0.030748,0.046653,0.019194,0.932694,0.039037,0.048460,0.973347,0.067296,0.0010,0.000157,0.200000,no-alert,0.000000,0.167306,low,schedule_unverified;no_eligible_observations;prior_only,data/source_manifest.json,,,
01cd73126341e692,2026-08-11T12:00:00Z,2026-08-11T22:30:00Z,2026-08-11T18:30:00-04:00,2026-08-12,PAIR,2026-08-12T20:30:00Z,2026-08-11T22:30:00Z,22,2h,false,2026-08-12T17:30:00Z,,0.1.0-prior-only,0.030810,0.046730,0.019220,0.932684,0.039043,0.048467,0.973343,0.067306,0.0010,0.000158,0.200000,no-alert,0.000000,0.167316,low,schedule_unverified;no_eligible_observations;prior_only,data/source_manifest.json,,,
da3276d23b2cb13f,2026-08-11T12:00:00Z,2026-08-12T00:30:00Z,2026-08-11T20:30:00-04:00,2026-08-12,PAIR,2026-08-12T20:30:00Z,2026-08-12T00:30:00Z,20,2h,false,2026-08-12T17:30:00Z,,0.1.0-prior-only,0.030872,0.046807,0.019246,0.932675,0.039049,0.048474,0.973339,0.067316,0.0010,0.000158,0.200000,no-alert,0.000000,0.167325,low,schedule_unverified;no_eligible_observations;prior_only,data/source_manifest.json,,,
63984ee977fd2222,2026-08-11T12:00:00Z,2026-08-12T02:30:00Z,2026-08-11T22:30:00-04:00,2026-08-12,PAIR,2026-08-12T20:30:00Z,2026-08-12T02:30:00Z,18,2h,false,2026-08-12T17:30:00Z,,0.1.0-prior-only,0.030934,0.046884,0.019272,0.932665,0.039055,0.048481,0.973335,0.067325,0.0010,0.000158,0.200000,no-alert,0.000000,0.167335,low,schedule_unverified;no_eligible_observations;prior_only,data/source_manifest.json,,,
897ac25a01301cfd,2026-08-11T12:00:00Z,2026-08-12T04:30:00Z,2026-08-12T00:30:00-04:00,2026-08-12,PAIR,2026-08-12T20:30:00Z,2026-08-12T04:30:00Z,16,2h,false,2026-08-12T17:30:00Z,,0.1.0-prior-only,0.030996,0.046961,0.019298,0.932655,0.039060,0.048489,0.973331,0.067335,0.0010,0.000159,0.200000,no-alert,0.000000,0.167345,low,schedule_unverified;no_eligible_observations;prior_only,data/source_manifest.json,,,
559c10756c1b360c,2026-08-11T12:00:00Z,2026-08-12T06:30:00Z,2026-08-12T02:30:00-04:00,2026-08-12,PAIR,2026-08-12T20:30:00Z,2026-08-12T06:30:00Z,14,2h,false,2026-08-12T17:30:00Z,,0.1.0-prior-only,0.031058,0.047038,0.019324,0.932645,0.039066,0.048496,0.973327,0.067345,0.0010,0.000159,0.200000,no-alert,0.000000,0.167355,low,schedule_unverified;no_eligible_observations;prior_only,data/source_manifest.json,,,
258a1fd16238c39a,2026-08-11T12:00:00Z,2026-08-12T08:30:00Z,2026-08-12T04:30:00-04:00,2026-08-12,PAIR,2026-08-12T20:30:00Z,2026-08-12T08:30:00Z,12,2h,false,2026-08-12T17:30:00Z,,0.1.0-prior-only,0.031120,0.047115,0.019350,0.932635,0.039072,0.048503,0.973323,0.067355,0.0010,0.000159,0.200000,no-alert,0.000000,0.167365,low,schedule_unverified;no_eligible_observations;prior_only,data/source_manifest.json,,,
5ed4c324ef9205ed,2026-08-11T12:00:00Z,2026-08-12T10:30:00Z,2026-08-12T06:30:00-04:00,2026-08-12,PAIR,2026-08-12T20:30:00Z,2026-08-12T10:30:00Z,10,2h,false,2026-08-12T17:30:00Z,,0.1.0-prior-only,0.031183,0.047193,0.019376,0.932625,0.039078,0.048510,0.973319,0.067365,0.0010,0.000159,0.200000,no-alert,0.000000,0.167375,low,schedule_unverified;no_eligible_observations;prior_only,data/source_manifest.json,,,
e4da024067c98c16,2026-08-11T12:00:00Z,2026-08-12T12:30:00Z,2026-08-12T08:30:00-04:00,2026-08-12,PAIR,2026-08-12T20:30:00Z,2026-08-12T12:30:00Z,8,2h,false,2026-08-12T17:30:00Z,,0.1.0-prior-only,0.031245,0.047270,0.019403,0.932615,0.039083,0.048517,0.973315,0.067375,0.0010,0.000160,0.200000,no-alert,0.000000,0.167385,low,schedule_unverified;no_eligible_observations;prior_only,data/source_manifest.json,,,
f39e96c71d28d435,2026-08-11T12:00:00Z,2026-08-12T14:30:00Z,2026-08-12T10:30:00-04:00,2026-08-12,PAIR,2026-08-12T20:30:00Z,2026-08-12T14:30:00Z,6,2h,false,2026-08-12T17:30:00Z,,0.1.0-prior-only,0.031308,0.047348,0.019429,0.932605,0.039089,0.048525,0.973311,0.067385,0.0010,0.000160,0.200000,no-alert,0.000000,0.167395,low,schedule_unverified;no_eligible_observations;prior_only,data/source_manifest.json,,,
36f8af54d87740f5,2026-08-11T12:00:00Z,2026-08-12T16:30:00Z,2026-08-12T12:30:00-04:00,2026-08-12,PAIR,2026-08-12T20:30:00Z,2026-08-12T16:30:00Z,4,2h,true,2026-08-12T17:30:00Z,,0.1.0-prior-only,0.031371,0.047426,0.019455,0.932595,0.039095,0.048532,0.973307,0.067395,0.0010,0.000160,0.200000,no-alert,0.000000,0.167405,low,schedule_unverified;no_eligible_observations;prior_only,data/source_manifest.json,,,
384f783eaa21c13b,2026-08-11T12:00:00Z,2026-08-08T20:30:00Z,2026-08-08T16:30:00-04:00,2026-08-13,B6317,2026-08-13T20:30:00Z,2026-08-08T20:30:00Z,120,6h,false,2026-08-13T17:30:00Z,,0.1.0-prior-only,0.027923,0.043107,0.017986,0.933149,0.038774,0.048133,0.973527,,,,0.200000,no-alert,0.000000,0.127923,low,schedule_unverified;no_eligible_observations;prior_only,data/source_manifest.json,,,
87d6c98331cc2f96,2026-08-11T12:00:00Z,2026-08-09T02:30:00Z,2026-08-08T22:30:00-04:00,2026-08-13,B6317,2026-08-13T20:30:00Z,2026-08-09T02:30:00Z,114,6h,false,2026-08-13T17:30:00Z,,0.1.0-prior-only,0.028092,0.043321,0.018059,0.933122,0.038789,0.048152,0.973516,0.027923,0.0169,0.006207,0.200000,no-alert,0.000000,0.128092,low,schedule_unverified;no_eligible_observations;prior_only,data/source_manifest.json,,,
87fc3915e6e83f7e,2026-08-11T12:00:00Z,2026-08-09T08:30:00Z,2026-08-09T04:30:00-04:00,2026-08-13,B6317,2026-08-13T20:30:00Z,2026-08-09T08:30:00Z,108,6h,false,2026-08-13T17:30:00Z,,0.1.0-prior-only,0.028262,0.043536,0.018133,0.933094,0.038805,0.048172,0.973505,0.028092,0.0170,0.006207,0.200000,no-alert,0.000000,0.128262,low,schedule_unverified;no_eligible_observations;prior_only,data/source_manifest.json,,,
f652fb9a3784ae70,2026-08-11T12:00:00Z,2026-08-09T14:30:00Z,2026-08-09T10:30:00-04:00,2026-08-13,B6317,2026-08-13T20:30:00Z,2026-08-09T14:30:00Z,102,6h,false,2026-08-13T17:30:00Z,,0.1.0-prior-only,0.028432,0.043752,0.018207,0.933067,0.038821,0.048192,0.973494,0.028262,0.0171,0.006207,0.200000,no-alert,0.000000,0.128432,low,schedule_unverified;no_eligible_observations;prior_only,data/source_manifest.json,,,
a7a408d66d5807e3,2026-08-11T12:00:00Z,2026-08-09T20:30:00Z,2026-08-09T16:30:00-04:00,2026-08-13,B6317,2026-08-13T20:30:00Z,2026-08-09T20:30:00Z,96,6h,false,2026-08-13T17:30:00Z,,0.1.0-prior-only,0.028604,0.043969,0.018281,0.933039,0.038837,0.048212,0.973483,0.028432,0.0172,0.006207,0.200000,no-alert,0.000000,0.128604,low,schedule_unverified;no_eligible_observations;prior_only,data/source_manifest.json,,,
1c632e1750fc46ad,2026-08-11T12:00:00Z,2026-08-10T02:30:00Z,2026-08-09T22:30:00-04:00,2026-08-13,B6317,2026-08-13T20:30:00Z,2026-08-10T02:30:00Z,90,6h,false,2026-08-13T17:30:00Z,,0.1.0-prior-only,0.028777,0.044187,0.018355,0.933011,0.038853,0.048232,0.973472,0.028604,0.0173,0.006207,0.200000,no-alert,0.000000,0.128777,low,schedule_unverified;no_eligible_observations;prior_only,data/source_manifest.json,,,
3257a6d5bb2b7c67,2026-08-11T12:00:00Z,2026-08-10T08:30:00Z,2026-08-10T04:30:00-04:00,2026-08-13,B6317,2026-08-13T20:30:00Z,2026-08-10T08:30:00Z,84,6h,false,2026-08-13T17:30:00Z,,0.1.0-prior-only,0.028951,0.044406,0.018430,0.932983,0.038870,0.048252,0.973461,0.028777,0.0174,0.006207,0.200000,no-alert,0.000000,0.128951,low,schedule_unverified;no_eligible_observations;prior_only,data/source_manifest.json,,,
827cffe8dae9d5cb,2026-08-11T12:00:00Z,2026-08-10T14:30:00Z,2026-08-10T10:30:00-04:00,2026-08-13,B6317,2026-08-13T20:30:00Z,2026-08-10T14:30:00Z,78,6h,false,2026-08-13T17:30:00Z,,0.1.0-prior-only,0.029126,0.044626,0.018505,0.932955,0.038886,0.048272,0.973450,0.028951,0.0175,0.006207,0.200000,no-alert,0.000000,0.129126,low,schedule_unverified;no_eligible_observations;prior_only,data/source_manifest.json,,,
803ddf97e508ae59,2026-08-11T12:00:00Z,2026-08-10T20:30:00Z,2026-08-10T16:30:00-04:00,2026-08-13,B6317,2026-08-13T20:30:00Z,2026-08-10T20:30:00Z,72,6h,false,2026-08-13T17:30:00Z,,0.1.0-prior-only,0.029302,0.044847,0.018580,0.932927,0.038902,0.048293,0.973439,0.029126,0.0176,0.006207,0.200000,no-alert,0.000000,0.129302,low,schedule_unverified;no_eligible_observations;prior_only,data/source_manifest.json,,,
7ed9f9450e3bc287,2026-08-11T12:00:00Z,2026-08-11T02:30:00Z,2026-08-10T22:30:00-04:00,2026-08-13,B6317,2026-08-13T20:30:00Z,2026-08-11T02:30:00Z,66,6h,false,2026-08-13T17:30:00Z,,0.1.0-prior-only,0.029479,0.045069,0.018656,0.932898,0.038919,0.048313,0.973428,0.029302,0.0177,0.006207,0.200000,no-alert,0.000000,0.129479,low,schedule_unverified;no_eligible_observations;prior_only,data/source_manifest.json,,,
c077a087dd2ece66,2026-08-11T12:00:00Z,2026-08-11T08:30:00Z,2026-08-11T04:30:00-04:00,2026-08-13,B6317,2026-08-13T20:30:00Z,2026-08-11T08:30:00Z,60,6h,false,2026-08-13T17:30:00Z,,0.1.0-prior-only,0.029658,0.045292,0.018732,0.932870,0.038936,0.048334,0.973416,0.029479,0.0178,0.006207,0.200000,no-alert,0.000000,0.129658,low,schedule_unverified;no_eligible_observations;prior_only,data/source_manifest.json,,,
3ae68dc35423b0e6,2026-08-11T12:00:00Z,2026-08-11T14:30:00Z,2026-08-11T10:30:00-04:00,2026-08-13,B6317,2026-08-13T20:30:00Z,2026-08-11T14:30:00Z,54,6h,false,2026-08-13T17:30:00Z,,0.1.0-prior-only,0.029837,0.045516,0.018808,0.932841,0.038952,0.048355,0.973405,0.029658,0.0179,0.006207,0.200000,no-alert,0.000000,0.129837,low,schedule_unverified;no_eligible_observations;prior_only,data/source_manifest.json,,,
c6baed768ed01ab4,2026-08-11T12:00:00Z,2026-08-11T20:30:00Z,2026-08-11T16:30:00-04:00,2026-08-13,B6317,2026-08-13T20:30:00Z,2026-08-11T20:30:00Z,48,6h,false,2026-08-13T17:30:00Z,,0.1.0-prior-only,0.030017,0.045741,0.018885,0.932812,0.038969,0.048375,0.973393,0.029837,0.0180,0.006207,0.200000,no-alert,0.000000,0.130017,low,schedule_unverified;no_eligible_observations;prior_only,data/source_manifest.json,,,
69fb6ed3f1a74ce9,2026-08-11T12:00:00Z,2026-08-11T22:30:00Z,2026-08-11T18:30:00-04:00,2026-08-13,B6317,2026-08-13T20:30:00Z,2026-08-11T22:30:00Z,46,2h,false,2026-08-13T17:30:00Z,,0.1.0-prior-only,0.030077,0.045817,0.018910,0.932802,0.038975,0.048382,0.973390,0.030017,0.0060,0.002069,0.200000,no-alert,0.000000,0.130077,low,schedule_unverified;no_eligible_observations;prior_only,data/source_manifest.json,,,
ed867c7adddf9c7e,2026-08-11T12:00:00Z,2026-08-12T00:30:00Z,2026-08-11T20:30:00-04:00,2026-08-13,B6317,2026-08-13T20:30:00Z,2026-08-12T00:30:00Z,44,2h,false,2026-08-13T17:30:00Z,,0.1.0-prior-only,0.030138,0.045892,0.018936,0.932792,0.038980,0.048389,0.973386,0.030077,0.0060,0.002069,0.200000,no-alert,0.000000,0.130138,low,schedule_unverified;no_eligible_observations;prior_only,data/source_manifest.json,,,
2a99d4d4c4e355be,2026-08-11T12:00:00Z,2026-08-12T02:30:00Z,2026-08-11T22:30:00-04:00,2026-08-13,B6317,2026-08-13T20:30:00Z,2026-08-12T02:30:00Z,42,2h,false,2026-08-13T17:30:00Z,,0.1.0-prior-only,0.030198,0.045968,0.018961,0.932783,0.038986,0.048396,0.973382,0.030138,0.0061,0.002069,0.200000,no-alert,0.000000,0.130198,low,schedule_unverified;no_eligible_observations;prior_only,data/source_manifest.json,,,
5ddebe9b13f4e068,2026-08-11T12:00:00Z,2026-08-12T04:30:00Z,2026-08-12T00:30:00-04:00,2026-08-13,B6317,2026-08-13T20:30:00Z,2026-08-12T04:30:00Z,40,2h,false,2026-08-13T17:30:00Z,,0.1.0-prior-only,0.030259,0.046043,0.018987,0.932773,0.038992,0.048403,0.973378,0.030198,0.0061,0.002069,0.200000,no-alert,0.000000,0.130259,low,schedule_unverified;no_eligible_observations;prior_only,data/source_manifest.json,,,
306dbf560d310085,2026-08-11T12:00:00Z,2026-08-12T06:30:00Z,2026-08-12T02:30:00-04:00,2026-08-13,B6317,2026-08-13T20:30:00Z,2026-08-12T06:30:00Z,38,2h,false,2026-08-13T17:30:00Z,,0.1.0-prior-only,0.030320,0.046119,0.019013,0.932763,0.038997,0.048410,0.973374,0.030259,0.0061,0.002069,0.200000,no-alert,0.000000,0.130320,low,schedule_unverified;no_eligible_observations;prior_only,data/source_manifest.json,,,
5507788245198dc8,2026-08-11T12:00:00Z,2026-08-12T08:30:00Z,2026-08-12T04:30:00-04:00,2026-08-13,B6317,2026-08-13T20:30:00Z,2026-08-12T08:30:00Z,36,2h,false,2026-08-13T17:30:00Z,,0.1.0-prior-only,0.030380,0.046195,0.019039,0.932753,0.039003,0.048418,0.973370,0.030320,0.0061,0.002069,0.200000,no-alert,0.000000,0.130380,low,schedule_unverified;no_eligible_observations;prior_only,data/source_manifest.json,,,
2a36f086bad13b71,2026-08-11T12:00:00Z,2026-08-12T10:30:00Z,2026-08-12T06:30:00-04:00,2026-08-13,B6317,2026-08-13T20:30:00Z,2026-08-12T10:30:00Z,34,2h,false,2026-08-13T17:30:00Z,,0.1.0-prior-only,0.030441,0.046271,0.019064,0.932744,0.039009,0.048425,0.973366,0.030380,0.0061,0.002069,0.200000,no-alert,0.000000,0.130441,low,schedule_unverified;no_eligible_observations;prior_only,data/source_manifest.json,,,
2b14791c411f83dd,2026-08-11T12:00:00Z,2026-08-12T12:30:00Z,2026-08-12T08:30:00-04:00,2026-08-13,B6317,2026-08-13T20:30:00Z,2026-08-12T12:30:00Z,32,2h,false,2026-08-13T17:30:00Z,,0.1.0-prior-only,0.030503,0.046347,0.019090,0.932734,0.039014,0.048432,0.973363,0.030441,0.0061,0.002069,0.200000,no-alert,0.000000,0.130503,low,schedule_unverified;no_eligible_observations;prior_only,data/source_manifest.json,,,
2dc319718b0ec1de,2026-08-11T12:00:00Z,2026-08-12T14:30:00Z,2026-08-12T10:30:00-04:00,2026-08-13,B6317,2026-08-13T20:30:00Z,2026-08-12T14:30:00Z,30,2h,false,2026-08-13T17:30:00Z,,0.1.0-prior-only,0.030564,0.046424,0.019116,0.932724,0.039020,0.048439,0.973359,0.030503,0.0061,0.002069,0.200000,no-alert,0.000000,0.130564,low,schedule_unverified;no_eligible_observations;prior_only,data/source_manifest.json,,,
80d96e485878d56d,2026-08-11T12:00:00Z,2026-08-12T16:30:00Z,2026-08-12T12:30:00-04:00,2026-08-13,B6317,2026-08-13T20:30:00Z,2026-08-12T16:30:00Z,28,2h,false,2026-08-13T17:30:00Z,,0.1.0-prior-only,0.030625,0.046500,0.019142,0.932714,0.039026,0.048446,0.973355,0.030564,0.0061,0.002069,0.200000,no-alert,0.000000,0.130625,low,schedule_unverified;no_eligible_observations;prior_only,data/source_manifest.json,,,
d1cf59be694751be,2026-08-11T12:00:00Z,2026-08-12T18:30:00Z,2026-08-12T14:30:00-04:00,2026-08-13,B6317,2026-08-13T20:30:00Z,2026-08-12T18:30:00Z,26,2h,false,2026-08-13T17:30:00Z,,0.1.0-prior-only,0.030687,0.046576,0.019168,0.932704,0.039032,0.048453,0.973351,0.030625,0.0061,0.002069,0.200000,no-alert,0.000000,0.130687,low,schedule_unverified;no_eligible_observations;prior_only,data/source_manifest.json,,,
ed8cee1be5875e3f,2026-08-11T12:00:00Z,2026-08-12T20:30:00Z,2026-08-12T16:30:00-04:00,2026-08-13,B6317,2026-08-13T20:30:00Z,2026-08-12T20:30:00Z,24,2h,false,2026-08-13T17:30:00Z,,0.1.0-prior-only,0.030748,0.046653,0.019194,0.932694,0.039037,0.048460,0.973347,0.030687,0.0062,0.002069,0.200000,no-alert,0.000000,0.130748,low,schedule_unverified;no_eligible_observations;prior_only,data/source_manifest.json,,,
c4e1a538dea91430,2026-08-11T12:00:00Z,2026-08-12T22:30:00Z,2026-08-12T18:30:00-04:00,2026-08-13,B6317,2026-08-13T20:30:00Z,2026-08-12T22:30:00Z,22,2h,false,2026-08-13T17:30:00Z,,0.1.0-prior-only,0.030810,0.046730,0.019220,0.932684,0.039043,0.048467,0.973343,0.030748,0.0062,0.002069,0.200000,no-alert,0.000000,0.130810,low,schedule_unverified;no_eligible_observations;prior_only,data/source_manifest.json,,,
2b5bd54fdbec3281,2026-08-11T12:00:00Z,2026-08-13T00:30:00Z,2026-08-12T20:30:00-04:00,2026-08-13,B6317,2026-08-13T20:30:00Z,2026-08-13T00:30:00Z,20,2h,false,2026-08-13T17:30:00Z,,0.1.0-prior-only,0.030872,0.046807,0.019246,0.932675,0.039049,0.048474,0.973339,0.030810,0.0062,0.002069,0.200000,no-alert,0.000000,0.130872,low,schedule_unverified;no_eligible_observations;prior_only,data/source_manifest.json,,,
6ca79fa724e4eabd,2026-08-11T12:00:00Z,2026-08-13T02:30:00Z,2026-08-12T22:30:00-04:00,2026-08-13,B6317,2026-08-13T20:30:00Z,2026-08-13T02:30:00Z,18,2h,false,2026-08-13T17:30:00Z,,0.1.0-prior-only,0.030934,0.046884,0.019272,0.932665,0.039055,0.048481,0.973335,0.030872,0.0062,0.002069,0.200000,no-alert,0.000000,0.130934,low,schedule_unverified;no_eligible_observations;prior_only,data/source_manifest.json,,,
4d1f50559e8bcd13,2026-08-11T12:00:00Z,2026-08-13T04:30:00Z,2026-08-13T00:30:00-04:00,2026-08-13,B6317,2026-08-13T20:30:00Z,2026-08-13T04:30:00Z,16,2h,false,2026-08-13T17:30:00Z,,0.1.0-prior-only,0.030996,0.046961,0.019298,0.932655,0.039060,0.048489,0.973331,0.030934,0.0062,0.002069,0.200000,no-alert,0.000000,0.130996,low,schedule_unverified;no_eligible_observations;prior_only,data/source_manifest.json,,,
5567fc76fbdb9673,2026-08-11T12:00:00Z,2026-08-13T06:30:00Z,2026-08-13T02:30:00-04:00,2026-08-13,B6317,2026-08-13T20:30:00Z,2026-08-13T06:30:00Z,14,2h,false,2026-08-13T17:30:00Z,,0.1.0-prior-only,0.031058,0.047038,0.019324,0.932645,0.039066,0.048496,0.973327,0.030996,0.0062,0.002069,0.200000,no-alert,0.000000,0.131058,low,schedule_unverified;no_eligible_observations;prior_only,data/source_manifest.json,,,
81c83738aec6ff34,2026-08-11T12:00:00Z,2026-08-13T08:30:00Z,2026-08-13T04:30:00-04:00,2026-08-13,B6317,2026-08-13T20:30:00Z,2026-08-13T08:30:00Z,12,2h,false,2026-08-13T17:30:00Z,,0.1.0-prior-only,0.031120,0.047115,0.019350,0.932635,0.039072,0.048503,0.973323,0.031058,0.0062,0.002069,0.200000,no-alert,0.000000,0.131120,low,schedule_unverified;no_eligible_observations;prior_only,data/source_manifest.json,,,
70d3ffa27413862a,2026-08-11T12:00:00Z,2026-08-13T10:30:00Z,2026-08-13T06:30:00-04:00,2026-08-13,B6317,2026-08-13T20:30:00Z,2026-08-13T10:30:00Z,10,2h,false,2026-08-13T17:30:00Z,,0.1.0-prior-only,0.031183,0.047193,0.019376,0.932625,0.039078,0.048510,0.973319,0.031120,0.0062,0.002069,0.200000,no-alert,0.000000,0.131183,low,schedule_unverified;no_eligible_observations;prior_only,data/source_manifest.json,,,
7defbcb4251cd740,2026-08-11T12:00:00Z,2026-08-13T12:30:00Z,2026-08-13T08:30:00-04:00,2026-08-13,B6317,2026-08-13T20:30:00Z,2026-08-13T12:30:00Z,8,2h,false,2026-08-13T17:30:00Z,,0.1.0-prior-only,0.031245,0.047270,0.019403,0.932615,0.039083,0.048517,0.973315,0.031183,0.0063,0.002069,0.200000,no-alert,0.000000,0.131245,low,schedule_unverified;no_eligible_observations;prior_only,data/source_manifest.json,,,
e74d77f49bfe79b7,2026-08-11T12:00:00Z,2026-08-13T14:30:00Z,2026-08-13T10:30:00-04:00,2026-08-13,B6317,2026-08-13T20:30:00Z,2026-08-13T14:30:00Z,6,2h,false,2026-08-13T17:30:00Z,,0.1.0-prior-only,0.031308,0.047348,0.019429,0.932605,0.039089,0.048525,0.973311,0.031245,0.0063,0.002069,0.200000,no-alert,0.000000,0.131308,low,schedule_unverified;no_eligible_observations;prior_only,data/source_manifest.json,,,
50c6ee3f503ea9f4,2026-08-11T12:00:00Z,2026-08-13T16:30:00Z,2026-08-13T12:30:00-04:00,2026-08-13,B6317,2026-08-13T20:30:00Z,2026-08-13T16:30:00Z,4,2h,true,2026-08-13T17:30:00Z,,0.1.0-prior-only,0.031371,0.047426,0.019455,0.932595,0.039095,0.048532,0.973307,0.031308,0.0063,0.002069,0.200000,no-alert,0.000000,0.131371,low,schedule_unverified;no_eligible_observations;prior_only,data/source_manifest.json,,,
b7a244de4480eddc,2026-08-11T12:00:00Z,2026-08-09T02:15:00Z,2026-08-08T22:15:00-04:00,2026-08-13,SQ23,2026-08-14T02:15:00Z,2026-08-09T02:15:00Z,120,6h,false,2026-08-13T23:15:00Z,,0.1.0-prior-only,0.027923,0.043107,0.017986,0.933149,0.038774,0.048133,0.973527,,,,0.200000,no-alert,0.000000,0.117986,low,schedule_unverified;no_eligible_observations;prior_only,data/source_manifest.json,,,
9ee9d9511dba2d82,2026-08-11T12:00:00Z,2026-08-09T08:15:00Z,2026-08-09T04:15:00-04:00,2026-08-13,SQ23,2026-08-14T02:15:00Z,2026-08-09T08:15:00Z,114,6h,false,2026-08-13T23:15:00Z,,0.1.0-prior-only,0.028092,0.043321,0.018059,0.933122,0.038789,0.048152,0.973516,0.017986,0.0073,0.004138,0.200000,no-alert,0.000000,0.118059,low,schedule_unverified;no_eligible_observations;prior_only,data/source_manifest.json,,,
9bf407eee041296c,2026-08-11T12:00:00Z,2026-08-09T14:15:00Z,2026-08-09T10:15:00-04:00,2026-08-13,SQ23,2026-08-14T02:15:00Z,2026-08-09T14:15:00Z,108,6h,false,2026-08-13T23:15:00Z,,0.1.0-prior-only,0.028262,0.043536,0.018133,0.933094,0.038805,0.048172,0.973505,0.018059,0.0074,0.004138,0.200000,no-alert,0.000000,0.118133,low,schedule_unverified;no_eligible_observations;prior_only,data/source_manifest.json,,,
09cfc2a6a2549e05,2026-08-11T12:00:00Z,2026-08-09T20:15:00Z,2026-08-09T16:15:00-04:00,2026-08-13,SQ23,2026-08-14T02:15:00Z,2026-08-09T20:15:00Z,102,6h,false,2026-08-13T23:15:00Z,,0.1.0-prior-only,0.028432,0.043752,0.018207,0.933067,0.038821,0.048192,0.973494,0.018133,0.0074,0.004138,0.200000,no-alert,0.000000,0.118207,low,schedule_unverified;no_eligible_observations;prior_only,data/source_manifest.json,,,
6e90430d137bae64,2026-08-11T12:00:00Z,2026-08-10T02:15:00Z,2026-08-09T22:15:00-04:00,2026-08-13,SQ23,2026-08-14T02:15:00Z,2026-08-10T02:15:00Z,96,6h,false,2026-08-13T23:15:00Z,,0.1.0-prior-only,0.028604,0.043969,0.018281,0.933039,0.038837,0.048212,0.973483,0.018207,0.0074,0.004138,0.200000,no-alert,0.000000,0.118281,low,schedule_unverified;no_eligible_observations;prior_only,data/source_manifest.json,,,
b6da6fe70aa5d256,2026-08-11T12:00:00Z,2026-08-10T08:15:00Z,2026-08-10T04:15:00-04:00,2026-08-13,SQ23,2026-08-14T02:15:00Z,2026-08-10T08:15:00Z,90,6h,false,2026-08-13T23:15:00Z,,0.1.0-prior-only,0.028777,0.044187,0.018355,0.933011,0.038853,0.048232,0.973472,0.018281,0.0074,0.004138,0.200000,no-alert,0.000000,0.118355,low,schedule_unverified;no_eligible_observations;prior_only,data/source_manifest.json,,,
86dc9090f5514881,2026-08-11T12:00:00Z,2026-08-10T14:15:00Z,2026-08-10T10:15:00-04:00,2026-08-13,SQ23,2026-08-14T02:15:00Z,2026-08-10T14:15:00Z,84,6h,false,2026-08-13T23:15:00Z,,0.1.0-prior-only,0.028951,0.044406,0.018430,0.932983,0.038870,0.048252,0.973461,0.018355,0.0075,0.004138,0.200000,no-alert,0.000000,0.118430,low,schedule_unverified;no_eligible_observations;prior_only,data/source_manifest.json,,,
6425fbb09ed2d8cb,2026-08-11T12:00:00Z,2026-08-10T20:15:00Z,2026-08-10T16:15:00-04:00,2026-08-13,SQ23,2026-08-14T02:15:00Z,2026-08-10T20:15:00Z,78,6h,false,2026-08-13T23:15:00Z,,0.1.0-prior-only,0.029126,0.044626,0.018505,0.932955,0.038886,0.048272,0.973450,0.018430,0.0075,0.004138,0.200000,no-alert,0.000000,0.118505,low,schedule_unverified;no_eligible_observations;prior_only,data/source_manifest.json,,,
09bbadc04b2844c0,2026-08-11T12:00:00Z,2026-08-11T02:15:00Z,2026-08-10T22:15:00-04:00,2026-08-13,SQ23,2026-08-14T02:15:00Z,2026-08-11T02:15:00Z,72,6h,false,2026-08-13T23:15:00Z,,0.1.0-prior-only,0.029302,0.044847,0.018580,0.932927,0.038902,0.048293,0.973439,0.018505,0.0075,0.004138,0.200000,no-alert,0.000000,0.118580,low,schedule_unverified;no_eligible_observations;prior_only,data/source_manifest.json,,,
1005cc21b51d5a2b,2026-08-11T12:00:00Z,2026-08-11T08:15:00Z,2026-08-11T04:15:00-04:00,2026-08-13,SQ23,2026-08-14T02:15:00Z,2026-08-11T08:15:00Z,66,6h,false,2026-08-13T23:15:00Z,,0.1.0-prior-only,0.029479,0.045069,0.018656,0.932898,0.038919,0.048313,0.973428,0.018580,0.0076,0.004138,0.200000,no-alert,0.000000,0.118656,low,schedule_unverified;no_eligible_observations;prior_only,data/source_manifest.json,,,
83a0722e5e97b132,2026-08-11T12:00:00Z,2026-08-11T14:15:00Z,2026-08-11T10:15:00-04:00,2026-08-13,SQ23,2026-08-14T02:15:00Z,2026-08-11T14:15:00Z,60,6h,false,2026-08-13T23:15:00Z,,0.1.0-prior-only,0.029658,0.045292,0.018732,0.932870,0.038936,0.048334,0.973416,0.018656,0.0076,0.004138,0.200000,no-alert,0.000000,0.118732,low,schedule_unverified;no_eligible_observations;prior_only,data/source_manifest.json,,,
6f0550204eeee71f,2026-08-11T12:00:00Z,2026-08-11T20:15:00Z,2026-08-11T16:15:00-04:00,2026-08-13,SQ23,2026-08-14T02:15:00Z,2026-08-11T20:15:00Z,54,6h,false,2026-08-13T23:15:00Z,,0.1.0-prior-only,0.029837,0.045516,0.018808,0.932841,0.038952,0.048355,0.973405,0.018732,0.0076,0.004138,0.200000,no-alert,0.000000,0.118808,low,schedule_unverified;no_eligible_observations;prior_only,data/source_manifest.json,,,
e68c2e834e758d7f,2026-08-11T12:00:00Z,2026-08-12T02:15:00Z,2026-08-11T22:15:00-04:00,2026-08-13,SQ23,2026-08-14T02:15:00Z,2026-08-12T02:15:00Z,48,6h,false,2026-08-13T23:15:00Z,,0.1.0-prior-only,0.030017,0.045741,0.018885,0.932812,0.038969,0.048375,0.973393,0.018808,0.0077,0.004138,0.200000,no-alert,0.000000,0.118885,low,schedule_unverified;no_eligible_observations;prior_only,data/source_manifest.json,,,
a18495b22c4c751b,2026-08-11T12:00:00Z,2026-08-12T04:15:00Z,2026-08-12T00:15:00-04:00,2026-08-13,SQ23,2026-08-14T02:15:00Z,2026-08-12T04:15:00Z,46,2h,false,2026-08-13T23:15:00Z,,0.1.0-prior-only,0.030077,0.045817,0.018910,0.932802,0.038975,0.048382,0.973390,0.018885,0.0026,0.001379,0.200000,no-alert,0.000000,0.118910,low,schedule_unverified;no_eligible_observations;prior_only,data/source_manifest.json,,,
2d8e3aad1c099cfb,2026-08-11T12:00:00Z,2026-08-12T06:15:00Z,2026-08-12T02:15:00-04:00,2026-08-13,SQ23,2026-08-14T02:15:00Z,2026-08-12T06:15:00Z,44,2h,false,2026-08-13T23:15:00Z,,0.1.0-prior-only,0.030138,0.045892,0.018936,0.932792,0.038980,0.048389,0.973386,0.018910,0.0026,0.001379,0.200000,no-alert,0.000000,0.118936,low,schedule_unverified;no_eligible_observations;prior_only,data/source_manifest.json,,,
87968ac426bd1648,2026-08-11T12:00:00Z,2026-08-12T08:15:00Z,2026-08-12T04:15:00-04:00,2026-08-13,SQ23,2026-08-14T02:15:00Z,2026-08-12T08:15:00Z,42,2h,false,2026-08-13T23:15:00Z,,0.1.0-prior-only,0.030198,0.045968,0.018961,0.932783,0.038986,0.048396,0.973382,0.018936,0.0026,0.001379,0.200000,no-alert,0.000000,0.118961,low,schedule_unverified;no_eligible_observations;prior_only,data/source_manifest.json,,,
c53b14f5380e2689,2026-08-11T12:00:00Z,2026-08-12T10:15:00Z,2026-08-12T06:15:00-04:00,2026-08-13,SQ23,2026-08-14T02:15:00Z,2026-08-12T10:15:00Z,40,2h,false,2026-08-13T23:15:00Z,,0.1.0-prior-only,0.030259,0.046043,0.018987,0.932773,0.038992,0.048403,0.973378,0.018961,0.0026,0.001379,0.200000,no-alert,0.000000,0.118987,low,schedule_unverified;no_eligible_observations;prior_only,data/source_manifest.json,,,
163266cb2ef2bd14,2026-08-11T12:00:00Z,2026-08-12T12:15:00Z,2026-08-12T08:15:00-04:00,2026-08-13,SQ23,2026-08-14T02:15:00Z,2026-08-12T12:15:00Z,38,2h,false,2026-08-13T23:15:00Z,,0.1.0-prior-only,0.030320,0.046119,0.019013,0.932763,0.038997,0.048410,0.973374,0.018987,0.0026,0.001379,0.200000,no-alert,0.000000,0.119013,low,schedule_unverified;no_eligible_observations;prior_only,data/source_manifest.json,,,
e4cc85a55c00b965,2026-08-11T12:00:00Z,2026-08-12T14:15:00Z,2026-08-12T10:15:00-04:00,2026-08-13,SQ23,2026-08-14T02:15:00Z,2026-08-12T14:15:00Z,36,2h,false,2026-08-13T23:15:00Z,,0.1.0-prior-only,0.030380,0.046195,0.019039,0.932753,0.039003,0.048418,0.973370,0.019013,0.0026,0.001379,0.200000,no-alert,0.000000,0.119039,low,schedule_unverified;no_eligible_observations;prior_only,data/source_manifest.json,,,
fd96e84277c7eddf,2026-08-11T12:00:00Z,2026-08-12T16:15:00Z,2026-08-12T12:15:00-04:00,2026-08-13,SQ23,2026-08-14T02:15:00Z,2026-08-12T16:15:00Z,34,2h,false,2026-08-13T23:15:00Z,,0.1.0-prior-only,0.030441,0.046271,0.019064,0.932744,0.039009,0.048425,0.973366,0.019039,0.0026,0.001379,0.200000,no-alert,0.000000,0.119064,low,schedule_unverified;no_eligible_observations;prior_only,data/source_manifest.json,,,
0b8889434cfa0761,2026-08-11T12:00:00Z,2026-08-12T18:15:00Z,2026-08-12T14:15:00-04:00,2026-08-13,SQ23,2026-08-14T02:15:00Z,2026-08-12T18:15:00Z,32,2h,false,2026-08-13T23:15:00Z,,0.1.0-prior-only,0.030503,0.046347,0.019090,0.932734,0.039014,0.048432,0.973363,0.019064,0.0026,0.001379,0.200000,no-alert,0.000000,0.119090,low,schedule_unverified;no_eligible_observations;prior_only,data/source_manifest.json,,,
c67201610fa90eb1,2026-08-11T12:00:00Z,2026-08-12T20:15:00Z,2026-08-12T16:15:00-04:00,2026-08-13,SQ23,2026-08-14T02:15:00Z,2026-08-12T20:15:00Z,30,2h,false,2026-08-13T23:15:00Z,,0.1.0-prior-only,0.030564,0.046424,0.019116,0.932724,0.039020,0.048439,0.973359,0.019090,0.0026,0.001379,0.200000,no-alert,0.000000,0.119116,low,schedule_unverified;no_eligible_observations;prior_only,data/source_manifest.json,,,
e8575c51d6c820b7,2026-08-11T12:00:00Z,2026-08-12T22:15:00Z,2026-08-12T18:15:00-04:00,2026-08-13,SQ23,2026-08-14T02:15:00Z,2026-08-12T22:15:00Z,28,2h,false,2026-08-13T23:15:00Z,,0.1.0-prior-only,0.030625,0.046500,0.019142,0.932714,0.039026,0.048446,0.973355,0.019116,0.0026,0.001379,0.200000,no-alert,0.000000,0.119142,low,schedule_unverified;no_eligible_observations;prior_only,data/source_manifest.json,,,
c125c44f27c1c29b,2026-08-11T12:00:00Z,2026-08-13T00:15:00Z,2026-08-12T20:15:00-04:00,2026-08-13,SQ23,2026-08-14T02:15:00Z,2026-08-13T00:15:00Z,26,2h,false,2026-08-13T23:15:00Z,,0.1.0-prior-only,0.030687,0.046576,0.019168,0.932704,0.039032,0.048453,0.973351,0.019142,0.0026,0.001379,0.200000,no-alert,0.000000,0.119168,low,schedule_unverified;no_eligible_observations;prior_only,data/source_manifest.json,,,
fc822610b6e10c71,2026-08-11T12:00:00Z,2026-08-13T02:15:00Z,2026-08-12T22:15:00-04:00,2026-08-13,SQ23,2026-08-14T02:15:00Z,2026-08-13T02:15:00Z,24,2h,false,2026-08-13T23:15:00Z,,0.1.0-prior-only,0.030748,0.046653,0.019194,0.932694,0.039037,0.048460,0.973347,0.019168,0.0026,0.001379,0.200000,no-alert,0.000000,0.119194,low,schedule_unverified;no_eligible_observations;prior_only,data/source_manifest.json,,,
2c7054ce2fb112ea,2026-08-11T12:00:00Z,2026-08-13T04:15:00Z,2026-08-13T00:15:00-04:00,2026-08-13,SQ23,2026-08-14T02:15:00Z,2026-08-13T04:15:00Z,22,2h,false,2026-08-13T23:15:00Z,,0.1.0-prior-only,0.030810,0.046730,0.019220,0.932684,0.039043,0.048467,0.973343,0.019194,0.0026,0.001379,0.200000,no-alert,0.000000,0.119220,low,schedule_unverified;no_eligible_observations;prior_only,data/source_manifest.json,,,
3c9104252c8b4638,2026-08-11T12:00:00Z,2026-08-13T06:15:00Z,2026-08-13T02:15:00-04:00,2026-08-13,SQ23,2026-08-14T02:15:00Z,2026-08-13T06:15:00Z,20,2h,false,2026-08-13T23:15:00Z,,0.1.0-prior-only,0.030872,0.046807,0.019246,0.932675,0.039049,0.048474,0.973339,0.019220,0.0026,0.001379,0.200000,no-alert,0.000000,0.119246,low,schedule_unverified;no_eligible_observations;prior_only,data/source_manifest.json,,,
7ace89d38ba767c7,2026-08-11T12:00:00Z,2026-08-13T08:15:00Z,2026-08-13T04:15:00-04:00,2026-08-13,SQ23,2026-08-14T02:15:00Z,2026-08-13T08:15:00Z,18,2h,false,2026-08-13T23:15:00Z,,0.1.0-prior-only,0.030934,0.046884,0.019272,0.932665,0.039055,0.048481,0.973335,0.019246,0.0026,0.001379,0.200000,no-alert,0.000000,0.119272,low,schedule_unverified;no_eligible_observations;prior_only,data/source_manifest.json,,,
f8eda08ccda11721,2026-08-11T12:00:00Z,2026-08-13T10:15:00Z,2026-08-13T06:15:00-04:00,2026-08-13,SQ23,2026-08-14T02:15:00Z,2026-08-13T10:15:00Z,16,2h,false,2026-08-13T23:15:00Z,,0.1.0-prior-only,0.030996,0.046961,0.019298,0.932655,0.039060,0.048489,0.973331,0.019272,0.0026,0.001379,0.200000,no-alert,0.000000,0.119298,low,schedule_unverified;no_eligible_observations;prior_only,data/source_manifest.json,,,
ad79bf55dad35680,2026-08-11T12:00:00Z,2026-08-13T12:15:00Z,2026-08-13T08:15:00-04:00,2026-08-13,SQ23,2026-08-14T02:15:00Z,2026-08-13T12:15:00Z,14,2h,false,2026-08-13T23:15:00Z,,0.1.0-prior-only,0.031058,0.047038,0.019324,0.932645,0.039066,0.048496,0.973327,0.019298,0.0026,0.001379,0.200000,no-alert,0.000000,0.119324,low,schedule_unverified;no_eligible_observations;prior_only,data/source_manifest.json,,,
0acc6b292891f050,2026-08-11T12:00:00Z,2026-08-13T14:15:00Z,2026-08-13T10:15:00-04:00,2026-08-13,SQ23,2026-08-14T02:15:00Z,2026-08-13T14:15:00Z,12,2h,false,2026-08-13T23:15:00Z,,0.1.0-prior-only,0.031120,0.047115,0.019350,0.932635,0.039072,0.048503,0.973323,0.019324,0.0026,0.001379,0.200000,no-alert,0.000000,0.119350,low,schedule_unverified;no_eligible_observations;prior_only,data/source_manifest.json,,,
e1362c02f6121698,2026-08-11T12:00:00Z,2026-08-13T16:15:00Z,2026-08-13T12:15:00-04:00,2026-08-13,SQ23,2026-08-14T02:15:00Z,2026-08-13T16:15:00Z,10,2h,false,2026-08-13T23:15:00Z,,0.1.0-prior-only,0.031183,0.047193,0.019376,0.932625,0.039078,0.048510,0.973319,0.019350,0.0026,0.001379,0.200000,no-alert,0.000000,0.119376,low,schedule_unverified;no_eligible_observations;prior_only,data/source_manifest.json,,,
2d2ac6df9d75e558,2026-08-11T12:00:00Z,2026-08-13T18:15:00Z,2026-08-13T14:15:00-04:00,2026-08-13,SQ23,2026-08-14T02:15:00Z,2026-08-13T18:15:00Z,8,2h,false,2026-08-13T23:15:00Z,,0.1.0-prior-only,0.031245,0.047270,0.019403,0.932615,0.039083,0.048517,0.973315,0.019376,0.0026,0.001379,0.200000,no-alert,0.000000,0.119403,low,schedule_unverified;no_eligible_observations;prior_only,data/source_manifest.json,,,
02340a0a720228ac,2026-08-11T12:00:00Z,2026-08-13T20:15:00Z,2026-08-13T16:15:00-04:00,2026-08-13,SQ23,2026-08-14T02:15:00Z,2026-08-13T20:15:00Z,6,2h,false,2026-08-13T23:15:00Z,,0.1.0-prior-only,0.031308,0.047348,0.019429,0.932605,0.039089,0.048525,0.973311,0.019403,0.0026,0.001379,0.200000,no-alert,0.000000,0.119429,low,schedule_unverified;no_eligible_observations;prior_only,data/source_manifest.json,,,
edb20fd424ba2430,2026-08-11T12:00:00Z,2026-08-13T22:15:00Z,2026-08-13T18:15:00-04:00,2026-08-13,SQ23,2026-08-14T02:15:00Z,2026-08-13T22:15:00Z,4,2h,true,2026-08-13T23:15:00Z,,0.1.0-prior-only,0.031371,0.047426,0.019455,0.932595,0.039095,0.048532,0.973307,0.019429,0.0026,0.001379,0.200000,no-alert,0.000000,0.119455,low,schedule_unverified;no_eligible_observations;prior_only,data/source_manifest.json,,,
38a18068a1fa30d6,2026-08-11T12:00:00Z,2026-08-08T20:30:00Z,2026-08-08T16:30:00-04:00,2026-08-13,PAIR,2026-08-13T20:30:00Z,2026-08-08T20:30:00Z,120,6h,false,2026-08-13T17:30:00Z,,0.1.0-prior-only,0.027923,0.043107,0.017986,0.933149,0.038774,0.048133,0.973527,,,,0.200000,no-alert,0.000000,0.166851,low,schedule_unverified;no_eligible_observations;prior_only,data/source_manifest.json,,,
8cfdf55573794c1d,2026-08-11T12:00:00Z,2026-08-09T02:30:00Z,2026-08-08T22:30:00-04:00,2026-08-13,PAIR,2026-08-13T20:30:00Z,2026-08-09T02:30:00Z,114,6h,false,2026-08-13T17:30:00Z,,0.1.0-prior-only,0.028092,0.043321,0.018059,0.933122,0.038789,0.048152,0.973516,0.066851,0.0027,0.000437,0.200000,no-alert,0.000000,0.166878,low,schedule_unverified;no_eligible_observations;prior_only,data/source_manifest.json,,,
ac28680473783118,2026-08-11T12:00:00Z,2026-08-09T08:30:00Z,2026-08-09T04:30:00-04:00,2026-08-13,PAIR,2026-08-13T20:30:00Z,2026-08-09T08:30:00Z,108,6h,false,2026-08-13T17:30:00Z,,0.1.0-prior-only,0.028262,0.043536,0.018133,0.933094,0.038805,0.048172,0.973505,0.066878,0.0027,0.000439,0.200000,no-alert,0.000000,0.166906,low,schedule_unverified;no_eligible_observations;prior_only,data/source_manifest.json,,,
2fd6326609ac3394,2026-08-11T12:00:00Z,2026-08-09T14:30:00Z,2026-08-09T10:30:00-04:00,2026-08-13,PAIR,2026-08-13T20:30:00Z,2026-08-09T14:30:00Z,102,6h,false,2026-08-13T17:30:00Z,,0.1.0-prior-only,0.028432,0.043752,0.018207,0.933067,0.038821,0.048192,0.973494,0.066906,0.0028,0.000441,0.200000,no-alert,0.000000,0.166933,low,schedule_unverified;no_eligible_observations;prior_only,data/source_manifest.json,,,
920fe2a1cf6386b8,2026-08-11T12:00:00Z,2026-08-09T20:30:00Z,2026-08-09T16:30:00-04:00,2026-08-13,PAIR,2026-08-13T20:30:00Z,2026-08-09T20:30:00Z,96,6h,false,2026-08-13T17:30:00Z,,0.1.0-prior-only,0.028604,0.043969,0.018281,0.933039,0.038837,0.048212,0.973483,0.066933,0.0028,0.000444,0.200000,no-alert,0.000000,0.166961,low,schedule_unverified;no_eligible_observations;prior_only,data/source_manifest.json,,,
fb2e7be63d70dba6,2026-08-11T12:00:00Z,2026-08-10T02:30:00Z,2026-08-09T22:30:00-04:00,2026-08-13,PAIR,2026-08-13T20:30:00Z,2026-08-10T02:30:00Z,90,6h,false,2026-08-13T17:30:00Z,,0.1.0-prior-only,0.028777,0.044187,0.018355,0.933011,0.038853,0.048232,0.973472,0.066961,0.0028,0.000446,0.200000,no-alert,0.000000,0.166989,low,schedule_unverified;no_eligible_observations;prior_only,data/source_manifest.json,,,
8ae780e031b3ac7e,2026-08-11T12:00:00Z,2026-08-10T08:30:00Z,2026-08-10T04:30:00-04:00,2026-08-13,PAIR,2026-08-13T20:30:00Z,2026-08-10T08:30:00Z,84,6h,false,2026-08-13T17:30:00Z,,0.1.0-prior-only,0.028951,0.044406,0.018430,0.932983,0.038870,0.048252,0.973461,0.066989,0.0028,0.000448,0.200000,no-alert,0.000000,0.167017,low,schedule_unverified;no_eligible_observations;prior_only,data/source_manifest.json,,,
daae41949f9ea032,2026-08-11T12:00:00Z,2026-08-10T14:30:00Z,2026-08-10T10:30:00-04:00,2026-08-13,PAIR,2026-08-13T20:30:00Z,2026-08-10T14:30:00Z,78,6h,false,2026-08-13T17:30:00Z,,0.1.0-prior-only,0.029126,0.044626,0.018505,0.932955,0.038886,0.048272,0.973450,0.067017,0.0028,0.000451,0.200000,no-alert,0.000000,0.167045,low,schedule_unverified;no_eligible_observations;prior_only,data/source_manifest.json,,,
ec80db4d974f03c5,2026-08-11T12:00:00Z,2026-08-10T20:30:00Z,2026-08-10T16:30:00-04:00,2026-08-13,PAIR,2026-08-13T20:30:00Z,2026-08-10T20:30:00Z,72,6h,false,2026-08-13T17:30:00Z,,0.1.0-prior-only,0.029302,0.044847,0.018580,0.932927,0.038902,0.048293,0.973439,0.067045,0.0028,0.000453,0.200000,no-alert,0.000000,0.167073,low,schedule_unverified;no_eligible_observations;prior_only,data/source_manifest.json,,,
1ffc37f019a44754,2026-08-11T12:00:00Z,2026-08-11T02:30:00Z,2026-08-10T22:30:00-04:00,2026-08-13,PAIR,2026-08-13T20:30:00Z,2026-08-11T02:30:00Z,66,6h,false,2026-08-13T17:30:00Z,,0.1.0-prior-only,0.029479,0.045069,0.018656,0.932898,0.038919,0.048313,0.973428,0.067073,0.0028,0.000455,0.200000,no-alert,0.000000,0.167102,low,schedule_unverified;no_eligible_observations;prior_only,data/source_manifest.json,,,
3d5720a73cdaeeab,2026-08-11T12:00:00Z,2026-08-11T08:30:00Z,2026-08-11T04:30:00-04:00,2026-08-13,PAIR,2026-08-13T20:30:00Z,2026-08-11T08:30:00Z,60,6h,false,2026-08-13T17:30:00Z,,0.1.0-prior-only,0.029658,0.045292,0.018732,0.932870,0.038936,0.048334,0.973416,0.067102,0.0029,0.000457,0.200000,no-alert,0.000000,0.167130,low,schedule_unverified;no_eligible_observations;prior_only,data/source_manifest.json,,,
c158d338fdba01d0,2026-08-11T12:00:00Z,2026-08-11T14:30:00Z,2026-08-11T10:30:00-04:00,2026-08-13,PAIR,2026-08-13T20:30:00Z,2026-08-11T14:30:00Z,54,6h,false,2026-08-13T17:30:00Z,,0.1.0-prior-only,0.029837,0.045516,0.018808,0.932841,0.038952,0.048355,0.973405,0.067130,0.0029,0.000460,0.200000,no-alert,0.000000,0.167159,low,schedule_unverified;no_eligible_observations;prior_only,data/source_manifest.json,,,
145ed6f3e0b648d4,2026-08-11T12:00:00Z,2026-08-11T20:30:00Z,2026-08-11T16:30:00-04:00,2026-08-13,PAIR,2026-08-13T20:30:00Z,2026-08-11T20:30:00Z,48,6h,false,2026-08-13T17:30:00Z,,0.1.0-prior-only,0.030017,0.045741,0.018885,0.932812,0.038969,0.048375,0.973393,0.067159,0.0029,0.000462,0.200000,no-alert,0.000000,0.167188,low,schedule_unverified;no_eligible_observations;prior_only,data/source_manifest.json,,,
5ba44a36f3c28e08,2026-08-11T12:00:00Z,2026-08-11T22:30:00Z,2026-08-11T18:30:00-04:00,2026-08-13,PAIR,2026-08-13T20:30:00Z,2026-08-11T22:30:00Z,46,2h,false,2026-08-13T17:30:00Z,,0.1.0-prior-only,0.030077,0.045817,0.018910,0.932802,0.038975,0.048382,0.973390,0.067188,0.0010,0.000155,0.200000,no-alert,0.000000,0.167198,low,schedule_unverified;no_eligible_observations;prior_only,data/source_manifest.json,,,
28c2cfde18a7a3b8,2026-08-11T12:00:00Z,2026-08-12T00:30:00Z,2026-08-11T20:30:00-04:00,2026-08-13,PAIR,2026-08-13T20:30:00Z,2026-08-12T00:30:00Z,44,2h,false,2026-08-13T17:30:00Z,,0.1.0-prior-only,0.030138,0.045892,0.018936,0.932792,0.038980,0.048389,0.973386,0.067198,0.0010,0.000155,0.200000,no-alert,0.000000,0.167208,low,schedule_unverified;no_eligible_observations;prior_only,data/source_manifest.json,,,
d39c99b2fc90893f,2026-08-11T12:00:00Z,2026-08-12T02:30:00Z,2026-08-11T22:30:00-04:00,2026-08-13,PAIR,2026-08-13T20:30:00Z,2026-08-12T02:30:00Z,42,2h,false,2026-08-13T17:30:00Z,,0.1.0-prior-only,0.030198,0.045968,0.018961,0.932783,0.038986,0.048396,0.973382,0.067208,0.0010,0.000155,0.200000,no-alert,0.000000,0.167217,low,schedule_unverified;no_eligible_observations;prior_only,data/source_manifest.json,,,
8dd4d7347435e760,2026-08-11T12:00:00Z,2026-08-12T04:30:00Z,2026-08-12T00:30:00-04:00,2026-08-13,PAIR,2026-08-13T20:30:00Z,2026-08-12T04:30:00Z,40,2h,false,2026-08-13T17:30:00Z,,0.1.0-prior-only,0.030259,0.046043,0.018987,0.932773,0.038992,0.048403,0.973378,0.067217,0.0010,0.000155,0.200000,no-alert,0.000000,0.167227,low,schedule_unverified;no_eligible_observations;prior_only,data/source_manifest.json,,,
e8adcd5f7e3509e8,2026-08-11T12:00:00Z,2026-08-12T06:30:00Z,2026-08-12T02:30:00-04:00,2026-08-13,PAIR,2026-08-13T20:30:00Z,2026-08-12T06:30:00Z,38,2h,false,2026-08-13T17:30:00Z,,0.1.0-prior-only,0.030320,0.046119,0.019013,0.932763,0.038997,0.048410,0.973374,0.067227,0.0010,0.000156,0.200000,no-alert,0.000000,0.167237,low,schedule_unverified;no_eligible_observations;prior_only,data/source_manifest.json,,,
61b1e911cdd3a429,2026-08-11T12:00:00Z,2026-08-12T08:30:00Z,2026-08-12T04:30:00-04:00,2026-08-13,PAIR,2026-08-13T20:30:00Z,2026-08-12T08:30:00Z,36,2h,false,2026-08-13T17:30:00Z,,0.1.0-prior-only,0.030380,0.046195,0.019039,0.932753,0.039003,0.048418,0.973370,0.067237,0.0010,0.000156,0.200000,no-alert,0.000000,0.167247,low,schedule_unverified;no_eligible_observations;prior_only,data/source_manifest.json,,,
ee66901214d74220,2026-08-11T12:00:00Z,2026-08-12T10:30:00Z,2026-08-12T06:30:00-04:00,2026-08-13,PAIR,2026-08-13T20:30:00Z,2026-08-12T10:30:00Z,34,2h,false,2026-08-13T17:30:00Z,,0.1.0-prior-only,0.030441,0.046271,0.019064,0.932744,0.039009,0.048425,0.973366,0.067247,0.0010,0.000156,0.200000,no-alert,0.000000,0.167256,low,schedule_unverified;no_eligible_observations;prior_only,data/source_manifest.json,,,
4a667c1feb5bc17a,2026-08-11T12:00:00Z,2026-08-12T12:30:00Z,2026-08-12T08:30:00-04:00,2026-08-13,PAIR,2026-08-13T20:30:00Z,2026-08-12T12:30:00Z,32,2h,false,2026-08-13T17:30:00Z,,0.1.0-prior-only,0.030503,0.046347,0.019090,0.932734,0.039014,0.048432,0.973363,0.067256,0.0010,0.000156,0.200000,no-alert,0.000000,0.167266,low,schedule_unverified;no_eligible_observations;prior_only,data/source_manifest.json,,,
00f278de5bfd9bd9,2026-08-11T12:00:00Z,2026-08-12T14:30:00Z,2026-08-12T10:30:00-04:00,2026-08-13,PAIR,2026-08-13T20:30:00Z,2026-08-12T14:30:00Z,30,2h,false,2026-08-13T17:30:00Z,,0.1.0-prior-only,0.030564,0.046424,0.019116,0.932724,0.039020,0.048439,0.973359,0.067266,0.0010,0.000157,0.200000,no-alert,0.000000,0.167276,low,schedule_unverified;no_eligible_observations;prior_only,data/source_manifest.json,,,
1c272a0d6458b895,2026-08-11T12:00:00Z,2026-08-12T16:30:00Z,2026-08-12T12:30:00-04:00,2026-08-13,PAIR,2026-08-13T20:30:00Z,2026-08-12T16:30:00Z,28,2h,false,2026-08-13T17:30:00Z,,0.1.0-prior-only,0.030625,0.046500,0.019142,0.932714,0.039026,0.048446,0.973355,0.067276,0.0010,0.000157,0.200000,no-alert,0.000000,0.167286,low,schedule_unverified;no_eligible_observations;prior_only,data/source_manifest.json,,,
3633107c9bd8752e,2026-08-11T12:00:00Z,2026-08-12T18:30:00Z,2026-08-12T14:30:00-04:00,2026-08-13,PAIR,2026-08-13T20:30:00Z,2026-08-12T18:30:00Z,26,2h,false,2026-08-13T17:30:00Z,,0.1.0-prior-only,0.030687,0.046576,0.019168,0.932704,0.039032,0.048453,0.973351,0.067286,0.0010,0.000157,0.200000,no-alert,0.000000,0.167296,low,schedule_unverified;no_eligible_observations;prior_only,data/source_manifest.json,,,
7343eb98f9bde0bb,2026-08-11T12:00:00Z,2026-08-12T20:30:00Z,2026-08-12T16:30:00-04:00,2026-08-13,PAIR,2026-08-13T20:30:00Z,2026-08-12T20:30:00Z,24,2h,false,2026-08-13T17:30:00Z,,0.1.0-prior-only,0.030748,0.046653,0.019194,0.932694,0.039037,0.048460,0.973347,0.067296,0.0010,0.000157,0.200000,no-alert,0.000000,0.167306,low,schedule_unverified;no_eligible_observations;prior_only,data/source_manifest.json,,,
7b039d215c748e2b,2026-08-11T12:00:00Z,2026-08-12T22:30:00Z,2026-08-12T18:30:00-04:00,2026-08-13,PAIR,2026-08-13T20:30:00Z,2026-08-12T22:30:00Z,22,2h,false,2026-08-13T17:30:00Z,,0.1.0-prior-only,0.030810,0.046730,0.019220,0.932684,0.039043,0.048467,0.973343,0.067306,0.0010,0.000158,0.200000,no-alert,0.000000,0.167316,low,schedule_unverified;no_eligible_observations;prior_only,data/source_manifest.json,,,
370c002013c76c83,2026-08-11T12:00:00Z,2026-08-13T00:30:00Z,2026-08-12T20:30:00-04:00,2026-08-13,PAIR,2026-08-13T20:30:00Z,2026-08-13T00:30:00Z,20,2h,false,2026-08-13T17:30:00Z,,0.1.0-prior-only,0.030872,0.046807,0.019246,0.932675,0.039049,0.048474,0.973339,0.067316,0.0010,0.000158,0.200000,no-alert,0.000000,0.167325,low,schedule_unverified;no_eligible_observations;prior_only,data/source_manifest.json,,,
dcfc1b1fe6ef01d1,2026-08-11T12:00:00Z,2026-08-13T02:30:00Z,2026-08-12T22:30:00-04:00,2026-08-13,PAIR,2026-08-13T20:30:00Z,2026-08-13T02:30:00Z,18,2h,false,2026-08-13T17:30:00Z,,0.1.0-prior-only,0.030934,0.046884,0.019272,0.932665,0.039055,0.048481,0.973335,0.067325,0.0010,0.000158,0.200000,no-alert,0.000000,0.167335,low,schedule_unverified;no_eligible_observations;prior_only,data/source_manifest.json,,,
2fff743153636ff7,2026-08-11T12:00:00Z,2026-08-13T04:30:00Z,2026-08-13T00:30:00-04:00,2026-08-13,PAIR,2026-08-13T20:30:00Z,2026-08-13T04:30:00Z,16,2h,false,2026-08-13T17:30:00Z,,0.1.0-prior-only,0.030996,0.046961,0.019298,0.932655,0.039060,0.048489,0.973331,0.067335,0.0010,0.000159,0.200000,no-alert,0.000000,0.167345,low,schedule_unverified;no_eligible_observations;prior_only,data/source_manifest.json,,,
eb41a7b19c85c5bb,2026-08-11T12:00:00Z,2026-08-13T06:30:00Z,2026-08-13T02:30:00-04:00,2026-08-13,PAIR,2026-08-13T20:30:00Z,2026-08-13T06:30:00Z,14,2h,false,2026-08-13T17:30:00Z,,0.1.0-prior-only,0.031058,0.047038,0.019324,0.932645,0.039066,0.048496,0.973327,0.067345,0.0010,0.000159,0.200000,no-alert,0.000000,0.167355,low,schedule_unverified;no_eligible_observations;prior_only,data/source_manifest.json,,,
fea9a467b596bdb5,2026-08-11T12:00:00Z,2026-08-13T08:30:00Z,2026-08-13T04:30:00-04:00,2026-08-13,PAIR,2026-08-13T20:30:00Z,2026-08-13T08:30:00Z,12,2h,false,2026-08-13T17:30:00Z,,0.1.0-prior-only,0.031120,0.047115,0.019350,0.932635,0.039072,0.048503,0.973323,0.067355,0.0010,0.000159,0.200000,no-alert,0.000000,0.167365,low,schedule_unverified;no_eligible_observations;prior_only,data/source_manifest.json,,,
ec109ffb0eec95b7,2026-08-11T12:00:00Z,2026-08-13T10:30:00Z,2026-08-13T06:30:00-04:00,2026-08-13,PAIR,2026-08-13T20:30:00Z,2026-08-13T10:30:00Z,10,2h,false,2026-08-13T17:30:00Z,,0.1.0-prior-only,0.031183,0.047193,0.019376,0.932625,0.039078,0.048510,0.973319,0.067365,0.0010,0.000159,0.200000,no-alert,0.000000,0.167375,low,schedule_unverified;no_eligible_observations;prior_only,data/source_manifest.json,,,
392d2cc64950c4ce,2026-08-11T12:00:00Z,2026-08-13T12:30:00Z,2026-08-13T08:30:00-04:00,2026-08-13,PAIR,2026-08-13T20:30:00Z,2026-08-13T12:30:00Z,8,2h,false,2026-08-13T17:30:00Z,,0.1.0-prior-only,0.031245,0.047270,0.019403,0.932615,0.039083,0.048517,0.973315,0.067375,0.0010,0.000160,0.200000,no-alert,0.000000,0.167385,low,schedule_unverified;no_eligible_observations;prior_only,data/source_manifest.json,,,
5c11befbc45dc61c,2026-08-11T12:00:00Z,2026-08-13T14:30:00Z,2026-08-13T10:30:00-04:00,2026-08-13,PAIR,2026-08-13T20:30:00Z,2026-08-13T14:30:00Z,6,2h,false,2026-08-13T17:30:00Z,,0.1.0-prior-only,0.031308,0.047348,0.019429,0.932605,0.039089,0.048525,0.973311,0.067385,0.0010,0.000160,0.200000,no-alert,0.000000,0.167395,low,schedule_unverified;no_eligible_observations;prior_only,data/source_manifest.json,,,
9024b20c4774aebf,2026-08-11T12:00:00Z,2026-08-13T16:30:00Z,2026-08-13T12:30:00-04:00,2026-08-13,PAIR,2026-08-13T20:30:00Z,2026-08-13T16:30:00Z,4,2h,true,2026-08-13T17:30:00Z,,0.1.0-prior-only,0.031371,0.047426,0.019455,0.932595,0.039095,0.048532,0.973307,0.067395,0.0010,0.000160,0.200000,no-alert,0.000000,0.167405,low,schedule_unverified;no_eligible_observations;prior_only,data/source_manifest.json,,,
522584b5c12fae69,2026-08-11T12:00:00Z,2026-08-09T20:30:00Z,2026-08-09T16:30:00-04:00,2026-08-14,B6317,2026-08-14T20:30:00Z,2026-08-09T20:30:00Z,120,6h,false,2026-08-14T17:30:00Z,,0.1.0-prior-only,0.027923,0.043107,0.017986,0.933149,0.038774,0.048133,0.973527,,,,0.200000,no-alert,0.000000,0.127923,low,schedule_unverified;no_eligible_observations;prior_only,data/source_manifest.json,,,
cd9c3cb7ae95a3e8,2026-08-11T12:00:00Z,2026-08-10T02:30:00Z,2026-08-09T22:30:00-04:00,2026-08-14,B6317,2026-08-14T20:30:00Z,2026-08-10T02:30:00Z,114,6h,false,2026-08-14T17:30:00Z,,0.1.0-prior-only,0.028092,0.043321,0.018059,0.933122,0.038789,0.048152,0.973516,0.027923,0.0169,0.006207,0.200000,no-alert,0.000000,0.128092,low,schedule_unverified;no_eligible_observations;prior_only,data/source_manifest.json,,,
169e7aa69ccea6dc,2026-08-11T12:00:00Z,2026-08-10T08:30:00Z,2026-08-10T04:30:00-04:00,2026-08-14,B6317,2026-08-14T20:30:00Z,2026-08-10T08:30:00Z,108,6h,false,2026-08-14T17:30:00Z,,0.1.0-prior-only,0.028262,0.043536,0.018133,0.933094,0.038805,0.048172,0.973505,0.028092,0.0170,0.006207,0.200000,no-alert,0.000000,0.128262,low,schedule_unverified;no_eligible_observations;prior_only,data/source_manifest.json,,,
46a13742446db0fb,2026-08-11T12:00:00Z,2026-08-10T14:30:00Z,2026-08-10T10:30:00-04:00,2026-08-14,B6317,2026-08-14T20:30:00Z,2026-08-10T14:30:00Z,102,6h,false,2026-08-14T17:30:00Z,,0.1.0-prior-only,0.028432,0.043752,0.018207,0.933067,0.038821,0.048192,0.973494,0.028262,0.0171,0.006207,0.200000,no-alert,0.000000,0.128432,low,schedule_unverified;no_eligible_observations;prior_only,data/source_manifest.json,,,
9b4dfe6f140b2ebc,2026-08-11T12:00:00Z,2026-08-10T20:30:00Z,2026-08-10T16:30:00-04:00,2026-08-14,B6317,2026-08-14T20:30:00Z,2026-08-10T20:30:00Z,96,6h,false,2026-08-14T17:30:00Z,,0.1.0-prior-only,0.028604,0.043969,0.018281,0.933039,0.038837,0.048212,0.973483,0.028432,0.0172,0.006207,0.200000,no-alert,0.000000,0.128604,low,schedule_unverified;no_eligible_observations;prior_only,data/source_manifest.json,,,
1be62785eb5616ea,2026-08-11T12:00:00Z,2026-08-11T02:30:00Z,2026-08-10T22:30:00-04:00,2026-08-14,B6317,2026-08-14T20:30:00Z,2026-08-11T02:30:00Z,90,6h,false,2026-08-14T17:30:00Z,,0.1.0-prior-only,0.028777,0.044187,0.018355,0.933011,0.038853,0.048232,0.973472,0.028604,0.0173,0.006207,0.200000,no-alert,0.000000,0.128777,low,schedule_unverified;no_eligible_observations;prior_only,data/source_manifest.json,,,
a1e434cfbcf5cfe7,2026-08-11T12:00:00Z,2026-08-11T08:30:00Z,2026-08-11T04:30:00-04:00,2026-08-14,B6317,2026-08-14T20:30:00Z,2026-08-11T08:30:00Z,84,6h,false,2026-08-14T17:30:00Z,,0.1.0-prior-only,0.028951,0.044406,0.018430,0.932983,0.038870,0.048252,0.973461,0.028777,0.0174,0.006207,0.200000,no-alert,0.000000,0.128951,low,schedule_unverified;no_eligible_observations;prior_only,data/source_manifest.json,,,
29405212b0fa1d76,2026-08-11T12:00:00Z,2026-08-11T14:30:00Z,2026-08-11T10:30:00-04:00,2026-08-14,B6317,2026-08-14T20:30:00Z,2026-08-11T14:30:00Z,78,6h,false,2026-08-14T17:30:00Z,,0.1.0-prior-only,0.029126,0.044626,0.018505,0.932955,0.038886,0.048272,0.973450,0.028951,0.0175,0.006207,0.200000,no-alert,0.000000,0.129126,low,schedule_unverified;no_eligible_observations;prior_only,data/source_manifest.json,,,
a7d239bd1d94e0ba,2026-08-11T12:00:00Z,2026-08-11T20:30:00Z,2026-08-11T16:30:00-04:00,2026-08-14,B6317,2026-08-14T20:30:00Z,2026-08-11T20:30:00Z,72,6h,false,2026-08-14T17:30:00Z,,0.1.0-prior-only,0.029302,0.044847,0.018580,0.932927,0.038902,0.048293,0.973439,0.029126,0.0176,0.006207,0.200000,no-alert,0.000000,0.129302,low,schedule_unverified;no_eligible_observations;prior_only,data/source_manifest.json,,,
fef06d03988e9317,2026-08-11T12:00:00Z,2026-08-12T02:30:00Z,2026-08-11T22:30:00-04:00,2026-08-14,B6317,2026-08-14T20:30:00Z,2026-08-12T02:30:00Z,66,6h,false,2026-08-14T17:30:00Z,,0.1.0-prior-only,0.029479,0.045069,0.018656,0.932898,0.038919,0.048313,0.973428,0.029302,0.0177,0.006207,0.200000,no-alert,0.000000,0.129479,low,schedule_unverified;no_eligible_observations;prior_only,data/source_manifest.json,,,
b8a06f1563e2018f,2026-08-11T12:00:00Z,2026-08-12T08:30:00Z,2026-08-12T04:30:00-04:00,2026-08-14,B6317,2026-08-14T20:30:00Z,2026-08-12T08:30:00Z,60,6h,false,2026-08-14T17:30:00Z,,0.1.0-prior-only,0.029658,0.045292,0.018732,0.932870,0.038936,0.048334,0.973416,0.029479,0.0178,0.006207,0.200000,no-alert,0.000000,0.129658,low,schedule_unverified;no_eligible_observations;prior_only,data/source_manifest.json,,,
8d715a2773b5156a,2026-08-11T12:00:00Z,2026-08-12T14:30:00Z,2026-08-12T10:30:00-04:00,2026-08-14,B6317,2026-08-14T20:30:00Z,2026-08-12T14:30:00Z,54,6h,false,2026-08-14T17:30:00Z,,0.1.0-prior-only,0.029837,0.045516,0.018808,0.932841,0.038952,0.048355,0.973405,0.029658,0.0179,0.006207,0.200000,no-alert,0.000000,0.129837,low,schedule_unverified;no_eligible_observations;prior_only,data/source_manifest.json,,,
f8189e22e9b8d4ac,2026-08-11T12:00:00Z,2026-08-12T20:30:00Z,2026-08-12T16:30:00-04:00,2026-08-14,B6317,2026-08-14T20:30:00Z,2026-08-12T20:30:00Z,48,6h,false,2026-08-14T17:30:00Z,,0.1.0-prior-only,0.030017,0.045741,0.018885,0.932812,0.038969,0.048375,0.973393,0.029837,0.0180,0.006207,0.200000,no-alert,0.000000,0.130017,low,schedule_unverified;no_eligible_observations;prior_only,data/source_manifest.json,,,
0477e213852d664e,2026-08-11T12:00:00Z,2026-08-12T22:30:00Z,2026-08-12T18:30:00-04:00,2026-08-14,B6317,2026-08-14T20:30:00Z,2026-08-12T22:30:00Z,46,2h,false,2026-08-14T17:30:00Z,,0.1.0-prior-only,0.030077,0.045817,0.018910,0.932802,0.038975,0.048382,0.973390,0.030017,0.0060,0.002069,0.200000,no-alert,0.000000,0.130077,low,schedule_unverified;no_eligible_observations;prior_only,data/source_manifest.json,,,
8386cf78f2a66ad4,2026-08-11T12:00:00Z,2026-08-13T00:30:00Z,2026-08-12T20:30:00-04:00,2026-08-14,B6317,2026-08-14T20:30:00Z,2026-08-13T00:30:00Z,44,2h,false,2026-08-14T17:30:00Z,,0.1.0-prior-only,0.030138,0.045892,0.018936,0.932792,0.038980,0.048389,0.973386,0.030077,0.0060,0.002069,0.200000,no-alert,0.000000,0.130138,low,schedule_unverified;no_eligible_observations;prior_only,data/source_manifest.json,,,
cdf2c67bb67e0f59,2026-08-11T12:00:00Z,2026-08-13T02:30:00Z,2026-08-12T22:30:00-04:00,2026-08-14,B6317,2026-08-14T20:30:00Z,2026-08-13T02:30:00Z,42,2h,false,2026-08-14T17:30:00Z,,0.1.0-prior-only,0.030198,0.045968,0.018961,0.932783,0.038986,0.048396,0.973382,0.030138,0.0061,0.002069,0.200000,no-alert,0.000000,0.130198,low,schedule_unverified;no_eligible_observations;prior_only,data/source_manifest.json,,,
9c7d7027fa97ce26,2026-08-11T12:00:00Z,2026-08-13T04:30:00Z,2026-08-13T00:30:00-04:00,2026-08-14,B6317,2026-08-14T20:30:00Z,2026-08-13T04:30:00Z,40,2h,false,2026-08-14T17:30:00Z,,0.1.0-prior-only,0.030259,0.046043,0.018987,0.932773,0.038992,0.048403,0.973378,0.030198,0.0061,0.002069,0.200000,no-alert,0.000000,0.130259,low,schedule_unverified;no_eligible_observations;prior_only,data/source_manifest.json,,,
45082a88a0a4c8fd,2026-08-11T12:00:00Z,2026-08-13T06:30:00Z,2026-08-13T02:30:00-04:00,2026-08-14,B6317,2026-08-14T20:30:00Z,2026-08-13T06:30:00Z,38,2h,false,2026-08-14T17:30:00Z,,0.1.0-prior-only,0.030320,0.046119,0.019013,0.932763,0.038997,0.048410,0.973374,0.030259,0.0061,0.002069,0.200000,no-alert,0.000000,0.130320,low,schedule_unverified;no_eligible_observations;prior_only,data/source_manifest.json,,,
cb54f703baa874c7,2026-08-11T12:00:00Z,2026-08-13T08:30:00Z,2026-08-13T04:30:00-04:00,2026-08-14,B6317,2026-08-14T20:30:00Z,2026-08-13T08:30:00Z,36,2h,false,2026-08-14T17:30:00Z,,0.1.0-prior-only,0.030380,0.046195,0.019039,0.932753,0.039003,0.048418,0.973370,0.030320,0.0061,0.002069,0.200000,no-alert,0.000000,0.130380,low,schedule_unverified;no_eligible_observations;prior_only,data/source_manifest.json,,,
44738ef3b850f4e0,2026-08-11T12:00:00Z,2026-08-13T10:30:00Z,2026-08-13T06:30:00-04:00,2026-08-14,B6317,2026-08-14T20:30:00Z,2026-08-13T10:30:00Z,34,2h,false,2026-08-14T17:30:00Z,,0.1.0-prior-only,0.030441,0.046271,0.019064,0.932744,0.039009,0.048425,0.973366,0.030380,0.0061,0.002069,0.200000,no-alert,0.000000,0.130441,low,schedule_unverified;no_eligible_observations;prior_only,data/source_manifest.json,,,
556a38e2d20a7301,2026-08-11T12:00:00Z,2026-08-13T12:30:00Z,2026-08-13T08:30:00-04:00,2026-08-14,B6317,2026-08-14T20:30:00Z,2026-08-13T12:30:00Z,32,2h,false,2026-08-14T17:30:00Z,,0.1.0-prior-only,0.030503,0.046347,0.019090,0.932734,0.039014,0.048432,0.973363,0.030441,0.0061,0.002069,0.200000,no-alert,0.000000,0.130503,low,schedule_unverified;no_eligible_observations;prior_only,data/source_manifest.json,,,
c21e2ceb91ef2d97,2026-08-11T12:00:00Z,2026-08-13T14:30:00Z,2026-08-13T10:30:00-04:00,2026-08-14,B6317,2026-08-14T20:30:00Z,2026-08-13T14:30:00Z,30,2h,false,2026-08-14T17:30:00Z,,0.1.0-prior-only,0.030564,0.046424,0.019116,0.932724,0.039020,0.048439,0.973359,0.030503,0.0061,0.002069,0.200000,no-alert,0.000000,0.130564,low,schedule_unverified;no_eligible_observations;prior_only,data/source_manifest.json,,,
11516412986c05f0,2026-08-11T12:00:00Z,2026-08-13T16:30:00Z,2026-08-13T12:30:00-04:00,2026-08-14,B6317,2026-08-14T20:30:00Z,2026-08-13T16:30:00Z,28,2h,false,2026-08-14T17:30:00Z,,0.1.0-prior-only,0.030625,0.046500,0.019142,0.932714,0.039026,0.048446,0.973355,0.030564,0.0061,0.002069,0.200000,no-alert,0.000000,0.130625,low,schedule_unverified;no_eligible_observations;prior_only,data/source_manifest.json,,,
f5704ac1f05c0936,2026-08-11T12:00:00Z,2026-08-13T18:30:00Z,2026-08-13T14:30:00-04:00,2026-08-14,B6317,2026-08-14T20:30:00Z,2026-08-13T18:30:00Z,26,2h,false,2026-08-14T17:30:00Z,,0.1.0-prior-only,0.030687,0.046576,0.019168,0.932704,0.039032,0.048453,0.973351,0.030625,0.0061,0.002069,0.200000,no-alert,0.000000,0.130687,low,schedule_unverified;no_eligible_observations;prior_only,data/source_manifest.json,,,
b1e3a0303c6e6c93,2026-08-11T12:00:00Z,2026-08-13T20:30:00Z,2026-08-13T16:30:00-04:00,2026-08-14,B6317,2026-08-14T20:30:00Z,2026-08-13T20:30:00Z,24,2h,false,2026-08-14T17:30:00Z,,0.1.0-prior-only,0.030748,0.046653,0.019194,0.932694,0.039037,0.048460,0.973347,0.030687,0.0062,0.002069,0.200000,no-alert,0.000000,0.130748,low,schedule_unverified;no_eligible_observations;prior_only,data/source_manifest.json,,,
b316714cd9199e36,2026-08-11T12:00:00Z,2026-08-13T22:30:00Z,2026-08-13T18:30:00-04:00,2026-08-14,B6317,2026-08-14T20:30:00Z,2026-08-13T22:30:00Z,22,2h,false,2026-08-14T17:30:00Z,,0.1.0-prior-only,0.030810,0.046730,0.019220,0.932684,0.039043,0.048467,0.973343,0.030748,0.0062,0.002069,0.200000,no-alert,0.000000,0.130810,low,schedule_unverified;no_eligible_observations;prior_only,data/source_manifest.json,,,
0ab0a9cfc65d236e,2026-08-11T12:00:00Z,2026-08-14T00:30:00Z,2026-08-13T20:30:00-04:00,2026-08-14,B6317,2026-08-14T20:30:00Z,2026-08-14T00:30:00Z,20,2h,false,2026-08-14T17:30:00Z,,0.1.0-prior-only,0.030872,0.046807,0.019246,0.932675,0.039049,0.048474,0.973339,0.030810,0.0062,0.002069,0.200000,no-alert,0.000000,0.130872,low,schedule_unverified;no_eligible_observations;prior_only,data/source_manifest.json,,,
1baf3afe50406643,2026-08-11T12:00:00Z,2026-08-14T02:30:00Z,2026-08-13T22:30:00-04:00,2026-08-14,B6317,2026-08-14T20:30:00Z,2026-08-14T02:30:00Z,18,2h,false,2026-08-14T17:30:00Z,,0.1.0-prior-only,0.030934,0.046884,0.019272,0.932665,0.039055,0.048481,0.973335,0.030872,0.0062,0.002069,0.200000,no-alert,0.000000,0.130934,low,schedule_unverified;no_eligible_observations;prior_only,data/source_manifest.json,,,
3d35ba30d07355bc,2026-08-11T12:00:00Z,2026-08-14T04:30:00Z,2026-08-14T00:30:00-04:00,2026-08-14,B6317,2026-08-14T20:30:00Z,2026-08-14T04:30:00Z,16,2h,false,2026-08-14T17:30:00Z,,0.1.0-prior-only,0.030996,0.046961,0.019298,0.932655,0.039060,0.048489,0.973331,0.030934,0.0062,0.002069,0.200000,no-alert,0.000000,0.130996,low,schedule_unverified;no_eligible_observations;prior_only,data/source_manifest.json,,,
7995190e3cf4e365,2026-08-11T12:00:00Z,2026-08-14T06:30:00Z,2026-08-14T02:30:00-04:00,2026-08-14,B6317,2026-08-14T20:30:00Z,2026-08-14T06:30:00Z,14,2h,false,2026-08-14T17:30:00Z,,0.1.0-prior-only,0.031058,0.047038,0.019324,0.932645,0.039066,0.048496,0.973327,0.030996,0.0062,0.002069,0.200000,no-alert,0.000000,0.131058,low,schedule_unverified;no_eligible_observations;prior_only,data/source_manifest.json,,,
a204ef4e2aafbce9,2026-08-11T12:00:00Z,2026-08-14T08:30:00Z,2026-08-14T04:30:00-04:00,2026-08-14,B6317,2026-08-14T20:30:00Z,2026-08-14T08:30:00Z,12,2h,false,2026-08-14T17:30:00Z,,0.1.0-prior-only,0.031120,0.047115,0.019350,0.932635,0.039072,0.048503,0.973323,0.031058,0.0062,0.002069,0.200000,no-alert,0.000000,0.131120,low,schedule_unverified;no_eligible_observations;prior_only,data/source_manifest.json,,,
7403d4bd75cfb9de,2026-08-11T12:00:00Z,2026-08-14T10:30:00Z,2026-08-14T06:30:00-04:00,2026-08-14,B6317,2026-08-14T20:30:00Z,2026-08-14T10:30:00Z,10,2h,false,2026-08-14T17:30:00Z,,0.1.0-prior-only,0.031183,0.047193,0.019376,0.932625,0.039078,0.048510,0.973319,0.031120,0.0062,0.002069,0.200000,no-alert,0.000000,0.131183,low,schedule_unverified;no_eligible_observations;prior_only,data/source_manifest.json,,,
9e402fadb6ebc60d,2026-08-11T12:00:00Z,2026-08-14T12:30:00Z,2026-08-14T08:30:00-04:00,2026-08-14,B6317,2026-08-14T20:30:00Z,2026-08-14T12:30:00Z,8,2h,false,2026-08-14T17:30:00Z,,0.1.0-prior-only,0.031245,0.047270,0.019403,0.932615,0.039083,0.048517,0.973315,0.031183,0.0063,0.002069,0.200000,no-alert,0.000000,0.131245,low,schedule_unverified;no_eligible_observations;prior_only,data/source_manifest.json,,,
49401d372f308781,2026-08-11T12:00:00Z,2026-08-14T14:30:00Z,2026-08-14T10:30:00-04:00,2026-08-14,B6317,2026-08-14T20:30:00Z,2026-08-14T14:30:00Z,6,2h,false,2026-08-14T17:30:00Z,,0.1.0-prior-only,0.031308,0.047348,0.019429,0.932605,0.039089,0.048525,0.973311,0.031245,0.0063,0.002069,0.200000,no-alert,0.000000,0.131308,low,schedule_unverified;no_eligible_observations;prior_only,data/source_manifest.json,,,
0bf9137277bb7349,2026-08-11T12:00:00Z,2026-08-14T16:30:00Z,2026-08-14T12:30:00-04:00,2026-08-14,B6317,2026-08-14T20:30:00Z,2026-08-14T16:30:00Z,4,2h,true,2026-08-14T17:30:00Z,,0.1.0-prior-only,0.031371,0.047426,0.019455,0.932595,0.039095,0.048532,0.973307,0.031308,0.0063,0.002069,0.200000,no-alert,0.000000,0.131371,low,schedule_unverified;no_eligible_observations;prior_only,data/source_manifest.json,,,
3b59e8a5e6d9c709,2026-08-11T12:00:00Z,2026-08-10T02:15:00Z,2026-08-09T22:15:00-04:00,2026-08-14,SQ23,2026-08-15T02:15:00Z,2026-08-10T02:15:00Z,120,6h,false,2026-08-14T23:15:00Z,,0.1.0-prior-only,0.027923,0.043107,0.017986,0.933149,0.038774,0.048133,0.973527,,,,0.200000,no-alert,0.000000,0.117986,low,schedule_unverified;no_eligible_observations;prior_only,data/source_manifest.json,,,
e0824073b9bec0c9,2026-08-11T12:00:00Z,2026-08-10T08:15:00Z,2026-08-10T04:15:00-04:00,2026-08-14,SQ23,2026-08-15T02:15:00Z,2026-08-10T08:15:00Z,114,6h,false,2026-08-14T23:15:00Z,,0.1.0-prior-only,0.028092,0.043321,0.018059,0.933122,0.038789,0.048152,0.973516,0.017986,0.0073,0.004138,0.200000,no-alert,0.000000,0.118059,low,schedule_unverified;no_eligible_observations;prior_only,data/source_manifest.json,,,
dd869dc472d85fe5,2026-08-11T12:00:00Z,2026-08-10T14:15:00Z,2026-08-10T10:15:00-04:00,2026-08-14,SQ23,2026-08-15T02:15:00Z,2026-08-10T14:15:00Z,108,6h,false,2026-08-14T23:15:00Z,,0.1.0-prior-only,0.028262,0.043536,0.018133,0.933094,0.038805,0.048172,0.973505,0.018059,0.0074,0.004138,0.200000,no-alert,0.000000,0.118133,low,schedule_unverified;no_eligible_observations;prior_only,data/source_manifest.json,,,
160951e6b89cf86c,2026-08-11T12:00:00Z,2026-08-10T20:15:00Z,2026-08-10T16:15:00-04:00,2026-08-14,SQ23,2026-08-15T02:15:00Z,2026-08-10T20:15:00Z,102,6h,false,2026-08-14T23:15:00Z,,0.1.0-prior-only,0.028432,0.043752,0.018207,0.933067,0.038821,0.048192,0.973494,0.018133,0.0074,0.004138,0.200000,no-alert,0.000000,0.118207,low,schedule_unverified;no_eligible_observations;prior_only,data/source_manifest.json,,,
d1306a93a6c5350c,2026-08-11T12:00:00Z,2026-08-11T02:15:00Z,2026-08-10T22:15:00-04:00,2026-08-14,SQ23,2026-08-15T02:15:00Z,2026-08-11T02:15:00Z,96,6h,false,2026-08-14T23:15:00Z,,0.1.0-prior-only,0.028604,0.043969,0.018281,0.933039,0.038837,0.048212,0.973483,0.018207,0.0074,0.004138,0.200000,no-alert,0.000000,0.118281,low,schedule_unverified;no_eligible_observations;prior_only,data/source_manifest.json,,,
9140972977ece8d8,2026-08-11T12:00:00Z,2026-08-11T08:15:00Z,2026-08-11T04:15:00-04:00,2026-08-14,SQ23,2026-08-15T02:15:00Z,2026-08-11T08:15:00Z,90,6h,false,2026-08-14T23:15:00Z,,0.1.0-prior-only,0.028777,0.044187,0.018355,0.933011,0.038853,0.048232,0.973472,0.018281,0.0074,0.004138,0.200000,no-alert,0.000000,0.118355,low,schedule_unverified;no_eligible_observations;prior_only,data/source_manifest.json,,,
f2c6ff2ad29c2f2c,2026-08-11T12:00:00Z,2026-08-11T14:15:00Z,2026-08-11T10:15:00-04:00,2026-08-14,SQ23,2026-08-15T02:15:00Z,2026-08-11T14:15:00Z,84,6h,false,2026-08-14T23:15:00Z,,0.1.0-prior-only,0.028951,0.044406,0.018430,0.932983,0.038870,0.048252,0.973461,0.018355,0.0075,0.004138,0.200000,no-alert,0.000000,0.118430,low,schedule_unverified;no_eligible_observations;prior_only,data/source_manifest.json,,,
3f686ec179754f63,2026-08-11T12:00:00Z,2026-08-11T20:15:00Z,2026-08-11T16:15:00-04:00,2026-08-14,SQ23,2026-08-15T02:15:00Z,2026-08-11T20:15:00Z,78,6h,false,2026-08-14T23:15:00Z,,0.1.0-prior-only,0.029126,0.044626,0.018505,0.932955,0.038886,0.048272,0.973450,0.018430,0.0075,0.004138,0.200000,no-alert,0.000000,0.118505,low,schedule_unverified;no_eligible_observations;prior_only,data/source_manifest.json,,,
67aa8a90dd5f8595,2026-08-11T12:00:00Z,2026-08-12T02:15:00Z,2026-08-11T22:15:00-04:00,2026-08-14,SQ23,2026-08-15T02:15:00Z,2026-08-12T02:15:00Z,72,6h,false,2026-08-14T23:15:00Z,,0.1.0-prior-only,0.029302,0.044847,0.018580,0.932927,0.038902,0.048293,0.973439,0.018505,0.0075,0.004138,0.200000,no-alert,0.000000,0.118580,low,schedule_unverified;no_eligible_observations;prior_only,data/source_manifest.json,,,
be95e2faf6290c7c,2026-08-11T12:00:00Z,2026-08-12T08:15:00Z,2026-08-12T04:15:00-04:00,2026-08-14,SQ23,2026-08-15T02:15:00Z,2026-08-12T08:15:00Z,66,6h,false,2026-08-14T23:15:00Z,,0.1.0-prior-only,0.029479,0.045069,0.018656,0.932898,0.038919,0.048313,0.973428,0.018580,0.0076,0.004138,0.200000,no-alert,0.000000,0.118656,low,schedule_unverified;no_eligible_observations;prior_only,data/source_manifest.json,,,
c62250a9e0d1b532,2026-08-11T12:00:00Z,2026-08-12T14:15:00Z,2026-08-12T10:15:00-04:00,2026-08-14,SQ23,2026-08-15T02:15:00Z,2026-08-12T14:15:00Z,60,6h,false,2026-08-14T23:15:00Z,,0.1.0-prior-only,0.029658,0.045292,0.018732,0.932870,0.038936,0.048334,0.973416,0.018656,0.0076,0.004138,0.200000,no-alert,0.000000,0.118732,low,schedule_unverified;no_eligible_observations;prior_only,data/source_manifest.json,,,
b4fbabb3c6fa26ab,2026-08-11T12:00:00Z,2026-08-12T20:15:00Z,2026-08-12T16:15:00-04:00,2026-08-14,SQ23,2026-08-15T02:15:00Z,2026-08-12T20:15:00Z,54,6h,false,2026-08-14T23:15:00Z,,0.1.0-prior-only,0.029837,0.045516,0.018808,0.932841,0.038952,0.048355,0.973405,0.018732,0.0076,0.004138,0.200000,no-alert,0.000000,0.118808,low,schedule_unverified;no_eligible_observations;prior_only,data/source_manifest.json,,,
6ddaaba8df0265f1,2026-08-11T12:00:00Z,2026-08-13T02:15:00Z,2026-08-12T22:15:00-04:00,2026-08-14,SQ23,2026-08-15T02:15:00Z,2026-08-13T02:15:00Z,48,6h,false,2026-08-14T23:15:00Z,,0.1.0-prior-only,0.030017,0.045741,0.018885,0.932812,0.038969,0.048375,0.973393,0.018808,0.0077,0.004138,0.200000,no-alert,0.000000,0.118885,low,schedule_unverified;no_eligible_observations;prior_only,data/source_manifest.json,,,
3740bcab53cd95f0,2026-08-11T12:00:00Z,2026-08-13T04:15:00Z,2026-08-13T00:15:00-04:00,2026-08-14,SQ23,2026-08-15T02:15:00Z,2026-08-13T04:15:00Z,46,2h,false,2026-08-14T23:15:00Z,,0.1.0-prior-only,0.030077,0.045817,0.018910,0.932802,0.038975,0.048382,0.973390,0.018885,0.0026,0.001379,0.200000,no-alert,0.000000,0.118910,low,schedule_unverified;no_eligible_observations;prior_only,data/source_manifest.json,,,
4c5f1132e9ba06dd,2026-08-11T12:00:00Z,2026-08-13T06:15:00Z,2026-08-13T02:15:00-04:00,2026-08-14,SQ23,2026-08-15T02:15:00Z,2026-08-13T06:15:00Z,44,2h,false,2026-08-14T23:15:00Z,,0.1.0-prior-only,0.030138,0.045892,0.018936,0.932792,0.038980,0.048389,0.973386,0.018910,0.0026,0.001379,0.200000,no-alert,0.000000,0.118936,low,schedule_unverified;no_eligible_observations;prior_only,data/source_manifest.json,,,
b200571d07bb018b,2026-08-11T12:00:00Z,2026-08-13T08:15:00Z,2026-08-13T04:15:00-04:00,2026-08-14,SQ23,2026-08-15T02:15:00Z,2026-08-13T08:15:00Z,42,2h,false,2026-08-14T23:15:00Z,,0.1.0-prior-only,0.030198,0.045968,0.018961,0.932783,0.038986,0.048396,0.973382,0.018936,0.0026,0.001379,0.200000,no-alert,0.000000,0.118961,low,schedule_unverified;no_eligible_observations;prior_only,data/source_manifest.json,,,
a6305bb36a96e03a,2026-08-11T12:00:00Z,2026-08-13T10:15:00Z,2026-08-13T06:15:00-04:00,2026-08-14,SQ23,2026-08-15T02:15:00Z,2026-08-13T10:15:00Z,40,2h,false,2026-08-14T23:15:00Z,,0.1.0-prior-only,0.030259,0.046043,0.018987,0.932773,0.038992,0.048403,0.973378,0.018961,0.0026,0.001379,0.200000,no-alert,0.000000,0.118987,low,schedule_unverified;no_eligible_observations;prior_only,data/source_manifest.json,,,
cd4cacce77dcbc29,2026-08-11T12:00:00Z,2026-08-13T12:15:00Z,2026-08-13T08:15:00-04:00,2026-08-14,SQ23,2026-08-15T02:15:00Z,2026-08-13T12:15:00Z,38,2h,false,2026-08-14T23:15:00Z,,0.1.0-prior-only,0.030320,0.046119,0.019013,0.932763,0.038997,0.048410,0.973374,0.018987,0.0026,0.001379,0.200000,no-alert,0.000000,0.119013,low,schedule_unverified;no_eligible_observations;prior_only,data/source_manifest.json,,,
bf2c3618a75873b6,2026-08-11T12:00:00Z,2026-08-13T14:15:00Z,2026-08-13T10:15:00-04:00,2026-08-14,SQ23,2026-08-15T02:15:00Z,2026-08-13T14:15:00Z,36,2h,false,2026-08-14T23:15:00Z,,0.1.0-prior-only,0.030380,0.046195,0.019039,0.932753,0.039003,0.048418,0.973370,0.019013,0.0026,0.001379,0.200000,no-alert,0.000000,0.119039,low,schedule_unverified;no_eligible_observations;prior_only,data/source_manifest.json,,,
ce23b0bd5cbc2587,2026-08-11T12:00:00Z,2026-08-13T16:15:00Z,2026-08-13T12:15:00-04:00,2026-08-14,SQ23,2026-08-15T02:15:00Z,2026-08-13T16:15:00Z,34,2h,false,2026-08-14T23:15:00Z,,0.1.0-prior-only,0.030441,0.046271,0.019064,0.932744,0.039009,0.048425,0.973366,0.019039,0.0026,0.001379,0.200000,no-alert,0.000000,0.119064,low,schedule_unverified;no_eligible_observations;prior_only,data/source_manifest.json,,,
f1de3df26e2cefc5,2026-08-11T12:00:00Z,2026-08-13T18:15:00Z,2026-08-13T14:15:00-04:00,2026-08-14,SQ23,2026-08-15T02:15:00Z,2026-08-13T18:15:00Z,32,2h,false,2026-08-14T23:15:00Z,,0.1.0-prior-only,0.030503,0.046347,0.019090,0.932734,0.039014,0.048432,0.973363,0.019064,0.0026,0.001379,0.200000,no-alert,0.000000,0.119090,low,schedule_unverified;no_eligible_observations;prior_only,data/source_manifest.json,,,
b102d403529e30b1,2026-08-11T12:00:00Z,2026-08-13T20:15:00Z,2026-08-13T16:15:00-04:00,2026-08-14,SQ23,2026-08-15T02:15:00Z,2026-08-13T20:15:00Z,30,2h,false,2026-08-14T23:15:00Z,,0.1.0-prior-only,0.030564,0.046424,0.019116,0.932724,0.039020,0.048439,0.973359,0.019090,0.0026,0.001379,0.200000,no-alert,0.000000,0.119116,low,schedule_unverified;no_eligible_observations;prior_only,data/source_manifest.json,,,
be7427451796a675,2026-08-11T12:00:00Z,2026-08-13T22:15:00Z,2026-08-13T18:15:00-04:00,2026-08-14,SQ23,2026-08-15T02:15:00Z,2026-08-13T22:15:00Z,28,2h,false,2026-08-14T23:15:00Z,,0.1.0-prior-only,0.030625,0.046500,0.019142,0.932714,0.039026,0.048446,0.973355,0.019116,0.0026,0.001379,0.200000,no-alert,0.000000,0.119142,low,schedule_unverified;no_eligible_observations;prior_only,data/source_manifest.json,,,
a630b492ff03a453,2026-08-11T12:00:00Z,2026-08-14T00:15:00Z,2026-08-13T20:15:00-04:00,2026-08-14,SQ23,2026-08-15T02:15:00Z,2026-08-14T00:15:00Z,26,2h,false,2026-08-14T23:15:00Z,,0.1.0-prior-only,0.030687,0.046576,0.019168,0.932704,0.039032,0.048453,0.973351,0.019142,0.0026,0.001379,0.200000,no-alert,0.000000,0.119168,low,schedule_unverified;no_eligible_observations;prior_only,data/source_manifest.json,,,
14063d135e3ba35b,2026-08-11T12:00:00Z,2026-08-14T02:15:00Z,2026-08-13T22:15:00-04:00,2026-08-14,SQ23,2026-08-15T02:15:00Z,2026-08-14T02:15:00Z,24,2h,false,2026-08-14T23:15:00Z,,0.1.0-prior-only,0.030748,0.046653,0.019194,0.932694,0.039037,0.048460,0.973347,0.019168,0.0026,0.001379,0.200000,no-alert,0.000000,0.119194,low,schedule_unverified;no_eligible_observations;prior_only,data/source_manifest.json,,,
e98c4380901ab852,2026-08-11T12:00:00Z,2026-08-14T04:15:00Z,2026-08-14T00:15:00-04:00,2026-08-14,SQ23,2026-08-15T02:15:00Z,2026-08-14T04:15:00Z,22,2h,false,2026-08-14T23:15:00Z,,0.1.0-prior-only,0.030810,0.046730,0.019220,0.932684,0.039043,0.048467,0.973343,0.019194,0.0026,0.001379,0.200000,no-alert,0.000000,0.119220,low,schedule_unverified;no_eligible_observations;prior_only,data/source_manifest.json,,,
cdcec1df86fbf090,2026-08-11T12:00:00Z,2026-08-14T06:15:00Z,2026-08-14T02:15:00-04:00,2026-08-14,SQ23,2026-08-15T02:15:00Z,2026-08-14T06:15:00Z,20,2h,false,2026-08-14T23:15:00Z,,0.1.0-prior-only,0.030872,0.046807,0.019246,0.932675,0.039049,0.048474,0.973339,0.019220,0.0026,0.001379,0.200000,no-alert,0.000000,0.119246,low,schedule_unverified;no_eligible_observations;prior_only,data/source_manifest.json,,,
5e16f4ba0f9274e1,2026-08-11T12:00:00Z,2026-08-14T08:15:00Z,2026-08-14T04:15:00-04:00,2026-08-14,SQ23,2026-08-15T02:15:00Z,2026-08-14T08:15:00Z,18,2h,false,2026-08-14T23:15:00Z,,0.1.0-prior-only,0.030934,0.046884,0.019272,0.932665,0.039055,0.048481,0.973335,0.019246,0.0026,0.001379,0.200000,no-alert,0.000000,0.119272,low,schedule_unverified;no_eligible_observations;prior_only,data/source_manifest.json,,,
99a2cc322a12c55f,2026-08-11T12:00:00Z,2026-08-14T10:15:00Z,2026-08-14T06:15:00-04:00,2026-08-14,SQ23,2026-08-15T02:15:00Z,2026-08-14T10:15:00Z,16,2h,false,2026-08-14T23:15:00Z,,0.1.0-prior-only,0.030996,0.046961,0.019298,0.932655,0.039060,0.048489,0.973331,0.019272,0.0026,0.001379,0.200000,no-alert,0.000000,0.119298,low,schedule_unverified;no_eligible_observations;prior_only,data/source_manifest.json,,,
4cf23ee26964ac8f,2026-08-11T12:00:00Z,2026-08-14T12:15:00Z,2026-08-14T08:15:00-04:00,2026-08-14,SQ23,2026-08-15T02:15:00Z,2026-08-14T12:15:00Z,14,2h,false,2026-08-14T23:15:00Z,,0.1.0-prior-only,0.031058,0.047038,0.019324,0.932645,0.039066,0.048496,0.973327,0.019298,0.0026,0.001379,0.200000,no-alert,0.000000,0.119324,low,schedule_unverified;no_eligible_observations;prior_only,data/source_manifest.json,,,
9aa5cd3e7db82dcc,2026-08-11T12:00:00Z,2026-08-14T14:15:00Z,2026-08-14T10:15:00-04:00,2026-08-14,SQ23,2026-08-15T02:15:00Z,2026-08-14T14:15:00Z,12,2h,false,2026-08-14T23:15:00Z,,0.1.0-prior-only,0.031120,0.047115,0.019350,0.932635,0.039072,0.048503,0.973323,0.019324,0.0026,0.001379,0.200000,no-alert,0.000000,0.119350,low,schedule_unverified;no_eligible_observations;prior_only,data/source_manifest.json,,,
7a6e66b26ac3ff37,2026-08-11T12:00:00Z,2026-08-14T16:15:00Z,2026-08-14T12:15:00-04:00,2026-08-14,SQ23,2026-08-15T02:15:00Z,2026-08-14T16:15:00Z,10,2h,false,2026-08-14T23:15:00Z,,0.1.0-prior-only,0.031183,0.047193,0.019376,0.932625,0.039078,0.048510,0.973319,0.019350,0.0026,0.001379,0.200000,no-alert,0.000000,0.119376,low,schedule_unverified;no_eligible_observations;prior_only,data/source_manifest.json,,,
0aeed59baff04fe7,2026-08-11T12:00:00Z,2026-08-14T18:15:00Z,2026-08-14T14:15:00-04:00,2026-08-14,SQ23,2026-08-15T02:15:00Z,2026-08-14T18:15:00Z,8,2h,false,2026-08-14T23:15:00Z,,0.1.0-prior-only,0.031245,0.047270,0.019403,0.932615,0.039083,0.048517,0.973315,0.019376,0.0026,0.001379,0.200000,no-alert,0.000000,0.119403,low,schedule_unverified;no_eligible_observations;prior_only,data/source_manifest.json,,,
fba632ef098c2dbb,2026-08-11T12:00:00Z,2026-08-14T20:15:00Z,2026-08-14T16:15:00-04:00,2026-08-14,SQ23,2026-08-15T02:15:00Z,2026-08-14T20:15:00Z,6,2h,false,2026-08-14T23:15:00Z,,0.1.0-prior-only,0.031308,0.047348,0.019429,0.932605,0.039089,0.048525,0.973311,0.019403,0.0026,0.001379,0.200000,no-alert,0.000000,0.119429,low,schedule_unverified;no_eligible_observations;prior_only,data/source_manifest.json,,,
b91b194ba637c63e,2026-08-11T12:00:00Z,2026-08-14T22:15:00Z,2026-08-14T18:15:00-04:00,2026-08-14,SQ23,2026-08-15T02:15:00Z,2026-08-14T22:15:00Z,4,2h,true,2026-08-14T23:15:00Z,,0.1.0-prior-only,0.031371,0.047426,0.019455,0.932595,0.039095,0.048532,0.973307,0.019429,0.0026,0.001379,0.200000,no-alert,0.000000,0.119455,low,schedule_unverified;no_eligible_observations;prior_only,data/source_manifest.json,,,
a7bedd61472d841a,2026-08-11T12:00:00Z,2026-08-09T20:30:00Z,2026-08-09T16:30:00-04:00,2026-08-14,PAIR,2026-08-14T20:30:00Z,2026-08-09T20:30:00Z,120,6h,false,2026-08-14T17:30:00Z,,0.1.0-prior-only,0.027923,0.043107,0.017986,0.933149,0.038774,0.048133,0.973527,,,,0.200000,no-alert,0.000000,0.166851,low,schedule_unverified;no_eligible_observations;prior_only,data/source_manifest.json,,,
c85b58389ff6560b,2026-08-11T12:00:00Z,2026-08-10T02:30:00Z,2026-08-09T22:30:00-04:00,2026-08-14,PAIR,2026-08-14T20:30:00Z,2026-08-10T02:30:00Z,114,6h,false,2026-08-14T17:30:00Z,,0.1.0-prior-only,0.028092,0.043321,0.018059,0.933122,0.038789,0.048152,0.973516,0.066851,0.0027,0.000437,0.200000,no-alert,0.000000,0.166878,low,schedule_unverified;no_eligible_observations;prior_only,data/source_manifest.json,,,
19bf5c9d9dfe6127,2026-08-11T12:00:00Z,2026-08-10T08:30:00Z,2026-08-10T04:30:00-04:00,2026-08-14,PAIR,2026-08-14T20:30:00Z,2026-08-10T08:30:00Z,108,6h,false,2026-08-14T17:30:00Z,,0.1.0-prior-only,0.028262,0.043536,0.018133,0.933094,0.038805,0.048172,0.973505,0.066878,0.0027,0.000439,0.200000,no-alert,0.000000,0.166906,low,schedule_unverified;no_eligible_observations;prior_only,data/source_manifest.json,,,
07c2e3e7cceebb93,2026-08-11T12:00:00Z,2026-08-10T14:30:00Z,2026-08-10T10:30:00-04:00,2026-08-14,PAIR,2026-08-14T20:30:00Z,2026-08-10T14:30:00Z,102,6h,false,2026-08-14T17:30:00Z,,0.1.0-prior-only,0.028432,0.043752,0.018207,0.933067,0.038821,0.048192,0.973494,0.066906,0.0028,0.000441,0.200000,no-alert,0.000000,0.166933,low,schedule_unverified;no_eligible_observations;prior_only,data/source_manifest.json,,,
2912c4b2dce59d8e,2026-08-11T12:00:00Z,2026-08-10T20:30:00Z,2026-08-10T16:30:00-04:00,2026-08-14,PAIR,2026-08-14T20:30:00Z,2026-08-10T20:30:00Z,96,6h,false,2026-08-14T17:30:00Z,,0.1.0-prior-only,0.028604,0.043969,0.018281,0.933039,0.038837,0.048212,0.973483,0.066933,0.0028,0.000444,0.200000,no-alert,0.000000,0.166961,low,schedule_unverified;no_eligible_observations;prior_only,data/source_manifest.json,,,
89ae361c8560bd0f,2026-08-11T12:00:00Z,2026-08-11T02:30:00Z,2026-08-10T22:30:00-04:00,2026-08-14,PAIR,2026-08-14T20:30:00Z,2026-08-11T02:30:00Z,90,6h,false,2026-08-14T17:30:00Z,,0.1.0-prior-only,0.028777,0.044187,0.018355,0.933011,0.038853,0.048232,0.973472,0.066961,0.0028,0.000446,0.200000,no-alert,0.000000,0.166989,low,schedule_unverified;no_eligible_observations;prior_only,data/source_manifest.json,,,
ba1261f0da8f9978,2026-08-11T12:00:00Z,2026-08-11T08:30:00Z,2026-08-11T04:30:00-04:00,2026-08-14,PAIR,2026-08-14T20:30:00Z,2026-08-11T08:30:00Z,84,6h,false,2026-08-14T17:30:00Z,,0.1.0-prior-only,0.028951,0.044406,0.018430,0.932983,0.038870,0.048252,0.973461,0.066989,0.0028,0.000448,0.200000,no-alert,0.000000,0.167017,low,schedule_unverified;no_eligible_observations;prior_only,data/source_manifest.json,,,
f1afc662f2727fbb,2026-08-11T12:00:00Z,2026-08-11T14:30:00Z,2026-08-11T10:30:00-04:00,2026-08-14,PAIR,2026-08-14T20:30:00Z,2026-08-11T14:30:00Z,78,6h,false,2026-08-14T17:30:00Z,,0.1.0-prior-only,0.029126,0.044626,0.018505,0.932955,0.038886,0.048272,0.973450,0.067017,0.0028,0.000451,0.200000,no-alert,0.000000,0.167045,low,schedule_unverified;no_eligible_observations;prior_only,data/source_manifest.json,,,
e1a2813750bb2e69,2026-08-11T12:00:00Z,2026-08-11T20:30:00Z,2026-08-11T16:30:00-04:00,2026-08-14,PAIR,2026-08-14T20:30:00Z,2026-08-11T20:30:00Z,72,6h,false,2026-08-14T17:30:00Z,,0.1.0-prior-only,0.029302,0.044847,0.018580,0.932927,0.038902,0.048293,0.973439,0.067045,0.0028,0.000453,0.200000,no-alert,0.000000,0.167073,low,schedule_unverified;no_eligible_observations;prior_only,data/source_manifest.json,,,
78ef90e8f390dbe8,2026-08-11T12:00:00Z,2026-08-12T02:30:00Z,2026-08-11T22:30:00-04:00,2026-08-14,PAIR,2026-08-14T20:30:00Z,2026-08-12T02:30:00Z,66,6h,false,2026-08-14T17:30:00Z,,0.1.0-prior-only,0.029479,0.045069,0.018656,0.932898,0.038919,0.048313,0.973428,0.067073,0.0028,0.000455,0.200000,no-alert,0.000000,0.167102,low,schedule_unverified;no_eligible_observations;prior_only,data/source_manifest.json,,,
e0241f2ec50e9b26,2026-08-11T12:00:00Z,2026-08-12T08:30:00Z,2026-08-12T04:30:00-04:00,2026-08-14,PAIR,2026-08-14T20:30:00Z,2026-08-12T08:30:00Z,60,6h,false,2026-08-14T17:30:00Z,,0.1.0-prior-only,0.029658,0.045292,0.018732,0.932870,0.038936,0.048334,0.973416,0.067102,0.0029,0.000457,0.200000,no-alert,0.000000,0.167130,low,schedule_unverified;no_eligible_observations;prior_only,data/source_manifest.json,,,
7de83d87f2460278,2026-08-11T12:00:00Z,2026-08-12T14:30:00Z,2026-08-12T10:30:00-04:00,2026-08-14,PAIR,2026-08-14T20:30:00Z,2026-08-12T14:30:00Z,54,6h,false,2026-08-14T17:30:00Z,,0.1.0-prior-only,0.029837,0.045516,0.018808,0.932841,0.038952,0.048355,0.973405,0.067130,0.0029,0.000460,0.200000,no-alert,0.000000,0.167159,low,schedule_unverified;no_eligible_observations;prior_only,data/source_manifest.json,,,
8780e8137cf114f5,2026-08-11T12:00:00Z,2026-08-12T20:30:00Z,2026-08-12T16:30:00-04:00,2026-08-14,PAIR,2026-08-14T20:30:00Z,2026-08-12T20:30:00Z,48,6h,false,2026-08-14T17:30:00Z,,0.1.0-prior-only,0.030017,0.045741,0.018885,0.932812,0.038969,0.048375,0.973393,0.067159,0.0029,0.000462,0.200000,no-alert,0.000000,0.167188,low,schedule_unverified;no_eligible_observations;prior_only,data/source_manifest.json,,,
fab7a9d4eaedc78e,2026-08-11T12:00:00Z,2026-08-12T22:30:00Z,2026-08-12T18:30:00-04:00,2026-08-14,PAIR,2026-08-14T20:30:00Z,2026-08-12T22:30:00Z,46,2h,false,2026-08-14T17:30:00Z,,0.1.0-prior-only,0.030077,0.045817,0.018910,0.932802,0.038975,0.048382,0.973390,0.067188,0.0010,0.000155,0.200000,no-alert,0.000000,0.167198,low,schedule_unverified;no_eligible_observations;prior_only,data/source_manifest.json,,,
ba09e67e697cd452,2026-08-11T12:00:00Z,2026-08-13T00:30:00Z,2026-08-12T20:30:00-04:00,2026-08-14,PAIR,2026-08-14T20:30:00Z,2026-08-13T00:30:00Z,44,2h,false,2026-08-14T17:30:00Z,,0.1.0-prior-only,0.030138,0.045892,0.018936,0.932792,0.038980,0.048389,0.973386,0.067198,0.0010,0.000155,0.200000,no-alert,0.000000,0.167208,low,schedule_unverified;no_eligible_observations;prior_only,data/source_manifest.json,,,
43bc712235a3941c,2026-08-11T12:00:00Z,2026-08-13T02:30:00Z,2026-08-12T22:30:00-04:00,2026-08-14,PAIR,2026-08-14T20:30:00Z,2026-08-13T02:30:00Z,42,2h,false,2026-08-14T17:30:00Z,,0.1.0-prior-only,0.030198,0.045968,0.018961,0.932783,0.038986,0.048396,0.973382,0.067208,0.0010,0.000155,0.200000,no-alert,0.000000,0.167217,low,schedule_unverified;no_eligible_observations;prior_only,data/source_manifest.json,,,
87a58dedcb77ca04,2026-08-11T12:00:00Z,2026-08-13T04:30:00Z,2026-08-13T00:30:00-04:00,2026-08-14,PAIR,2026-08-14T20:30:00Z,2026-08-13T04:30:00Z,40,2h,false,2026-08-14T17:30:00Z,,0.1.0-prior-only,0.030259,0.046043,0.018987,0.932773,0.038992,0.048403,0.973378,0.067217,0.0010,0.000155,0.200000,no-alert,0.000000,0.167227,low,schedule_unverified;no_eligible_observations;prior_only,data/source_manifest.json,,,
f02846338d9dc01a,2026-08-11T12:00:00Z,2026-08-13T06:30:00Z,2026-08-13T02:30:00-04:00,2026-08-14,PAIR,2026-08-14T20:30:00Z,2026-08-13T06:30:00Z,38,2h,false,2026-08-14T17:30:00Z,,0.1.0-prior-only,0.030320,0.046119,0.019013,0.932763,0.038997,0.048410,0.973374,0.067227,0.0010,0.000156,0.200000,no-alert,0.000000,0.167237,low,schedule_unverified;no_eligible_observations;prior_only,data/source_manifest.json,,,
b851fddc90481359,2026-08-11T12:00:00Z,2026-08-13T08:30:00Z,2026-08-13T04:30:00-04:00,2026-08-14,PAIR,2026-08-14T20:30:00Z,2026-08-13T08:30:00Z,36,2h,false,2026-08-14T17:30:00Z,,0.1.0-prior-only,0.030380,0.046195,0.019039,0.932753,0.039003,0.048418,0.973370,0.067237,0.0010,0.000156,0.200000,no-alert,0.000000,0.167247,low,schedule_unverified;no_eligible_observations;prior_only,data/source_manifest.json,,,
26456fff79bf5910,2026-08-11T12:00:00Z,2026-08-13T10:30:00Z,2026-08-13T06:30:00-04:00,2026-08-14,PAIR,2026-08-14T20:30:00Z,2026-08-13T10:30:00Z,34,2h,false,2026-08-14T17:30:00Z,,0.1.0-prior-only,0.030441,0.046271,0.019064,0.932744,0.039009,0.048425,0.973366,0.067247,0.0010,0.000156,0.200000,no-alert,0.000000,0.167256,low,schedule_unverified;no_eligible_observations;prior_only,data/source_manifest.json,,,
36a0c05b0c0bc0f3,2026-08-11T12:00:00Z,2026-08-13T12:30:00Z,2026-08-13T08:30:00-04:00,2026-08-14,PAIR,2026-08-14T20:30:00Z,2026-08-13T12:30:00Z,32,2h,false,2026-08-14T17:30:00Z,,0.1.0-prior-only,0.030503,0.046347,0.019090,0.932734,0.039014,0.048432,0.973363,0.067256,0.0010,0.000156,0.200000,no-alert,0.000000,0.167266,low,schedule_unverified;no_eligible_observations;prior_only,data/source_manifest.json,,,
429bea4335d959a5,2026-08-11T12:00:00Z,2026-08-13T14:30:00Z,2026-08-13T10:30:00-04:00,2026-08-14,PAIR,2026-08-14T20:30:00Z,2026-08-13T14:30:00Z,30,2h,false,2026-08-14T17:30:00Z,,0.1.0-prior-only,0.030564,0.046424,0.019116,0.932724,0.039020,0.048439,0.973359,0.067266,0.0010,0.000157,0.200000,no-alert,0.000000,0.167276,low,schedule_unverified;no_eligible_observations;prior_only,data/source_manifest.json,,,
824d72818270bcd4,2026-08-11T12:00:00Z,2026-08-13T16:30:00Z,2026-08-13T12:30:00-04:00,2026-08-14,PAIR,2026-08-14T20:30:00Z,2026-08-13T16:30:00Z,28,2h,false,2026-08-14T17:30:00Z,,0.1.0-prior-only,0.030625,0.046500,0.019142,0.932714,0.039026,0.048446,0.973355,0.067276,0.0010,0.000157,0.200000,no-alert,0.000000,0.167286,low,schedule_unverified;no_eligible_observations;prior_only,data/source_manifest.json,,,
8e4bae85bac80912,2026-08-11T12:00:00Z,2026-08-13T18:30:00Z,2026-08-13T14:30:00-04:00,2026-08-14,PAIR,2026-08-14T20:30:00Z,2026-08-13T18:30:00Z,26,2h,false,2026-08-14T17:30:00Z,,0.1.0-prior-only,0.030687,0.046576,0.019168,0.932704,0.039032,0.048453,0.973351,0.067286,0.0010,0.000157,0.200000,no-alert,0.000000,0.167296,low,schedule_unverified;no_eligible_observations;prior_only,data/source_manifest.json,,,
b473819e93e59894,2026-08-11T12:00:00Z,2026-08-13T20:30:00Z,2026-08-13T16:30:00-04:00,2026-08-14,PAIR,2026-08-14T20:30:00Z,2026-08-13T20:30:00Z,24,2h,false,2026-08-14T17:30:00Z,,0.1.0-prior-only,0.030748,0.046653,0.019194,0.932694,0.039037,0.048460,0.973347,0.067296,0.0010,0.000157,0.200000,no-alert,0.000000,0.167306,low,schedule_unverified;no_eligible_observations;prior_only,data/source_manifest.json,,,
5732cd7ca3c773ab,2026-08-11T12:00:00Z,2026-08-13T22:30:00Z,2026-08-13T18:30:00-04:00,2026-08-14,PAIR,2026-08-14T20:30:00Z,2026-08-13T22:30:00Z,22,2h,false,2026-08-14T17:30:00Z,,0.1.0-prior-only,0.030810,0.046730,0.019220,0.932684,0.039043,0.048467,0.973343,0.067306,0.0010,0.000158,0.200000,no-alert,0.000000,0.167316,low,schedule_unverified;no_eligible_observations;prior_only,data/source_manifest.json,,,
30a2af67434843e5,2026-08-11T12:00:00Z,2026-08-14T00:30:00Z,2026-08-13T20:30:00-04:00,2026-08-14,PAIR,2026-08-14T20:30:00Z,2026-08-14T00:30:00Z,20,2h,false,2026-08-14T17:30:00Z,,0.1.0-prior-only,0.030872,0.046807,0.019246,0.932675,0.039049,0.048474,0.973339,0.067316,0.0010,0.000158,0.200000,no-alert,0.000000,0.167325,low,schedule_unverified;no_eligible_observations;prior_only,data/source_manifest.json,,,
424405861a613b40,2026-08-11T12:00:00Z,2026-08-14T02:30:00Z,2026-08-13T22:30:00-04:00,2026-08-14,PAIR,2026-08-14T20:30:00Z,2026-08-14T02:30:00Z,18,2h,false,2026-08-14T17:30:00Z,,0.1.0-prior-only,0.030934,0.046884,0.019272,0.932665,0.039055,0.048481,0.973335,0.067325,0.0010,0.000158,0.200000,no-alert,0.000000,0.167335,low,schedule_unverified;no_eligible_observations;prior_only,data/source_manifest.json,,,
069631a87afdadd9,2026-08-11T12:00:00Z,2026-08-14T04:30:00Z,2026-08-14T00:30:00-04:00,2026-08-14,PAIR,2026-08-14T20:30:00Z,2026-08-14T04:30:00Z,16,2h,false,2026-08-14T17:30:00Z,,0.1.0-prior-only,0.030996,0.046961,0.019298,0.932655,0.039060,0.048489,0.973331,0.067335,0.0010,0.000159,0.200000,no-alert,0.000000,0.167345,low,schedule_unverified;no_eligible_observations;prior_only,data/source_manifest.json,,,
671da5f4d2a3bde5,2026-08-11T12:00:00Z,2026-08-14T06:30:00Z,2026-08-14T02:30:00-04:00,2026-08-14,PAIR,2026-08-14T20:30:00Z,2026-08-14T06:30:00Z,14,2h,false,2026-08-14T17:30:00Z,,0.1.0-prior-only,0.031058,0.047038,0.019324,0.932645,0.039066,0.048496,0.973327,0.067345,0.0010,0.000159,0.200000,no-alert,0.000000,0.167355,low,schedule_unverified;no_eligible_observations;prior_only,data/source_manifest.json,,,
94a8bff3330b24b6,2026-08-11T12:00:00Z,2026-08-14T08:30:00Z,2026-08-14T04:30:00-04:00,2026-08-14,PAIR,2026-08-14T20:30:00Z,2026-08-14T08:30:00Z,12,2h,false,2026-08-14T17:30:00Z,,0.1.0-prior-only,0.031120,0.047115,0.019350,0.932635,0.039072,0.048503,0.973323,0.067355,0.0010,0.000159,0.200000,no-alert,0.000000,0.167365,low,schedule_unverified;no_eligible_observations;prior_only,data/source_manifest.json,,,
fae00bd9dace819b,2026-08-11T12:00:00Z,2026-08-14T10:30:00Z,2026-08-14T06:30:00-04:00,2026-08-14,PAIR,2026-08-14T20:30:00Z,2026-08-14T10:30:00Z,10,2h,false,2026-08-14T17:30:00Z,,0.1.0-prior-only,0.031183,0.047193,0.019376,0.932625,0.039078,0.048510,0.973319,0.067365,0.0010,0.000159,0.200000,no-alert,0.000000,0.167375,low,schedule_unverified;no_eligible_observations;prior_only,data/source_manifest.json,,,
266202bde4928f66,2026-08-11T12:00:00Z,2026-08-14T12:30:00Z,2026-08-14T08:30:00-04:00,2026-08-14,PAIR,2026-08-14T20:30:00Z,2026-08-14T12:30:00Z,8,2h,false,2026-08-14T17:30:00Z,,0.1.0-prior-only,0.031245,0.047270,0.019403,0.932615,0.039083,0.048517,0.973315,0.067375,0.0010,0.000160,0.200000,no-alert,0.000000,0.167385,low,schedule_unverified;no_eligible_observations;prior_only,data/source_manifest.json,,,
c7ca74b54caadce6,2026-08-11T12:00:00Z,2026-08-14T14:30:00Z,2026-08-14T10:30:00-04:00,2026-08-14,PAIR,2026-08-14T20:30:00Z,2026-08-14T14:30:00Z,6,2h,false,2026-08-14T17:30:00Z,,0.1.0-prior-only,0.031308,0.047348,0.019429,0.932605,0.039089,0.048525,0.973311,0.067385,0.0010,0.000160,0.200000,no-alert,0.000000,0.167395,low,schedule_unverified;no_eligible_observations;prior_only,data/source_manifest.json,,,
9e1a9de021cba96d,2026-08-11T12:00:00Z,2026-08-14T16:30:00Z,2026-08-14T12:30:00-04:00,2026-08-14,PAIR,2026-08-14T20:30:00Z,2026-08-14T16:30:00Z,4,2h,true,2026-08-14T17:30:00Z,,0.1.0-prior-only,0.031371,0.047426,0.019455,0.932595,0.039095,0.048532,0.973307,0.067395,0.0010,0.000160,0.200000,no-alert,0.000000,0.167405,low,schedule_unverified;no_eligible_observations;prior_only,data/source_manifest.json,,,
